{"type":"FeatureCollection","features":[{"type":"Feature","id":141,"geometry":{"type":"LineString","coordinates":[[-78.305956144624403,44.289332541392291],[-78.306071305050565,44.289027560902049],[-78.307185547481225,44.287255382915674],[-78.307562032315104,44.28659658699231],[-78.309874180872072,44.282357794843783],[-78.309963548869788,44.282194443811157],[-78.310001577250716,44.282123658286935],[-78.310174608045799,44.281799678065987],[-78.310393273257318,44.281396741383958],[-78.310608135900239,44.281027834216879],[-78.310663277187331,44.280835893117526],[-78.310663277187331,44.280699764083785],[-78.310591022994075,44.280555466976558],[-78.310073831443958,44.279462336079241],[-78.309646008789898,44.278601974810442],[-78.309393116867753,44.278057436079742],[-78.308896841690711,44.277074530085045],[-78.308812227577477,44.276913717106837],[-78.30856999955607,44.276529999709922],[-78.30758999956484,44.274439999906519],[-78.307285848874258,44.273858870625702],[-78.307100000018394,44.273850000200035],[-78.306600000426201,44.273979999946455],[-78.306400000409639,44.274100000199233],[-78.30629999995223,44.274220000207023],[-78.305869999781919,44.274789999952908],[-78.305639999628156,44.274960000307566],[-78.305380000235459,44.275090000171254],[-78.305089999807251,44.275179999809431],[-78.299549999618534,44.276459999753335],[-78.298359999565037,44.276739999722636],[-78.29803999989791,44.276870000150737],[-78.297779999606917,44.277060000258999],[-78.295429999637122,44.279189999942332],[-78.294340000041046,44.280220000091532],[-78.293990000236676,44.280510000197765],[-78.293689999762705,44.280710000124479],[-78.293440000415771,44.280850000118299],[-78.293250000444971,44.280910000013549],[-78.293099999758823,44.280959999879407],[-78.292469999571978,44.281099999920613],[-78.292820000274673,44.281859999835731],[-78.292879999650808,44.282070000092659],[-78.292830000320407,44.282280000242075],[-78.292640000349621,44.282470000220449],[-78.292299999692673,44.282580000163954],[-78.288440000002254,44.283519999817088],[-78.288110000289365,44.283629999723914],[-78.28783999995261,44.283819999837881],[-78.286870000007141,44.284699999764001],[-78.27911000044331,44.291700000169833],[-78.278959999757177,44.291889999901954],[-78.278949999711443,44.291899999938487],[-78.278880000289561,44.292120000311975],[-78.278910000426791,44.292339999861348],[-78.278999999940154,44.292579999715855],[-78.279270000276895,44.293080000013433],[-78.279569999852541,44.293810000133284],[-78.279559999806807,44.293929999751398],[-78.279529999669577,44.294029999781671],[-78.279480000339177,44.294159999887924],[-78.279410000018984,44.294260000169544],[-78.279300000414125,44.294350000020181],[-78.279169999819473,44.29443999973288],[-78.279020000031636,44.294499999893347],[-78.27886000019808,44.294540000180632],[-78.278690000318761,44.294579999797691],[-78.278539999632613,44.294590000019156],[-78.278379999799029,44.294579999797691],[-78.27781999993239,44.294529999950647],[-78.276849999986922,44.29438000015405],[-78.276619999833144,44.294410000272599],[-78.276470000045336,44.294430000128806],[-78.276969999637515,44.294799999776288],[-78.277330000385945,44.295120000319777],[-78.277369999670611,44.295160000184694],[-78.277450000036552,44.295220000252549],[-78.278739999649162,44.294909999778028],[-78.279369999836007,44.294760000309132],[-78.280709999677356,44.294480000060986],[-78.282750000025729,44.294009999789239],[-78.28287999972207,44.293980000109343],[-78.28306999969287,44.293940000083609],[-78.283190000241774,44.29390999972491],[-78.283825552017078,44.29367005995956],[-78.284777221839178,44.293444134457779],[-78.285554434341535,44.293275710831367],[-78.286281734650075,44.293094527163547],[-78.287130250928101,44.292890376425582],[-78.287968071864356,44.292647946020274],[-78.288467437245956,44.292412830034714],[-78.288719377852232,44.292324363346502],[-78.289864993944192,44.29189904250196],[-78.290654091157762,44.291592809252244],[-78.291029624675744,44.291461808724769],[-78.291452694343633,44.291330808548118],[-78.292503239034119,44.291063702417915],[-78.297038168150337,44.289923809943858],[-78.297263964188573,44.28987106811671],[-78.297370920301248,44.289843846779632],[-78.29752541166549,44.289804715241495],[-78.297957989102358,44.289706037160457],[-78.298430971862373,44.289607358270587],[-78.298830273904471,44.289532498423384],[-78.299053692102149,44.28949166585614],[-78.299210561306964,44.289459339946461],[-78.299405458892693,44.289415104394543],[-78.300068584455659,44.28930961977926],[-78.300562958797528,44.289253475100502],[-78.301159534469306,44.289221149059685],[-78.304686702058746,44.289212641696231],[-78.305444469628469,44.289262431296642],[-78.305744896802196,44.289301902718485],[-78.306035817105254,44.289344096721479],[-78.306488358701003,44.289495177458015],[-78.307258441274939,44.289767395092198],[-78.307749012149912,44.289941612815689],[-78.308283316606179,44.290133524807665],[-78.309222626508301,44.290461542901888],[-78.309493581754168,44.290516665950676],[-78.309742669311106,44.290550692712515],[-78.309981300478128,44.290558859080996],[-78.31023324108439,44.290554775896872],[-78.310496886738818,44.290522549597618],[-78.310648051641564,44.29049192569105],[-78.311653436226081,44.290246933220864],[-78.315343414477624,44.289353723588576],[-78.315471761273841,44.289323099072618],[-78.315600108070058,44.289282266359805],[-78.315985149357033,44.289190392009139],[-78.316327089476673,44.289106232030164],[-78.316495780510621,44.289072086112625],[-78.316940248048581,44.288940476792298],[-78.31731673198415,44.2888302276844],[-78.317499270548211,44.288788033312258],[-78.317586736812473,44.288962254583772],[-78.317821088405466,44.289484744893919],[-78.318121159846342,44.290086598055659],[-78.31870932189716,44.291337702286299],[-78.319068907623929,44.292107164664657],[-78.319094363184135,44.292279367994773],[-78.319154970719723,44.293021972394065],[-78.319236970735489,44.294073340683845],[-78.319276187587519,44.294632191509095],[-78.319382145671938,44.295885222954141],[-78.319397404455344,44.296114779505785],[-78.319418796037198,44.296349539902749],[-78.319443752134106,44.296683817799632],[-78.319503837748513,44.297133192084722],[-78.319593204847934,44.298054521933572],[-78.319604613452029,44.298209663558147],[-78.319617923789593,44.298551244878624],[-78.319617923789593,44.2986328980301],[-78.319635036695757,44.299222154457588],[-78.319668312090513,44.299547399654173],[-78.319703963529207,44.300028119973028],[-78.319743893643562,44.300545579416763],[-78.319743893643562,44.300602734243277],[-78.319756728772361,44.300720105908972],[-78.319768137376457,44.300841559166358],[-78.319770989527484,44.300937497752663],[-78.319792380211041,44.301239599831732],[-78.319852224178632,44.302038133427551],[-78.321619999961641,44.301959999725646],[-78.322080000269167,44.301939999862533],[-78.322979999894443,44.301909999733624],[-78.323039965134612,44.301909117679166],[-78.323135037434398,44.303206967353098],[-78.323137413478321,44.303326034233578],[-78.323145824404321,44.303403694886114],[-78.323164838145615,44.30364046727815],[-78.323168641612526,44.303741163721931],[-78.323206669993453,44.30439432415595],[-78.323214276028963,44.304477329491512],[-78.323134415800212,44.304488215186069],[-78.322183696395669,44.304538562702525],[-78.321776789216372,44.304563055969012],[-78.321672210045946,44.304544005865793],[-78.321075158267092,44.304573942290553],[-78.320113031156765,44.304614764371131],[-78.319953309800923,44.304620206884458],[-78.319820209120223,44.304625650040151],[-78.318962661180322,44.304671915236241],[-78.318923473074378,44.30464504083632],[-78.318913966203709,44.304578704653792],[-78.318821270846186,44.3035785529649],[-78.318811763975532,44.303447579174936],[-78.318833155557385,44.303306399992522],[-78.318864053111582,44.3031958371255],[-78.319001907676778,44.302595393804062],[-78.319118370660092,44.302098705072503],[-78.319123124544589,44.301892884532322],[-78.319018545374163,44.301488044470602],[-78.318892575520181,44.301035573203123],[-78.318892575520181,44.300930109459721],[-78.318953968183337,44.300884649450246],[-78.319051820768905,44.300853562909793],[-78.319500000145624,44.300840000113205],[-78.3195870253371,44.300797672929505],[-78.319659999979194,44.300700000186268],[-78.319743893643562,44.300569053405773]]},"properties":{"OBJECTID":141,"line_name":"10 Technology Drive","ScheduleLink":"https://www.peterborough.ca/living-in-peterborough/transit/routes-and-schedules/route-10-technology-drive/","Shape.STLength()":16713.224099115047,"variant":"10","Note":null}},{"type":"Feature","id":142,"geometry":{"type":"MultiLineString","coordinates":[[[-78.348741849679826,44.299824744912456],[-78.348742219785706,44.299825467554143],[-78.348705141822364,44.300768528572057],[-78.348516898956262,44.300948157157315],[-78.347230576148092,44.301300609474893],[-78.346974020896226,44.301121499506863],[-78.346364898454894,44.301030203005865],[-78.345012544981756,44.300750877494423],[-78.345009596711009,44.30127041550525],[-78.345113941421133,44.301519601278663],[-78.345294135382304,44.301891934973483],[-78.345414080235656,44.302198155018459],[-78.345467515622019,44.302314727593966],[-78.345567061531924,44.302390280900056],[-78.345645496134338,44.302669921984702],[-78.34567544416926,44.302799536517711],[-78.345814259931814,44.303647857158637],[-78.345883651194256,44.304180372262763],[-78.345885163058853,44.30447130581156],[-78.345842387979985,44.304917386247837],[-78.345841345934261,44.304920591567004],[-78.345199348746775,44.306896063471662],[-78.345077917181612,44.307277693862346],[-78.345047969146677,44.307380765135008],[-78.34498664745044,44.307705285016581],[-78.344939587407652,44.308088991626853],[-78.344902509444296,44.308379831879293],[-78.344888248689159,44.308492085254194],[-78.344844874433988,44.30890533331619],[-78.344835483446005,44.309108455790891],[-78.34487256140936,44.309335001121134],[-78.344893952991214,44.309405413159574],[-78.344960978091194,44.309616650696555],[-78.345018022010038,44.309699307957544],[-78.344811240611435,44.309749310957486],[-78.344478963669303,44.309828906970104],[-78.343510657048142,44.310060551483268],[-78.343154086965782,44.310137383647849],[-78.342218579632259,44.310339434160589],[-78.341854929927166,44.310418009243584],[-78.341492705848395,44.3104925017808],[-78.341310168182673,44.310531278847868],[-78.340759701237815,44.310648630663565],[-78.340216366017998,44.310769043900045],[-78.339252337174216,44.310991500414922],[-78.338881556642392,44.311078238139771],[-78.338335368373222,44.311196609620467],[-78.337871893382172,44.311304775867029],[-78.337461182735936,44.311400696711345],[-78.33705189771608,44.311494576534869],[-78.335342030031256,44.311901728473856],[-78.33512384002853,44.311952749700112],[-78.334124676277341,44.312202175526153],[-78.333198634491978,44.31244357259515],[-78.33176542545678,44.312818064870456],[-78.331210680734529,44.312960922604404],[-78.329627734219542,44.313385410837739],[-78.328533932054881,44.313659897894347],[-78.328285094229599,44.313976903207106],[-78.327843009922091,44.314872799739462],[-78.327796424189771,44.315046262945629],[-78.327762198377442,44.315253738728806],[-78.327817340562845,44.315348973089726],[-78.327851566375173,44.315387746948034],[-78.328007484264091,44.315545562875187],[-78.32804171007642,44.315580935828862],[-78.328195726231883,44.315729228320535],[-78.328798482312806,44.316342802140824],[-78.329257679526464,44.316812840882896],[-78.329498211528644,44.31706248450579],[-78.330013501345292,44.317586935115202],[-78.330247377729506,44.317820249651419],[-78.330656186642244,44.318246063368669],[-78.331059292151281,44.318650107222922],[-78.331499474725334,44.3191038033316],[-78.332108885525869,44.319723463599857],[-78.332772487195925,44.320402973399261],[-78.333073864787224,44.320690010881748],[-78.333504540490637,44.321195385011919],[-78.334175748196202,44.321934732276958],[-78.33501808496338,44.32281826449254],[-78.335108786060985,44.322915915856576],[-78.334400000030456,44.323273383358824]],[[-78.343133335882726,44.310141865296032],[-78.342842040083852,44.309498752354287],[-78.342832057106108,44.309379867696961],[-78.342890000238555,44.309250000281274],[-78.343004612692397,44.30915077119726],[-78.343475931772517,44.308984943972547]],[[-78.334400000030456,44.323273383358824],[-78.334373000266282,44.323287000097103],[-78.334400000030456,44.323259999904025],[-78.334400000030456,44.323273383358824]],[[-78.334400000030456,44.323273383358824],[-78.334400000030456,44.323299999876184],[-78.334400000030456,44.32333999982108],[-78.334410000076204,44.323369999922505],[-78.334440000213434,44.323409999819674],[-78.334490000442145,44.323460000134745],[-78.334549999818279,44.32352999999015],[-78.334590000001256,44.323580000202995],[-78.334670000367197,44.323649999915162],[-78.33479000001779,44.323789999731694],[-78.334929999759879,44.323929999856759],[-78.335070000400293,44.324079999987234]],[[-78.318249236249684,44.323404622029443],[-78.31847999997143,44.323430000079341],[-78.319350000357801,44.322989999860596],[-78.320199999754365,44.322560000153764],[-78.320999999820529,44.322169999965851],[-78.32214999969105,44.321559999977161],[-78.322959999802961,44.32113000007211],[-78.323779999960621,44.32070000022901],[-78.324137367746957,44.32048209286615],[-78.324183577085165,44.320402530582932],[-78.324154824707861,44.320338676944374],[-78.323990000022903,44.320269999805127],[-78.323473215409621,44.320076346266866],[-78.323232208198675,44.319988601878215],[-78.322590473319266,44.319778422282596],[-78.321540879046353,44.319421319750901],[-78.320900569793295,44.319210118146593],[-78.320566868123137,44.31909686465027],[-78.319886628755697,44.318865255803942],[-78.319584299848515,44.318768326533323],[-78.319065207463268,44.318595894317021],[-78.31903811157936,44.318504066473892],[-78.319099433275596,44.318423461593966],[-78.320052053515283,44.316977659397004],[-78.320579999695951,44.316170000290867],[-78.320652432653944,44.316053225128464],[-78.320703771372436,44.315949149052209],[-78.320739422811116,44.315852214964409],[-78.320765093068673,44.315769565726228],[-78.3207679452197,44.315734873553616],[-78.320773649521755,44.315663448427813],[-78.320765093068673,44.31557467675745],[-78.320694406435592,44.314601769322756],[-78.320615972731503,44.313399749774412],[-78.32052898167602,44.31215280647325],[-78.320454825749323,44.310836446561495],[-78.320403487030831,44.310287444110195],[-78.320403487030831,44.310153764288835],[-78.320392078426707,44.309927222118837],[-78.320379243297936,44.309649655890418],[-78.320380669822612,44.309529241000149],[-78.320367834693826,44.309466992206382],[-78.32035072178769,44.309139420967391],[-78.320340738809918,44.308899609002026],[-78.320316495975348,44.308579177654586],[-78.32029510439348,44.308334260644074],[-78.320249469977043,44.307629098287983],[-78.320200983409592,44.307125989035228],[-78.320116844505137,44.305903405146523],[-78.320027002196952,44.304770604813392],[-78.320011314917124,44.304671611160323],[-78.319979999646336,44.304679999925511],[-78.32327892508502,44.304524955113536],[-78.323252557734804,44.304058362112585],[-78.323238094858738,44.30384141512306],[-78.323230000139702,44.303720000215407],[-78.323200000002473,44.303320000149412],[-78.323359999836057,44.30331000012891],[-78.324319999735778,44.303260000000847],[-78.325450000413156,44.303209999830251],[-78.326069999655928,44.303179999707424],[-78.32649999982624,44.303160000259908],[-78.326630000420892,44.303150000212156],[-78.326709999888536,44.303150000212156],[-78.327740000108463,44.303089999889892],[-78.328859999841754,44.303050000283847],[-78.329039999766835,44.303040000217351],[-78.329150000269991,44.303040000217351],[-78.329300000057827,44.303030000149157],[-78.329659999907932,44.303010000007653],[-78.329869999970214,44.302979999782664],[-78.330199999683103,44.302909999840871],[-78.330670000036392,44.302779999819414],[-78.331179999674319,44.302650000152994],[-78.331700000256319,44.302499999883402],[-78.332179999757031,44.302370000239854],[-78.332660000156039,44.302240000308409],[-78.333179999839729,44.302099999862477],[-78.333680000330233,44.301959999725646],[-78.333850000209551,44.301919999992606],[-78.334179999922426,44.301830000172131],[-78.334701883373256,44.301699136274344],[-78.335161883680811,44.301579136460241],[-78.335664890832575,44.301442953275902],[-78.336110504620834,44.30133556862701],[-78.336221738510901,44.3013126047668],[-78.336345807529725,44.301272290212701],[-78.337159385631409,44.301052858381574],[-78.337821798830333,44.300876802114246],[-78.337983658176555,44.300834956495606],[-78.338255326684774,44.300761471999103],[-78.339145911965872,44.300518053143833],[-78.339338844936066,44.300463538034307],[-78.3394752729766,44.300411485874676],[-78.339534692939367,44.300381547327326],[-78.33959940487749,44.30035985670623],[-78.339688534821661,44.300353222478527],[-78.339816882516203,44.300372614042971],[-78.340079280410706,44.300322093224402],[-78.341784015122002,44.299894244484463],[-78.34188954471,44.29989118226176],[-78.342010191147608,44.299907206370598],[-78.342100746718145,44.299933742835471],[-78.34286358258268,44.300199695735401],[-78.343156938218499,44.300292562239292],[-78.343893355528834,44.300492866416022],[-78.344258973442749,44.300604092071552],[-78.344394451065682,44.300640323958682],[-78.344830000129505,44.300719999828878],[-78.345027610627398,44.30075276443376]],[[-78.318249236249684,44.323404622029443],[-78.318930199659221,44.32407183892375],[-78.318892627622461,44.324166928514138],[-78.318150000258555,44.324569999754267],[-78.317570000300407,44.324879999775142],[-78.317499999980214,44.324909999731695],[-78.317130000084347,44.325129999801085],[-78.316980000296539,44.325290000209691],[-78.31688999988485,44.325390000163118],[-78.316859999747621,44.325460000286135],[-78.316829999610391,44.325639999943476],[-78.316829999610391,44.325650000015372],[-78.316829999610391,44.325839999771809],[-78.316829999610391,44.325970000129985],[-78.316940000113561,44.326200000057959],[-78.317019999581191,44.326380000015121]],[[-78.335000000080086,44.324010000145485],[-78.335070000400293,44.324079999987234]],[[-78.335070000400293,44.324079999987234],[-78.335180000005138,44.324200000072544],[-78.335590000083968,44.324629999969098],[-78.335650000358427,44.324699999713701],[-78.33497999998859,44.325019999869546],[-78.334800000063538,44.325099999957082],[-78.334230000151152,44.32550000004349],[-78.333660000238766,44.326429999726713],[-78.332100000289387,44.328690000025219],[-78.332080000197905,44.328709999769963],[-78.331890000227105,44.329160000256046],[-78.33186000008989,44.329389999885244],[-78.33186000008989,44.329619999897744],[-78.332040000014942,44.330059999867132],[-78.33220999989426,44.330240000188404],[-78.332830000035358,44.330849999882048],[-78.332949999685965,44.330940000184683],[-78.332999999914676,44.330970000254815],[-78.333240000114188,44.331089999739476],[-78.333919999631433,44.331279999867213],[-78.334040000180337,44.331300000013918]],[[-78.317022234589601,44.32637329675385],[-78.317019999581191,44.326380000015121]],[[-78.317022234589601,44.32637329675385],[-78.317180238366632,44.326412442477896]],[[-78.317019999581191,44.326380000015121],[-78.317017000106461,44.326371999928817],[-78.317022234589601,44.32637329675385]],[[-78.317180238366632,44.326412442477896],[-78.317022999954233,44.326370999998254],[-78.317022234589601,44.32637329675385]],[[-78.317180238366632,44.326412442477896],[-78.317796000256223,44.326564999699016],[-78.317796000256223,44.326569999977636],[-78.317794689614232,44.326574391688418]],[[-78.317794689614232,44.326574391688418],[-78.317180238366632,44.326412442477896]],[[-78.317794689614232,44.326574391688418],[-78.317740497846387,44.326756007983043]],[[-78.317740497846387,44.326756007983043],[-78.317797000081129,44.326575000255822],[-78.317794689614232,44.326574391688418]],[[-78.317740497846387,44.326756007983043],[-78.317686109347505,44.326938281761002]],[[-78.317686109347505,44.326938281761002],[-78.317684000103228,44.326936999728744],[-78.317740497846387,44.326756007983043]],[[-78.317686109347505,44.326938281761002],[-78.317684999928133,44.326941999975695],[-78.317786499673772,44.326999310961817]],[[-78.317786499673772,44.326999310961817],[-78.317686109347505,44.326938281761002]],[[-78.317786499673772,44.326999310961817],[-78.317975863637358,44.327106233526479]],[[-78.317975863637358,44.327106233526479],[-78.31796199993758,44.327106000255093],[-78.317786499673772,44.326999310961817]],[[-78.317975863637358,44.327106233526479],[-78.31821100035792,44.32723900012541],[-78.318319000312954,44.327111999762906],[-78.317975863637358,44.327106233526479]],[[-78.334040000180337,44.331300000013918],[-78.334148266036706,44.331213247842157],[-78.334288496645826,44.33097097568897],[-78.334400206642982,44.330798409696236],[-78.334582031046367,44.330618191968171],[-78.334805450142383,44.330459225874023],[-78.335606431168827,44.330051182910033],[-78.336409788239209,44.32964058665543],[-78.336710453466495,44.329437412512917],[-78.336949320890426,44.329207034579483],[-78.337517502612684,44.328553390719897],[-78.3377789500896,44.328246498487331],[-78.338116455226682,44.327884346442801],[-78.338393352828191,44.327609755633169],[-78.338607264155215,44.327460983572699],[-78.338664307175748,44.327426978201935],[-78.338892480156233,44.327305409016894],[-78.339088565314768,44.327226346948471],[-78.339150659562151,44.327222181488636],[-78.339226717222303,44.32723238307328],[-78.339305150926393,44.327274889764055],[-78.339413295510198,44.327387106996881],[-78.339623642322181,44.327601339942412],[-78.339842307533686,44.327809620865629],[-78.340011059653079,44.327964343266608],[-78.339999999595307,44.32803000012499],[-78.339710000065395,44.328350000108294],[-78.339570000323306,44.328480000044671],[-78.339469999865869,44.32860000012559],[-78.339320000078047,44.328760000065827],[-78.339239999712106,44.328859999887172],[-78.339200000427439,44.328899999896514],[-78.338945999984233,44.329205999997001],[-78.339606000308322,44.329492000314993],[-78.339715999913167,44.32959700019412],[-78.339940000219144,44.329479999857853],[-78.340219999703322,44.329780000268528],[-78.340680000010863,44.330279999899169],[-78.340722733767237,44.330322733784449],[-78.340019299899168,44.330683313798268],[-78.339833196820081,44.330781753367837],[-78.339340486158108,44.331037287824017],[-78.338807846280048,44.331308122159918],[-78.338636003956083,44.331400440165787],[-78.338489117729054,44.331473886303485],[-78.338342944764321,44.331538662122149],[-78.338175380217749,44.331603947428583],[-78.337868060270836,44.33169116424358],[-78.337613505567106,44.331733498064558],[-78.337348967885589,44.331760530341398],[-78.337137195447255,44.331766140618434],[-78.336897613862675,44.331756959580709],[-78.336285826119891,44.331689124081869],[-78.335887237340103,44.331648831034578],[-78.335025885933305,44.331525910916639],[-78.334246534542274,44.33129996145945],[-78.334040000180337,44.331300000013918]],[[-78.334040000180337,44.331300000013918],[-78.333907160909391,44.331544599489654],[-78.333801631321379,44.331681970985258],[-78.333528774342042,44.331916589785749],[-78.33277960814118,44.332315098905177],[-78.33126130978394,44.333080148324434],[-78.331163386231452,44.333130471312721],[-78.331041694154862,44.333195754847132],[-78.330181693814225,44.333645754971812],[-78.329452724435896,44.334031837089121],[-78.329362724922547,44.334081837345977],[-78.329199999600391,44.334209999755799],[-78.329004556737289,44.334401231807306],[-78.328943711148156,44.334467874184675],[-78.328763023113581,44.334484487701161],[-78.328501575636665,44.334384184551986],[-78.327310978203485,44.33400917131145],[-78.326436791667916,44.333760280256428],[-78.325864519017841,44.333596200915167],[-78.325658926090355,44.333536698210018],[-78.325357072391938,44.333450843778195],[-78.32487220581902,44.333291885361838],[-78.324420000193214,44.333050000260734],[-78.323939999794177,44.332760000014609],[-78.323610661241347,44.332464501858219],[-78.323492296524563,44.332376775998206],[-78.323348262448533,44.332365554917942],[-78.322710746057709,44.332669796243167],[-78.320694271688296,44.333829089388793],[-78.32059943744207,44.333891822521117],[-78.320324916782823,44.334042788624274],[-78.319749494639368,44.334370731025018],[-78.319560000420083,44.334490000051474],[-78.319249999900364,44.334659999808245],[-78.318873882477419,44.334834845722604],[-78.318254964806229,44.335021510531774],[-78.317894964057814,44.335071510587355],[-78.317318744210382,44.335135753627931],[-78.316729773675817,44.3351163729061],[-78.316078984676679,44.334993116942549],[-78.315794266342323,44.334914407708148],[-78.315487659657734,44.334809345384649],[-78.315392112149183,44.334786904795344],[-78.315430000392908,44.334699999717181],[-78.315630000409456,44.334369999813099],[-78.315859999664895,44.333809999951647],[-78.316010000351056,44.33315999991251],[-78.31602000039679,44.333019999969423],[-78.316160000138879,44.332129999767488],[-78.31621000036759,44.331440000207529],[-78.316180000230375,44.331100000167417],[-78.315990000259575,44.33008999974485],[-78.31580000028876,44.329479999857853],[-78.315699999831352,44.329129999902648],[-78.315610000317974,44.32880000014336],[-78.315299999798256,44.327749999832065],[-78.315279999706775,44.327690000238007],[-78.314949999993885,44.326620000169918],[-78.314800000206077,44.325839999771809],[-78.314790000160315,44.32550000004349],[-78.314899999765174,44.324810000245321],[-78.315550000043515,44.322910000108941],[-78.315610000317974,44.322760000200219],[-78.315729999968568,44.322409999992828],[-78.315740000014316,44.322400000011299],[-78.315960000122345,44.32227000009641],[-78.316519999988984,44.322079999702616],[-78.316560000171961,44.322060000268088],[-78.316725709697465,44.3219711855753],[-78.316870924159801,44.322003014792067],[-78.318249236249684,44.323404622029443]]]},"properties":{"OBJECTID":142,"line_name":"22 CB Blue","ScheduleLink":"https://www.peterborough.ca/living-in-peterborough/transit/routes-and-schedules/route-22-community-bus-blue/","Shape.STLength()":22667.066981973974,"variant":"22","Note":null}},{"type":"Feature","id":143,"geometry":{"type":"MultiLineString","coordinates":[[[-78.348823166077636,44.2998440974334],[-78.348774139622705,44.300799884536346],[-78.348590000260828,44.300990000123647],[-78.347259999566916,44.301320000083564],[-78.347172050907346,44.301233599606995],[-78.347060709219448,44.301167348290448],[-78.347028238715183,44.301151329025899],[-78.346926545831764,44.30111808246437],[-78.346796037688961,44.30108042297806],[-78.34624814262078,44.300986239761187],[-78.34494919938119,44.300711260754788],[-78.344937976728346,44.300896448740211],[-78.344947562650745,44.301132961223963],[-78.344958230144741,44.30121963958328],[-78.344983286852965,44.301281967842662],[-78.345014304781415,44.301359123305943],[-78.345209514980851,44.301734336919054],[-78.345300271774008,44.301921013197742],[-78.345398054290996,44.302199018424638],[-78.345410000087654,44.302343401872676],[-78.345440000224869,44.302443402361675],[-78.345519999692513,44.302723401924723],[-78.345558532028306,44.302843505476297],[-78.345708758191577,44.303570051538522],[-78.345786970011801,44.304099797852359],[-78.345796476882455,44.304369225878482],[-78.34575401172232,44.304912567982917],[-78.345099798345316,44.306909662796876],[-78.34498428577956,44.30728333990843],[-78.344948158233791,44.307407161297647],[-78.344843769506184,44.308112053760532],[-78.344791837001296,44.308512766207613],[-78.344731228567383,44.309018329427616],[-78.344730040096266,44.309203716194858],[-78.3447490547359,44.309361038999725],[-78.344769999855046,44.309443401568906],[-78.344860000266721,44.309713401598074],[-78.344880000358231,44.309773401578717],[-78.344789999946542,44.309793401987186],[-78.344446012566365,44.30987382330752],[-78.344327306489788,44.309916108592859],[-78.343130000438066,44.310173402024915],[-78.342057331140452,44.310415516451044],[-78.341772116037745,44.310475893039261],[-78.341264669411842,44.31058133963397],[-78.340565367794085,44.3107368216235],[-78.34054000026876,44.310673401641786],[-78.340459999902833,44.310503401787123],[-78.340279999977767,44.310103401661529],[-78.339869999898951,44.309223401817235],[-78.339072193518717,44.307483494238049],[-78.336299999738443,44.308193401771319],[-78.335207521690492,44.30846725164421],[-78.335111974181928,44.308494804402713],[-78.334779698138121,44.308582566621446],[-78.33265341460671,44.309123420591433],[-78.33251074956317,44.309164067233169],[-78.331769999678187,44.307937000265554],[-78.331649000202688,44.307921000204665],[-78.330376000308505,44.307963999795923],[-78.330409490400612,44.309307599175888],[-78.329791275211988,44.309321392715567],[-78.329279999966332,44.309333401796152],[-78.32816982420897,44.309377518850894],[-78.327455359029216,44.309404051035187],[-78.327024683325831,44.309420378527243],[-78.32589808187349,44.309460176448646],[-78.32476862737181,44.309494872973474],[-78.32362000012705,44.309523401683258],[-78.323200000002473,44.309543401534086],[-78.321399999853611,44.309603401688513],[-78.32086000007844,44.309623401512084],[-78.320310000257535,44.309643401971663],[-78.320300000211773,44.309533401930899],[-78.32029000016604,44.309193401553493],[-78.320280000120306,44.308993401545798],[-78.320249999983076,44.308633401743087],[-78.320239999937343,44.308383402134531],[-78.320183472549772,44.307642790011499],[-78.320150000423965,44.307153401641536],[-78.320057502695789,44.305921520100533],[-78.319969560324409,44.304781916030414],[-78.319955299569287,44.304703402189091],[-78.323208955307535,44.304506059286361],[-78.323137413478321,44.303326034233578],[-78.323090000397627,44.301900000115857],[-78.323010000031687,44.300590000101316],[-78.322927007377515,44.299609840914314],[-78.322873594449035,44.298775510614767],[-78.322840000152368,44.298189999959654],[-78.322779999877909,44.297449999904671],[-78.32271999960345,44.296539999736552],[-78.322660000227302,44.295770000053665],[-78.322569999815613,44.294769999856975],[-78.322409999982057,44.293329999851849],[-78.3217299995665,44.291920000006492],[-78.321429999990826,44.291353402722045],[-78.321399999853611,44.291283403064938],[-78.321349999624886,44.291183402858849],[-78.321040000003507,44.290553403046772],[-78.320819999895463,44.290113402599395],[-78.320549999558722,44.289543402964632],[-78.32026000002881,44.288883403211734],[-78.320009999783551,44.288373403204375],[-78.319954629426078,44.288233717583587],[-78.322439571622894,44.28763397136909],[-78.322240000102752,44.287183402900155],[-78.322030000040456,44.286753403199256],[-78.321749999657968,44.286123402813558],[-78.321440000036588,44.285443402878762],[-78.321040000003507,44.284583403150357],[-78.320710000290603,44.283873403054635],[-78.320470000091092,44.283343403512553],[-78.320409999816633,44.283213403258671],[-78.320117479614041,44.282564061362145],[-78.320231566553446,44.282509952107461],[-78.32371690139675,44.281656441590187],[-78.32738620132875,44.280764121970101],[-78.326956952150027,44.279838096712815],[-78.327029681552048,44.27977887970949],[-78.329901803924528,44.279101962254437],[-78.330661903520735,44.278922266200112],[-78.333129018650723,44.278347440428348],[-78.333319999581818,44.27830340360444],[-78.333890000392515,44.278173403774971],[-78.333949999768649,44.278163403330936],[-78.334342314714476,44.279034576539622],[-78.334433583547352,44.279166285231646],[-78.334574765472354,44.279289825051151],[-78.334754450987063,44.279405197336061],[-78.334889999576902,44.279483403496663],[-78.334959999897109,44.279573403480498],[-78.334979423270198,44.279689690396928],[-78.334955654746082,44.279800297524091],[-78.334956843217199,44.279992582869141],[-78.334998437011492,44.280198480171535],[-78.335230175405329,44.280720027789663],[-78.335344261446409,44.280968462776151],[-78.335338319090809,44.28105524485958],[-78.335329145495137,44.281121969697487],[-78.334338021665744,44.281418047991941],[-78.332883421048692,44.281848549791611],[-78.33278999985238,44.28201340345867],[-78.332717045871547,44.282182059389278],[-78.332674263606123,44.282245017526151],[-78.332593452061488,44.282411771114774],[-78.332520000413965,44.282563403462049],[-78.332419999956542,44.282723403525161],[-78.332339999590602,44.282853403577157],[-78.332240000031476,44.283003403230211],[-78.332670000201787,44.283143403546966],[-78.3329927541036,44.28323021843142],[-78.333399999947744,44.283293403102675],[-78.333586953731427,44.283313593886717],[-78.333556055278919,44.283453120143484],[-78.333453853050713,44.283898921030271],[-78.333392056145698,44.284104804642894],[-78.333337390067399,44.284530182572652],[-78.333339766111322,44.284681616526541],[-78.333349273880302,44.284785407852041],[-78.333394433087932,44.28488579579794],[-78.333418200713709,44.284957259018391],[-78.333563185207325,44.284945348487696],[-78.333931588796915,44.284850064798228],[-78.334188283287673,44.284785407852041],[-78.334395064686291,44.284739467177815],[-78.334597092200426,44.284691825506997],[-78.334794366728389,44.284647586364628],[-78.334989263415807,44.284598243012837],[-78.335245957906565,44.284533585789475],[-78.335616738438389,44.284446808844024],[-78.33585204134728,44.284383853066714],[-78.336108734939714,44.284317493992795],[-78.33677186140099,44.284149044194024],[-78.337066584272677,44.284069073168148],[-78.33731614793669,44.283999310491069],[-78.337515799406901,44.283943160736442],[-78.337796261523451,44.283873397909844],[-78.338100491265777,44.283800232384436],[-78.338918109989606,44.283618169311218],[-78.339345933541992,44.283526286101193],[-78.339847437812267,44.283425895832053],[-78.340225348272526,44.283334012321255],[-78.34049867956233,44.28323021843142],[-78.340947894696569,44.283112811806859],[-78.341228356813119,44.283036242673894],[-78.341639542668119,44.282935850924275],[-78.341801164859092,44.282898417082784]],[[-78.348823190332169,44.299843615243816],[-78.348823150806297,44.299843313714568]]]},"properties":{"OBJECTID":143,"line_name":"23 CB Red","ScheduleLink":"https://www.peterborough.ca/living-in-peterborough/transit/routes-and-schedules/route-23-community-bus-red/","Shape.STLength()":14622.741480158045,"variant":"23","Note":null}},{"type":"Feature","id":144,"geometry":{"type":"MultiLineString","coordinates":[[[-78.34281133746407,44.288858413407766],[-78.34159999972762,44.286150000168405],[-78.34034868426609,44.283228216456997],[-78.34138259125919,44.282952565852156],[-78.341539459565695,44.282915131378246],[-78.341886471573417,44.282830054342938],[-78.342763510260028,44.282595239259685],[-78.343127159965135,44.282499951758403],[-78.343650055817307,44.282357019895187],[-78.343818807936685,44.282302570243829],[-78.343923387107111,44.282273643082306],[-78.344239501560637,44.282203878916299],[-78.34483815323901,44.282034719489715],[-78.345419279684535,44.281891787137759],[-78.345684292574816,44.2818228727186],[-78.345831654010652,44.281788841543772],[-78.346459129033235,44.281642504566392],[-78.347160283875439,44.28148255558159],[-78.347364688331808,44.281431507230089],[-78.347680802785362,44.281354935905867],[-78.348641029060531,44.281126921112076],[-78.349237604732309,44.28098909104169],[-78.349758123642204,44.280873381652711],[-78.35010513564994,44.280801914107464],[-78.350269999860771,44.280770000162697],[-78.350390351650958,44.280747462371743],[-78.350651896145919,44.28067743463982],[-78.354227069704166,44.279879718046459],[-78.35613374119977,44.2794068238452],[-78.356105219689496,44.279713120628585],[-78.356038669798309,44.279924124136159],[-78.35590556911761,44.280087480838041],[-78.351932892842768,44.28337129282739],[-78.351248375697963,44.28400596328683],[-78.35107962268026,44.284167607663569],[-78.350898985849682,44.284327549981278],[-78.350185947194589,44.284989433709157],[-78.349753369757721,44.285389282771476],[-78.348862071214285,44.286205987689584],[-78.348705202009469,44.2863591182359],[-78.348327291549239,44.286709616396784],[-78.347747352676535,44.287277895059944],[-78.347584754915175,44.287439712418063],[-78.347533416196683,44.287490754905804],[-78.347427885710374,44.287601007171013],[-78.347283851634344,44.287749030178283],[-78.347184026348387,44.287850093407236],[-78.346699159775469,44.288351326178542],[-78.34647241331966,44.288550389504962],[-78.34623283263339,44.288741284893653],[-78.345419967794044,44.289321112738648],[-78.344655589522148,44.28990399824638],[-78.343981054456776,44.290439920634718],[-78.343697264980435,44.290442982707333],[-78.343573195961582,44.290427671056825],[-78.343482783223195,44.290374322668285],[-78.343160726414027,44.289636789172462],[-78.342972959655043,44.289197837723435],[-78.34281133746407,44.288858413407766]],[[-78.342815759870206,44.288867702115652],[-78.341449230981922,44.289197786280553],[-78.34040153844245,44.289449588991218],[-78.33927018310564,44.28974222240079],[-78.338239603472346,44.289998105357427],[-78.337331055478842,44.290235556830162],[-78.335831054905611,44.29061555743862],[-78.33608044339816,44.291141089290441],[-78.33234768288122,44.292067446928314],[-78.332679246561014,44.292769223718729],[-78.332832549454125,44.293126488424463],[-78.33145000001106,44.293469999990926],[-78.330009999712303,44.293839999900079],[-78.327520000000433,44.294480000060986],[-78.326770000162995,44.294669999800881],[-78.326069999655928,44.294860000211969],[-78.325950000005335,44.294890000085303]],[[-78.325950000005335,44.294890000085303],[-78.325939999959601,44.294860000211969],[-78.325879999685142,44.294750000116565],[-78.325689999714328,44.29438000015405],[-78.325679999668594,44.294339999757781],[-78.325450000413156,44.293830000193836],[-78.325549999972253,44.29379999977899],[-78.326420000358624,44.29359000030378],[-78.32702000040824,44.293449999807784],[-78.328320000066597,44.293119999981926],[-78.328459999808686,44.293089999847339],[-78.330969999612037,44.292479999788497],[-78.331179999674319,44.292430000082462],[-78.33234768288122,44.292067446928314]],[[-78.325950000005335,44.294890000085303],[-78.326020000325542,44.295590000066227],[-78.326040000417009,44.295800000105089],[-78.326139999976135,44.296790000276303],[-78.326240000433572,44.298050000143242],[-78.32627999971821,44.298529999777415],[-78.326339999992669,44.299269999722931],[-78.326420000358624,44.300529999734295],[-78.326519999917736,44.30176000014491],[-78.327629999605293,44.301720000275594],[-78.328200000416004,44.301699999687855],[-78.328479999900168,44.301690000034277]],[[-78.328479999900168,44.301690000034277],[-78.328029999638375,44.30084999991152],[-78.327770000245692,44.300379999834419],[-78.327730000062729,44.300300000116849],[-78.327689999879752,44.300220000290324],[-78.327600000366374,44.300039999799807],[-78.327550000137677,44.299950000312002],[-78.327449999680226,44.299230000085934],[-78.327360000166863,44.298000000036062],[-78.327330000029647,44.297600000217592],[-78.326970000179529,44.296830000289596],[-78.326919999950817,44.296739999739117],[-78.326430000404372,44.29582000013081],[-78.326289999763944,44.295559999907525],[-78.325950000005335,44.294890000085303]],[[-78.328600000449086,44.301919999992606],[-78.328479999900168,44.301690000034277]],[[-78.328600000449086,44.301919999992606],[-78.329150000269991,44.303040000217351]],[[-78.329150000269991,44.303040000217351],[-78.328780000374138,44.302290000019376],[-78.328600000449086,44.301919999992606]],[[-78.334139999739463,44.312229999714496],[-78.333759999797863,44.311540000045504],[-78.333559999781329,44.311189999758071],[-78.333399999947744,44.31091000008221],[-78.333139999656751,44.310440000194504],[-78.332949999685965,44.310080000265188],[-78.332470000185253,44.309250000281274],[-78.332419999956542,44.309149999816263],[-78.332369999727817,44.30904999982365],[-78.332320000397416,44.308960000006067],[-78.332149999619787,44.308620000163984],[-78.332120000380883,44.308560000289944],[-78.331789999769683,44.307929999837668],[-78.331460000056794,44.307380000159078],[-78.331100000206689,44.306759999975931],[-78.330789999686971,44.306179999744586],[-78.330500000157073,44.305650000274575],[-78.330379999608155,44.305420000143698],[-78.330140000306955,44.304970000132201],[-78.329760000365354,44.304210000294567],[-78.329540000257339,44.303809999710005],[-78.32937000037802,44.303450000260881],[-78.329150000269991,44.303040000217351]],[[-78.334139999739463,44.312229999714496],[-78.334640000229982,44.31326999988201],[-78.335099999639198,44.314220000151991]],[[-78.335099999639198,44.314220000151991],[-78.334660000321449,44.313319999839855],[-78.334139999739463,44.312229999714496]],[[-78.335099999639198,44.314220000151991],[-78.335129999776427,44.314280000024866],[-78.335159999913657,44.314339999836356],[-78.334240000196885,44.314790000002503]],[[-78.334240000196885,44.314790000002503],[-78.333939999722915,44.314960000295585],[-78.333840000163818,44.315010000099022]],[[-78.333840000163818,44.315010000099022],[-78.334240000196885,44.314790000002503]],[[-78.329580000440302,44.317009999723339],[-78.329659999907932,44.316980000226096],[-78.330049999895266,44.316790000054837],[-78.330179999591607,44.316730000177358],[-78.330940000373118,44.316389999712925],[-78.331199999765815,44.31626999972142],[-78.331789999769683,44.315980000067817],[-78.333840000163818,44.315010000099022]],[[-78.329580000440302,44.317009999723339],[-78.329449999845636,44.317069999957198],[-78.329089999995531,44.317210000050082]],[[-78.329089999995531,44.317210000050082],[-78.329580000440302,44.317009999723339]],[[-78.324899999693912,44.319280000315885],[-78.325699999760076,44.318919999982519],[-78.326679999751292,44.318389999864003],[-78.327089999830122,44.318189999702923],[-78.328110000004315,44.317679999709384],[-78.328829999704539,44.31731999984283],[-78.329089999995531,44.317210000050082]],[[-78.324899999693912,44.319280000315885],[-78.324190000039422,44.31965999998534],[-78.324060000343096,44.319729999875861]],[[-78.324060000343096,44.319729999875861],[-78.324080000434591,44.319720000080238],[-78.324899999693912,44.319280000315885]],[[-78.32384000023508,44.319860000277352],[-78.324060000343096,44.319729999875861]],[[-78.32384000023508,44.319860000277352],[-78.3235570156492,44.319998041194779],[-78.32357446722024,44.320074305701162],[-78.324000864247949,44.3202293891338],[-78.324176271985266,44.320292646469902],[-78.324202196466047,44.320299269446394]],[[-78.324289999598548,44.320389999971425],[-78.323990000022903,44.320080000003969],[-78.32384000023508,44.319860000277352]],[[-78.324289999598548,44.320389999971425],[-78.324369999964475,44.320480000256367],[-78.324620000209748,44.320729999752331]],[[-78.324620000209748,44.320729999752331],[-78.324289999598548,44.320389999971425]],[[-78.324620000209748,44.320729999752331],[-78.325329999864238,44.321470000063492],[-78.325420000275912,44.321549999850752]],[[-78.325420000275912,44.321549999850752],[-78.324620000209748,44.320729999752331]],[[-78.328091757915843,44.326441606876834],[-78.328287605919144,44.326428005008601],[-78.328983081612108,44.326593837567849],[-78.328287605919144,44.326428005008601],[-78.328091757915843,44.326441606876834]],[[-78.328982694438224,44.326594611932748],[-78.329330000195043,44.325899999972961],[-78.329340000240805,44.325699999706544],[-78.329300000057827,44.325629999869925],[-78.329249999829102,44.325510000139261],[-78.328799999567323,44.32500000015196],[-78.328099999958582,44.324279999993024],[-78.327489999863189,44.323640000145048],[-78.327140000058847,44.323280000214872],[-78.326449999597529,44.322580000060569],[-78.326190000204846,44.32233000009294],[-78.325420000275912,44.321549999850752]],[[-78.326610000329424,44.32884000019358],[-78.326740000025765,44.328589999914037],[-78.327679999834018,44.326740000200367],[-78.327960000216478,44.326509999819201],[-78.328091757915843,44.326441606876834]],[[-78.326610000329424,44.32884000019358],[-78.326280559368641,44.329483194839263]],[[-78.326280559368641,44.329483194839263],[-78.326410000312862,44.329229999735787],[-78.326610000329424,44.32884000019358]],[[-78.326280559368641,44.329483194839263],[-78.326190000204846,44.329660000031346],[-78.325499999743542,44.331010000110318]],[[-78.325499999743542,44.331010000110318],[-78.326280559368641,44.329483194839263]],[[-78.318839999821535,44.339450000023383],[-78.319649999933446,44.338529999705706],[-78.320359999587936,44.337760000215233],[-78.320589999741699,44.337500000072914],[-78.320799999803981,44.337149999790611],[-78.320890000215655,44.336820000181028],[-78.320910000307165,44.336230000008349],[-78.320789999758247,44.335590000111175],[-78.320619999878929,44.335260000075223],[-78.320530000365551,44.335169999976756],[-78.320140000378231,44.334770000295343],[-78.319771638111121,44.334391943235204],[-78.320350000440484,44.33405999982768],[-78.320609999833195,44.333910000158433],[-78.320690000199122,44.333859999755077],[-78.322588519483517,44.332777016256642],[-78.323014916511227,44.33255872195241],[-78.32329689857724,44.332421657085085],[-78.323470905841006,44.332429819557184],[-78.323878764336229,44.332777662028157],[-78.324397856721461,44.333082660715945],[-78.324509999706578,44.332970000092331],[-78.324679999585896,44.332730000217481],[-78.324790000089052,44.332289999716629],[-78.32509999971046,44.331720000234739],[-78.325309999772728,44.331320000153866],[-78.325499999743542,44.331010000110318]],[[-78.318839999821535,44.339450000023383],[-78.318649999850749,44.339670000167416],[-78.318259999863415,44.34013999978302]],[[-78.318259999863415,44.34013999978302],[-78.318839999821535,44.339450000023383]],[[-78.2988310329809,44.352413528015887],[-78.30009881725654,44.3514855732396],[-78.300161564579128,44.351440704817364],[-78.300495266249314,44.351189848272298],[-78.301593347089678,44.350383225491044],[-78.304308600257343,44.348373248448326],[-78.304441225729263,44.348282486690835],[-78.304548180943613,44.348195804610199],[-78.307962212909544,44.345664616815021],[-78.308313028384191,44.345431072540407],[-78.30837862785782,44.345387219647058],[-78.309349787528333,44.3446978007239],[-78.309492395079687,44.344668224612526],[-78.309619999867479,44.344670000284601],[-78.309789999746798,44.34471999982194],[-78.309915939956355,44.344816103735155],[-78.310117017052931,44.345184270301061],[-78.310332354904631,44.345133277973318],[-78.310784422189897,44.34500273676975],[-78.311789999912193,44.344769999959027],[-78.316909999976332,44.343540000268256],[-78.318110000075578,44.343249999861669],[-78.318259999863415,44.343220000291538],[-78.318190000441518,44.343070000283426],[-78.31799000042497,44.342619999883524],[-78.317859999830318,44.342350000298445],[-78.317770000316941,44.342019999759351],[-78.317760000271207,44.341169999940405],[-78.317829999693103,44.340880000017108],[-78.318170000350037,44.340229999963086],[-78.318259999863415,44.34013999978302]],[[-78.297671631342595,44.353022298856246],[-78.298125512326422,44.353168060321046],[-78.298166480893272,44.353098777358049],[-78.298264879654539,44.35296825389392],[-78.298339036479561,44.352892795254952],[-78.298612842978159,44.352600136860893],[-78.2988310329809,44.352412507974378]],[[-78.297670205716244,44.353023318887139],[-78.297453848276703,44.352878553971607],[-78.29739264605638,44.352805899027878],[-78.297232806122949,44.352727721154402],[-78.297089010100464,44.352734943625777],[-78.296533433538272,44.352917218235348],[-78.296343587179379,44.353018541185584],[-78.296179290703805,44.353157700094911],[-78.296088972288516,44.353291111712714],[-78.296045596236709,44.353404128968435],[-78.296017668512846,44.353608494455649],[-78.296038465409978,44.353735532501283],[-78.296046784707826,44.353787367146147],[-78.29617691376157,44.354249628560176],[-78.2962024645432,44.354493078897242],[-78.296181667646067,44.35468002154942],[-78.296157900020262,44.354767543826661],[-78.296045596236709,44.355010992654435],[-78.295851292437376,44.355260812851583],[-78.295725322583394,44.355377225418785],[-78.295588062702947,44.355485990414216],[-78.295246397467778,44.355670379936925],[-78.29492374777054,44.355780418724613],[-78.294149505996842,44.355948238429214],[-78.293936188456215,44.356000071116952],[-78.293771595536583,44.356055727392224],[-78.293488161793107,44.35612115561144],[-78.293431713457281,44.356132626497406],[-78.293022903646204,44.356246488038032],[-78.292869006068358,44.356308942191575],[-78.292702630891213,44.356381167589618],[-78.292529123989027,44.356481858309351],[-78.292453067227186,44.356528167401208],[-78.292251633499447,44.356672193009743],[-78.292231654069226,44.356686100019246],[-78.292101300436656,44.356810269967575],[-78.291968199755942,44.356957268702693],[-78.291881302125262,44.357079477800134],[-78.291839528667921,44.357111855107462]],[[-78.291839528667921,44.357111855107462],[-78.291739999826021,44.35711000016807],[-78.29149999962651,44.357160000012819],[-78.291119999684895,44.357279999851549],[-78.291099999593428,44.357290000308751],[-78.291050000263027,44.357330000193535],[-78.29086655979043,44.357452217505639],[-78.290829672269908,44.357571311121269]],[[-78.290829672269908,44.357571174956426],[-78.29082000010925,44.35762000030806],[-78.290880000383709,44.357719999726868],[-78.29097999994282,44.357750000225693],[-78.291270000371057,44.357769999693396],[-78.291509999672243,44.357789999796495],[-78.29158105191965,44.35779607195466],[-78.29159561001714,44.357713652020351],[-78.291622051927519,44.357554334831569],[-78.291710884529337,44.357322792418898],[-78.291839528667921,44.357111855107462]]]},"properties":{"OBJECTID":144,"line_name":"3 Park","ScheduleLink":"https://www.peterborough.ca/living-in-peterborough/transit/routes-and-schedules/route-3-park/","Shape.STLength()":25371.352361623427,"variant":"3","Note":null}},{"type":"Feature","id":145,"geometry":{"type":"MultiLineString","coordinates":[[[-78.291500286189077,44.357815946803463],[-78.291528843631951,44.35764213734862],[-78.291564398950911,44.357507448491809],[-78.291624664228365,44.357337804012012],[-78.291635144872785,44.357310582490292],[-78.291694683413198,44.3571895004536],[-78.291749394407248,44.35709214637351],[-78.29172943563826,44.357089388370618],[-78.291489435438777,44.357139388232945],[-78.291086682069334,44.357279188639055],[-78.291056829255808,44.357296046827123],[-78.290996744539711,44.357336152685562],[-78.290831915363185,44.357442457291974],[-78.290792720070712,44.357560336362567],[-78.290783782731936,44.357583039922687],[-78.290774085418448,44.357621514177225],[-78.290838345504,44.357731005285352],[-78.290964118626917,44.357767824274688],[-78.291487997235976,44.357809802069205],[-78.291500286189077,44.357815946803463],[-78.291507997327486,44.357859801959101],[-78.291497997281738,44.357969801952088],[-78.29148801520229,44.358334518430652],[-78.291478015156542,44.358474518302614],[-78.29151801533952,44.3588645185677],[-78.291522293116913,44.358927161970172],[-78.291567214271012,44.359025554122823],[-78.291659196366211,44.359093357995185],[-78.291688015218838,44.359114518870918]],[[-78.291688015218838,44.359114518870918],[-78.291708015310306,44.359234519202751],[-78.291728015401816,44.35936451939196]],[[-78.291728015401816,44.35936451939196],[-78.291688015218838,44.359114518870918]],[[-78.295330000078025,44.416299999858744],[-78.288229999939958,44.418079999880248]],[[-78.288229999939958,44.418079999880248],[-78.295429999637122,44.41627999984626]],[[-78.288229999939958,44.418079999880248],[-78.287569999615883,44.418209999687107],[-78.287270000040223,44.418220000005782],[-78.28696000041883,44.418170000320245],[-78.286779999595467,44.418139999975089]],[[-78.286779999595467,44.418139999975089],[-78.286999999703497,44.417929999694593],[-78.28725999999449,44.417609999894566],[-78.287409999782298,44.417250000271942],[-78.287490000148239,44.416889999716219],[-78.287480000102505,44.416510000218445],[-78.287359999553587,44.416150000239973],[-78.284120000004279,44.409070000104848],[-78.282620000329388,44.40577999987628],[-78.282349999992647,44.405170000278552],[-78.282289999718188,44.404789999712399],[-78.282329999901165,44.40440999988661],[-78.282449999551744,44.404039999694234],[-78.28477000028262,44.398819999907296],[-78.284899999978961,44.398399999761729],[-78.285340000195021,44.396080000020106],[-78.285429999708384,44.395709999779108],[-78.285679999953629,44.395050000254336],[-78.285930000198903,44.394560000314691],[-78.286100000078207,44.394190000091186],[-78.287500000194001,44.391209999862447],[-78.289460000176419,44.386830000236024],[-78.289700000375944,44.386430000012588],[-78.289959999768627,44.386049999708035],[-78.290860000292227,44.384929999868049],[-78.291080000400243,44.384559999751808],[-78.291420000158865,44.383790000219612],[-78.292040000299991,44.382149999742737],[-78.292250000362273,44.381390000166419],[-78.292339999875651,44.380609999702855],[-78.292370000012852,44.380200000239434],[-78.292339999875651,44.378379999719776],[-78.292400000150096,44.377450000270144],[-78.292590000120896,44.376300000298322],[-78.29279000013743,44.3751400002376],[-78.292840000366141,44.374769999890319],[-78.292990000153964,44.372130000197757],[-78.293020000291207,44.371719999789555],[-78.29305999957586,44.37133999968308],[-78.293109999804585,44.371150000310578],[-78.293170000079016,44.370950000271414],[-78.293309999821105,44.370600000004345],[-78.293489999746171,44.370250000214277],[-78.293590000203594,44.370059999874321],[-78.293709999854201,44.369879999794847],[-78.293750000037164,44.369829999888616],[-78.294439999600172,44.36893999981065],[-78.297079999998161,44.365529999835196],[-78.297340000289168,44.365150000026865],[-78.297550000351464,44.364829999864966],[-78.297619999773332,44.364700000243111],[-78.297710000185006,44.364519999747031],[-78.297839999881347,44.364240000302203],[-78.297989999669184,44.363899999727572],[-78.298049999943643,44.363699999978842],[-78.29812000026385,44.363490000150058],[-78.298219999822962,44.363169999911513],[-78.298260000005925,44.362979999725553],[-78.298300000188902,44.362719999689389],[-78.298349343749152,44.362364664654578],[-78.298359342896575,44.361684665453694],[-78.298229343200234,44.361714665207067],[-78.297289343391981,44.361934665283975],[-78.295429342968646,44.362394664701988],[-78.295049343027046,44.362464664966986],[-78.292749217521859,44.362989516254764],[-78.29227921716857,44.363109516356772],[-78.29219921770094,44.363089516142779],[-78.292039217867369,44.362949516380162],[-78.291820777234662,44.362709492796768],[-78.29111077668189,44.361969493260659],[-78.291010777122779,44.361839493071201],[-78.290960776894053,44.361769492701477],[-78.290910776665328,44.361699492890367],[-78.290880776528113,44.361559493017296],[-78.290990777031283,44.361349492580338],[-78.291328015368734,44.360864520027228],[-78.291348015460201,44.360844520331298],[-78.291588015659727,44.360244519856444],[-78.291608015751208,44.360184519470998],[-78.291658015081595,44.359924519873879],[-78.291678015173105,44.359864519803004],[-78.291688015218838,44.35969451926853],[-78.291728015401816,44.35936451939196]],[[-78.286779999595467,44.418139999975089],[-78.286280000003259,44.418440000167372],[-78.285859999878681,44.41859999993995],[-78.284839999704488,44.418879999932145],[-78.284269999792116,44.418979999971029],[-78.282659999614026,44.41937999969953],[-78.28242000031284,44.41943999974356],[-78.278979999848659,44.420219999846083],[-78.276700000199085,44.420759999891935],[-78.275219999717351,44.42114999981731],[-78.275180000432712,44.42117000008885],[-78.274980000416164,44.421260000263636],[-78.274700000033675,44.421420000018394],[-78.274500000017142,44.421539999707555],[-78.27428999995486,44.421659999791956],[-78.27349999993443,44.422110000000011],[-78.273410000421052,44.422160000165725]],[[-78.264970000441693,44.419100000176897],[-78.265140000320997,44.41947000006332],[-78.265157014412466,44.419508031371684]],[[-78.264970000441693,44.419100000176897],[-78.265157014412466,44.419508031371684]],[[-78.265157014412466,44.419508031371684],[-78.265300000154568,44.41982000008985],[-78.265819999838257,44.420989999965208]],[[-78.265157014412466,44.419508031371684],[-78.265819999838257,44.420989999965208]],[[-78.265819999838257,44.420989999965208],[-78.266239999962821,44.421899999863449],[-78.266369999659162,44.422140000232901],[-78.266559999629948,44.422589999954184],[-78.266890000241162,44.42334000013291],[-78.267320000411459,44.424220000230036],[-78.267939999654246,44.425480000038156]],[[-78.273410000421052,44.422160000165725],[-78.273259999734918,44.422099999705082],[-78.272439999577259,44.42170999970098],[-78.270959999993863,44.421079999775522],[-78.270610000189492,44.420909999874979],[-78.269179999936469,44.420199999891217],[-78.268739999720424,44.419979999935784],[-78.268149999716542,44.419519999920382],[-78.267660000170096,44.418990000158004],[-78.267260000137,44.41844999980507],[-78.267019999937503,44.418220000005782],[-78.266130000357961,44.417680000241084],[-78.265639999913205,44.417290000268217],[-78.265599999730227,44.417300000102585],[-78.265470000033886,44.417330000237079],[-78.264279999980374,44.417669999830061],[-78.264340000254833,44.417799999906833],[-78.264970000441693,44.419100000176897]],[[-78.267939999654246,44.425480000038156],[-78.268490000373475,44.426640000035668]],[[-78.267939999654246,44.425480000038156],[-78.268300000402675,44.426239999937934],[-78.268490000373475,44.426640000035668]],[[-78.268490000373475,44.426640000035668],[-78.268549999749638,44.426799999821554],[-78.268810000040631,44.427370000150688],[-78.269000000011417,44.427589999882748]],[[-78.270060000368588,44.426749999775133],[-78.270559999960781,44.426359999998006],[-78.270669999565627,44.426269999976043],[-78.271240000376338,44.425840000310735],[-78.271970000122323,44.425239999907838],[-78.272040000442487,44.425109999693149],[-78.272109999864398,44.424400000032357],[-78.272140000001613,44.423800000246786],[-78.272200000276072,44.423299999784568],[-78.272220000367554,44.422779999823085],[-78.272509999897466,44.42270000025745],[-78.27320000035877,44.422280000260734],[-78.273410000421052,44.422160000165725]],[[-78.269000000011417,44.427589999882748],[-78.270060000368588,44.426749999775133]],[[-78.269000000011417,44.427589999882748],[-78.269159999844987,44.427459999762085],[-78.270060000368588,44.426749999775133]],[[-78.3730599999041,44.461799999797329],[-78.37287999997902,44.462020000055972],[-78.370699999888558,44.464670000107041],[-78.370509999917772,44.464899999833243],[-78.370350000084187,44.465099999973525],[-78.369119999847712,44.466599999699213],[-78.366359999799116,44.469840000183552],[-78.36512999956264,44.471279999936051],[-78.363670000070712,44.472979999889404],[-78.363140000341289,44.473619999718451],[-78.36270000012523,44.474309999994652],[-78.362690000079482,44.474399999735773],[-78.362570000428889,44.474980000008436],[-78.362930000279007,44.477699999726894],[-78.363039999883853,44.478570000051739],[-78.363239999900401,44.479820000103444],[-78.36327000003763,44.480019999754525],[-78.36327000003763,44.480580000129635],[-78.363140000341289,44.48127999992991],[-78.363019999792371,44.481460000205828],[-78.362350000320873,44.482569999783507],[-78.361530000163214,44.48383000000581],[-78.360489999897553,44.485389999931591],[-78.354040000037827,44.495450000231934],[-78.353260000063159,44.496410000246122],[-78.351969999552225,44.497459999886082],[-78.350890000001883,44.49845000026135],[-78.350530000151764,44.499209999771701],[-78.350390000409689,44.499860000008617],[-78.350580000380489,44.50100000002697],[-78.351100000064164,44.502069999789747],[-78.35459999990448,44.509640000259239],[-78.354680000270434,44.510030000045248],[-78.354619999995975,44.510479999857267],[-78.35434999965922,44.51088000026111],[-78.353759999655338,44.511290000244294],[-78.345860000349447,44.513200000226092],[-78.338360000178298,44.51490999999023],[-78.330940000373118,44.516689999752089],[-78.327530000046167,44.517500000301091],[-78.32629999980972,44.517790000188043],[-78.324319999735778,44.518259999987755],[-78.320900000261403,44.519170000039679],[-78.319629999841965,44.517359999816996],[-78.319369999550958,44.516899999884281],[-78.318920000187475,44.515969999775535],[-78.318849999867282,44.515810000209605],[-78.318279999954896,44.51448000014561],[-78.317249999734955,44.512179999750103],[-78.317150000175843,44.511949999970938],[-78.316590000309205,44.510649999835827],[-78.31613000000165,44.50957999996195],[-78.315960000122345,44.509099999844679],[-78.315909999893634,44.508599999816653],[-78.315960000122345,44.508110000291637],[-78.316109999910154,44.507630000240688],[-78.316350000109679,44.507159999911003],[-78.31688999988485,44.506260000003209],[-78.317109999992866,44.505810000284008],[-78.317600000437636,44.504299999730506],[-78.317940000196259,44.503129999897297],[-78.318249999817652,44.502209999844787],[-78.318639999805001,44.501270000256682],[-78.319229999808883,44.500199999907451],[-78.319310000174823,44.500060000151535],[-78.319399999688187,44.49989999983579],[-78.321060000094974,44.497030000092153],[-78.321840000069656,44.495719999891016],[-78.322139999645302,44.495270000191908],[-78.324959999968371,44.491319999705119],[-78.32502000024283,44.491229999788864],[-78.325440000367394,44.490650000201185],[-78.325990000188298,44.489859999936769],[-78.32709999987587,44.487960000280559],[-78.327570000229144,44.486990000148474],[-78.327730000062729,44.486260000306231],[-78.327770000245692,44.485989999788487],[-78.327770000245692,44.485490000229497],[-78.327709999971219,44.484970000012879],[-78.327580000274892,44.48446000016628],[-78.325760000034549,44.480420000204646],[-78.324420000193214,44.47765000029392],[-78.321870000206886,44.472430000308215],[-78.318629999759253,44.46549000019948],[-78.318520000154408,44.465209999758578],[-78.314739999931604,44.457060000098153],[-78.312909999645498,44.452820000061244],[-78.311840000140919,44.450360000166853],[-78.30868000005924,44.443570000210045],[-78.307780000433951,44.441799999764605],[-78.307239999760469,44.440860000293739],[-78.306819999635906,44.440120000210143],[-78.306150000164408,44.438919999723112],[-78.305309999915266,44.437299999770858],[-78.302569999958138,44.431290000130737],[-78.301210000025335,44.428439999961412],[-78.299349999602015,44.424650000263988],[-78.295849999761685,44.41704999988039],[-78.295449999728589,44.41627999984626],[-78.288229999939958,44.418079999880248]]]},"properties":{"OBJECTID":145,"line_name":"31 Curve Lake","ScheduleLink":"https://www.selwyntownship.ca/en/resident-services/bus-service-the-link.aspx#Route-Maps-and-Schedules","Shape.STLength()":49605.07069026948,"variant":"31","Note":null}},{"type":"Feature","id":146,"geometry":{"type":"MultiLineString","coordinates":[[[-78.291881550958593,44.357064150132878],[-78.291504434609053,44.357790696675252],[-78.291142250056183,44.357750668202129],[-78.290898627849444,44.357691190010271],[-78.290778995609784,44.357616133743527],[-78.290892686392155,44.357440529784476],[-78.291100655363564,44.357308827112142],[-78.291504711290159,44.357168626629225],[-78.291881550958593,44.357064150132878],[-78.292078137377061,44.35680611881272],[-78.292174010974065,44.35672572842676],[-78.292409428867316,44.356523618643642],[-78.292701152264257,44.356349710295028],[-78.293009531324884,44.356220627046852],[-78.293393535057703,44.356106769952135],[-78.294752991509768,44.35579490402155],[-78.295063636121526,44.355710300638904],[-78.295239256759587,44.355649363621303],[-78.295436774731002,44.355550712729531],[-78.2956225786711,44.355424918920448],[-78.295805728089547,44.355262895870403],[-78.295910305463352,44.355149643901029],[-78.295991819490553,44.355036877945111],[-78.296088115295731,44.354853164073219],[-78.29615481879884,44.35465531668337],[-78.296164964371656,44.354403430767604],[-78.296119637179061,44.354167796502928],[-78.296020186490594,44.353856484859172],[-78.29597019883829,44.353596974900739],[-78.296000653523052,44.35340446876242],[-78.296106718506962,44.353196187532411],[-78.296267948134144,44.353040877161867],[-78.296450199237313,44.352929463123296],[-78.296543197327097,44.352880000517693],[-78.297297705808958,44.35264348718605],[-78.297374514460699,44.352723477855733],[-78.297431340088949,44.352776120816593],[-78.297476402278534,44.352818161282237],[-78.297539806269612,44.352859252341247],[-78.297694251819763,44.352939940295208],[-78.298083973329369,44.353089363280795],[-78.297890624439191,44.353412487642707],[-78.297656755241505,44.353868638982682],[-78.297523619526501,44.354145934991642],[-78.297455370022774,44.354430682544312],[-78.297398511156885,44.354969095713592],[-78.297421511621408,44.355291301482026],[-78.297512995151635,44.355894395279932],[-78.298239077344647,44.360394219654246],[-78.298322627852585,44.361004465685326],[-78.298359063520508,44.361342251903395],[-78.298389462509746,44.361624070542],[-78.298414040415906,44.361618719376779],[-78.298639915505888,44.361566041971486],[-78.300612657192318,44.361083446888074],[-78.302450000307545,44.360660000014434],[-78.304350000015518,44.360209999780473],[-78.307449999822765,44.359460000059428],[-78.31056999972148,44.358730000154274],[-78.311759999774978,44.358460000269623],[-78.312100000431926,44.358360000186948],[-78.313400000090269,44.358080000203529],[-78.315249999569545,44.35762000030806],[-78.315679999739842,44.357510000300699],[-78.315830000426004,44.357460000112304],[-78.316699999914036,44.360140000032906],[-78.319819999812765,44.367399999752287],[-78.320870000124188,44.369629999836995],[-78.322850000198102,44.373789999874468],[-78.324390000055985,44.377210000147684],[-78.326560000100713,44.381890000051818],[-78.327869999804804,44.384740000291337],[-78.328479999900168,44.386059999747658],[-78.331009999795015,44.391389999852535],[-78.332159999665521,44.39390999999776],[-78.332500000322469,44.394580000051953]],[[-78.383429999728676,44.378719999711322],[-78.38383999980752,44.378920000181502]],[[-78.383429999728676,44.378719999711322],[-78.383589999562261,44.378799999724556],[-78.38383999980752,44.378920000181502]],[[-78.38383999980752,44.378920000181502],[-78.38422999979484,44.379080000194207],[-78.384920000256159,44.379369999865176]],[[-78.38383999980752,44.378920000181502],[-78.384920000256159,44.379369999865176]],[[-78.382629999662512,44.3789500000968],[-78.383249999803624,44.378610000156726],[-78.383429999728676,44.378719999711322]],[[-78.382099999933104,44.379270000163039],[-78.382629999662512,44.3789500000968]],[[-78.382099999933104,44.379270000163039],[-78.382390000361312,44.379090000140337],[-78.382629999662512,44.3789500000968]],[[-78.384920000256159,44.379369999865176],[-78.384670000010885,44.380090000255095],[-78.384320000206543,44.381420000100213]],[[-78.382499999966171,44.380200000239434],[-78.381879999825074,44.379550000311191],[-78.381859999733564,44.379460000157358],[-78.381930000053785,44.379379999761817],[-78.382099999933104,44.379270000163039]],[[-78.382990000410942,44.380649999716013],[-78.382849999770528,44.380519999894354],[-78.382499999966171,44.380200000239434]],[[-78.382990000410942,44.380649999716013],[-78.382499999966171,44.380200000239434]],[[-78.384320000206543,44.381420000100213],[-78.383809999670277,44.3811699999684],[-78.38340999963718,44.380939999957221],[-78.383249999803624,44.380839999726327],[-78.382990000410942,44.380649999716013]],[[-78.383510000094617,44.384299999850015],[-78.384049999869774,44.382460000285057],[-78.384059999915536,44.382430000242195],[-78.384189999611877,44.381919999729348],[-78.384320000206543,44.381420000100213]],[[-78.383510000094617,44.384299999850015],[-78.38338000039829,44.384719999759383]],[[-78.38338000039829,44.384719999759383],[-78.38396000035641,44.384970000139617]],[[-78.38338000039829,44.384719999759383],[-78.383279999940839,44.385160000253769],[-78.382980000365194,44.386469999901159],[-78.382609999571031,44.387820000012184],[-78.382350000178349,44.388690000290694],[-78.380479999709266,44.393299999878202],[-78.379859999568154,44.394790000089948],[-78.379390000113204,44.395899999692034],[-78.379170000005161,44.396250000213826],[-78.379010000171604,44.396389999964804],[-78.378699999651886,44.396540000197348],[-78.378359999893263,44.396639999924822],[-78.377179999885499,44.396929999901083],[-78.373550000348857,44.397820000105888],[-78.372180000370292,44.398179999949342],[-78.365979999857515,44.399719999878172],[-78.359180000193447,44.40134999971977],[-78.357729999848928,44.401699999732621],[-78.355529999666985,44.402230000240301],[-78.350689999985349,44.403319999949339],[-78.342250000005961,44.405240000113594],[-78.337909999916519,44.40627999998933],[-78.337499999837689,44.405509999976296]],[[-78.38396000035641,44.384970000139617],[-78.383580000414824,44.384589999987163],[-78.383560000323342,44.384499999876979],[-78.383540000231861,44.384410000270421],[-78.383510000094617,44.384299999850015]],[[-78.399929999745851,44.387249999968354],[-78.40036999996191,44.387299999766306],[-78.400620000207155,44.387420000134313],[-78.400790000086474,44.387649999724019],[-78.400919999782815,44.387849999860713]],[[-78.399929999745851,44.387249999968354],[-78.398779999875316,44.387690000062804],[-78.398700000407686,44.387710000221972],[-78.398450000162427,44.387770000016452],[-78.3977999998841,44.387879999693915],[-78.39738999980527,44.387899999788168],[-78.396959999634959,44.387890000062875],[-78.396480000134247,44.387820000012184],[-78.39553000028026,44.387680000301643],[-78.390030000274535,44.38670000001386],[-78.389149999842431,44.38657000014495],[-78.387569999801585,44.386200000122919],[-78.386539999581657,44.385919999679508],[-78.385959999623509,44.385730000106136],[-78.385599999773405,44.385600000008935],[-78.38437000043524,44.385139999865324],[-78.38396000035641,44.384970000139617]],[[-78.400919999782815,44.387849999860713],[-78.400620000207155,44.387049999707436],[-78.400479999566741,44.387089999814265],[-78.399929999745851,44.387249999968354]],[[-78.332500000322469,44.394580000051953],[-78.336560000029436,44.403449999836795],[-78.337499999837689,44.405509999976296]],[[-78.337499999837689,44.405509999976296],[-78.336719999863007,44.403789999904603],[-78.332500000322469,44.394580000051953]],[[-78.42547200034015,44.410897000306178],[-78.42514500010202,44.410272000219962],[-78.424037000064274,44.410480999987946],[-78.424467000234586,44.411465999994611],[-78.42447999975505,44.411460000137282],[-78.424489999800798,44.411509999785018]],[[-78.424489999800798,44.411509999785018],[-78.425089999850414,44.411370000278623],[-78.425469999792028,44.411289999860173],[-78.425456008531455,44.41126056645497],[-78.425475718467112,44.410888975178203]],[[-78.424489999800798,44.411509999785018],[-78.424049999584739,44.411600000069996],[-78.4236799996889,44.411680000064401]],[[-78.4236799996889,44.411680000064401],[-78.424489999800798,44.411509999785018]],[[-78.4236799996889,44.411680000064401],[-78.421200000022765,44.412199999927424],[-78.420480000322542,44.412240000169611],[-78.419690000302126,44.41222000005196],[-78.418939999566362,44.41210999992412],[-78.418559999624762,44.412019999782316],[-78.417969999620865,44.411830000240215],[-78.417560000440375,44.411659999755194],[-78.417059999949856,44.411370000278623],[-78.416900000116286,44.41128000028143],[-78.416459999900241,44.410929999831446],[-78.416069999912906,44.410530000052667],[-78.415730000154269,44.410079999919262],[-78.414990000362579,44.408419999901909],[-78.414699999934342,44.407419999899417],[-78.414499999917794,44.406870000183332],[-78.414059999701749,44.40591999992801],[-78.413010000288622,44.403649999889481],[-78.412339999918828,44.402280000076694],[-78.411780000052175,44.400970000012407],[-78.41131999974462,44.40005999980152],[-78.410909999665805,44.39913999982852],[-78.41057999995293,44.398530000312327],[-78.410030000132011,44.397340000292409],[-78.409579999870203,44.396449999847192],[-78.409280000294558,44.396030000020204],[-78.408890000307224,44.395640000094886],[-78.408500000319876,44.395370000253308],[-78.407880000178778,44.395090000028951],[-78.407330000357874,44.39493999993077],[-78.406199999680496,44.394729999789178],[-78.405589999585146,44.394560000314691],[-78.405049999809975,44.394359999998628],[-78.404590000400745,44.394129999817174],[-78.404200000413425,44.393890000031519],[-78.403869999802211,44.3936299998484],[-78.403590000318033,44.393359999719429],[-78.403299999889796,44.393009999885422],[-78.403059999690313,44.392619999732098],[-78.402830000434861,44.39209999976422],[-78.402659999657217,44.391799999903064],[-78.402339999990076,44.391160000194908],[-78.400919999782815,44.387849999860713]]]},"properties":{"OBJECTID":146,"line_name":"32 Ennismore","ScheduleLink":"https://www.selwyntownship.ca/en/resident-services/bus-service-the-link.aspx#Route-Maps-and-Schedules","Shape.STLength()":31698.573422586702,"variant":"32","Note":null}},{"type":"Feature","id":149,"geometry":{"type":"LineString","coordinates":[[-78.307412463718606,44.306939022671905],[-78.307241688593194,44.306944230332526],[-78.305450771310163,44.302869576450121],[-78.304530916222177,44.300873401773117],[-78.302299033034146,44.30096341784683]]},"properties":{"OBJECTID":149,"line_name":"7 Lansdowne","ScheduleLink":"https://www.peterborough.ca/living-in-peterborough/transit/routes-and-schedules/route-7-lansdowne/","Shape.STLength()":1259.2627537978763,"variant":"7","Note":"This route 7A is serviced May to Oct only"}},{"type":"Feature","id":150,"geometry":{"type":"MultiLineString","coordinates":[[[-78.376405803027566,44.2679036759044],[-78.376440636999334,44.267868033640426],[-78.376574212888812,44.267703621453151],[-78.376628879865436,44.267568483512832],[-78.376661203944309,44.267130728344881],[-78.376673087757183,44.266949634503007],[-78.376747243683909,44.266544893857443],[-78.376773389150244,44.266404987794502],[-78.376771288889103,44.266304595933292],[-78.376409663986664,44.266326344161968],[-78.376204665743884,44.266377404993172],[-78.375785755275729,44.266590158515157],[-78.375666915350166,44.266630581790274],[-78.375527278527471,44.266666749723235],[-78.375384670077793,44.266673132373022],[-78.375354960096416,44.267051830945071],[-78.375390612433392,44.267096508542949],[-78.375533219984746,44.267107146428849],[-78.375678799163069,44.267160333899618],[-78.375732276770236,44.267192246873556],[-78.376405803027566,44.2679036759044]],[[-78.324139999810725,44.300639999931668],[-78.325279999635526,44.300590000101316],[-78.326420000358624,44.300529999734295],[-78.327190000287544,44.300479999810264],[-78.327439999634493,44.300460000085899],[-78.327550000137677,44.300450000221169],[-78.327730000062729,44.300300000116849],[-78.328600000449086,44.300000000044456],[-78.330249999911814,44.299409999845082],[-78.331510000285519,44.299069999979629],[-78.332070000152157,44.298929999689712],[-78.334913918119682,44.298208560920585],[-78.335056525671021,44.298125886836054],[-78.336513977540804,44.297752321812212],[-78.336750706974385,44.297690060529497],[-78.336954636221947,44.297638005911111],[-78.337199921210285,44.297574724154636],[-78.338118315637644,44.297348133437325],[-78.338690173266045,44.297196051899917],[-78.339605715542376,44.296969460364281],[-78.340913429932371,44.296654067023084],[-78.342631854070291,44.29624680931861],[-78.342793001052499,44.296209043834367],[-78.343043990342878,44.296149843333268],[-78.344306070316463,44.295845673657425],[-78.345168847349626,44.295636428623439],[-78.345454063350658,44.295564978395674],[-78.345949999862825,44.295459999910761],[-78.346450000353329,44.295350000296338],[-78.346759999974722,44.295270000155078],[-78.348820000414591,44.294780000046146],[-78.349619999582444,44.294590000019156],[-78.350332573808529,44.294381259107418],[-78.35099807721204,44.294228149475259],[-78.351482943784958,44.294217942152265],[-78.351844216547818,44.294248564115968],[-78.35228630085534,44.294377856461139],[-78.353441424716252,44.294908634745354],[-78.353874002153105,44.295010706695017],[-78.354325593331268,44.295031121063694],[-78.354800953033518,44.294935853734962],[-78.355238283456558,44.294745319256869],[-78.355623324743533,44.294507149164687],[-78.355975090635752,44.29421113684063],[-78.3565217541137,44.293605498239245],[-78.356631086270298,44.293513630651347],[-78.356797462345753,44.293367323524286],[-78.356997113815964,44.293207405820631],[-78.357224754095483,44.293089377429737],[-78.35743444423899,44.292935204773521],[-78.357933571567045,44.292717443156029],[-78.358418438139964,44.292526900837224],[-78.359549793476774,44.292237683429619],[-78.360956857943961,44.291934854733697],[-78.362064445654994,44.291689868282432],[-78.363851796626335,44.29129856852839],[-78.36618599972185,44.290763090584797],[-78.366134113031023,44.2906262978086],[-78.366082291917238,44.29048967832977],[-78.365979999857515,44.29022000013309],[-78.365961080439305,44.290168221180906],[-78.365721707263873,44.289513096848673],[-78.365611495656609,44.289211461082424],[-78.365599999915915,44.289179999902196],[-78.365470000219588,44.288890000152946],[-78.365441673643716,44.288712960860209],[-78.365430000036611,44.288640000062472],[-78.365529999595736,44.288430000141581],[-78.365719999566522,44.288180000022372],[-78.366620000090109,44.287389999725356],[-78.366779999923693,44.28723000015399],[-78.366865190755348,44.287127424027261],[-78.367027494767598,44.286931996888718],[-78.367259674234262,44.286652433899903],[-78.36727000036845,44.286640000258814],[-78.366964330626729,44.286547588674324],[-78.366840000198138,44.286510000226336],[-78.366747207822556,44.286435766636458],[-78.366589999952879,44.286310000109282],[-78.366492463574289,44.286203857845827],[-78.366277227232217,44.285969629224518],[-78.366250000194256,44.285939999705185],[-78.366080000314938,44.285740000219654],[-78.365830000069707,44.285500000066847],[-78.36549000031107,44.285260000219623],[-78.364850000078491,44.284930000034443],[-78.364589999787484,44.284770000193284],[-78.364009999829335,44.284389999708139],[-78.363530000328623,44.283900000142019],[-78.363290000129112,44.283409999704297],[-78.363179999625956,44.283090000309727],[-78.363179066276373,44.283081602671942],[-78.363160000432771,44.282910000045035],[-78.363180296968309,44.282826783507247],[-78.363359999551008,44.282090000292385],[-78.363559999567542,44.281720000319289],[-78.36394999955489,44.281270000027476],[-78.364159999617158,44.281070000077705],[-78.364520000365587,44.280609999924629],[-78.364739999575306,44.280199999898407],[-78.364805878424974,44.280040009041393],[-78.364859704578492,44.279909288238066],[-78.364880000215692,44.279860000075161],[-78.365100000323736,44.2789300000601],[-78.365188429581977,44.278546805850155],[-78.365280000248788,44.278149999941938],[-78.365280000248788,44.278059999707253],[-78.365280000248788,44.278019999773129],[-78.365270000203026,44.277960000142393],[-78.365219999974329,44.277769999728463],[-78.365139999608374,44.277589999886615],[-78.365086531882682,44.277470484631721],[-78.365003115223686,44.277284023266112],[-78.364969999729055,44.277209999910504],[-78.364934589937207,44.277139179438443],[-78.364920000398655,44.277110000185417],[-78.364650000061928,44.276520000272555],[-78.363809999812787,44.274699999717427],[-78.36327000003763,44.273540000138958],[-78.362370000412355,44.271599999946901],[-78.361879999967584,44.270620000159134],[-78.361310000055184,44.269389999794122],[-78.362639999850785,44.269069999945827],[-78.362900000141778,44.269509999770484],[-78.363619999842001,44.269310000316999],[-78.364250000028861,44.268930000188014],[-78.364840000032729,44.268609999765133],[-78.365080214031281,44.268471414733241],[-78.365359999716418,44.268309999917236],[-78.365939999674552,44.267959999874805],[-78.366589999952879,44.267769999934707],[-78.367289999561621,44.267549999710802],[-78.36762000017282,44.26743999993333],[-78.367919999748466,44.267329999950007],[-78.368079410287208,44.267318891870055],[-78.368388251081896,44.267271802799549],[-78.368669188407225,44.267195212379846],[-78.368853152597623,44.267177852265419],[-78.369094159808569,44.267219721865388],[-78.36925815894179,44.267260569913034],[-78.369397914342116,44.267337159604288],[-78.369470644642462,44.267401495459637],[-78.369570469928419,44.267506679121233],[-78.3697629905719,44.26778035980589],[-78.369812903664027,44.267865118986357],[-78.369922711927714,44.267977449815831],[-78.370069597256474,44.268079568565398],[-78.370193666275298,44.268135734123639],[-78.370437525637271,44.268224577528201],[-78.37073557586875,44.268264403372527],[-78.371176234549907,44.268281763809384],[-78.371467154852994,44.268306272198537],[-78.371719570668063,44.268333844445813],[-78.371952021425912,44.268373670216107],[-78.372364157698485,44.268471703558269],[-78.372679320836141,44.268554419385168],[-78.372877545781662,44.268595266505336],[-78.373032988461802,44.268615690054745],[-78.373141370200841,44.268617732409318],[-78.37330822148509,44.26860241507007],[-78.373460812014173,44.268579949160227],[-78.373569193753227,44.268540122886378],[-78.373734619411096,44.268436983434945],[-78.373912878401129,44.268313420155195],[-78.374111103346678,44.268199047598785],[-78.374285085457629,44.268122458387289],[-78.374427693008997,44.268079568565398],[-78.374599999761955,44.268050000139894],[-78.374896873200413,44.268065271951116],[-78.375146436864455,44.268086717192851],[-78.375357496040451,44.268107140918971],[-78.375599929776072,44.268125522266438],[-78.375819999952697,44.26813000004541],[-78.375949318726057,44.268112246527778],[-78.376080000243689,44.268080000197628],[-78.376198882390071,44.268032593962623],[-78.376261768951537,44.268002731540015],[-78.376405803027566,44.2679036759044]],[[-78.324139999810725,44.300639999931668],[-78.32302000007742,44.300689999719481]],[[-78.32302000007742,44.300689999719481],[-78.323400000019021,44.300679999893916],[-78.324139999810725,44.300639999931668]],[[-78.32302000007742,44.300689999719481],[-78.323030000123154,44.300830000313141],[-78.323143158204559,44.301904723479268],[-78.323242983490502,44.303175357449845],[-78.323200000002473,44.303320000149412],[-78.323210000048206,44.303400000252068],[-78.323230000139702,44.303720000215407],[-78.323280000368413,44.30447000014513],[-78.323282945944243,44.304487250240335],[-78.323180269405583,44.304495414670804],[-78.322183915584617,44.304549844392319],[-78.32179412131147,44.304572976703348]]]},"properties":{"OBJECTID":150,"line_name":"6 Sherbrooke","ScheduleLink":"https://www.peterborough.ca/living-in-peterborough/transit/routes-and-schedules/route-6-sherbrooke/","Shape.STLength()":12432.614599642257,"variant":"6","Note":null}},{"type":"Feature","id":151,"geometry":{"type":"MultiLineString","coordinates":[[[-78.376709408440774,44.26627048951223],[-78.377003600408102,44.266309986674585],[-78.378909999714168,44.266410000274774]],[[-78.376709012283726,44.26627048951223],[-78.376409535527571,44.266302827538482],[-78.376202754128954,44.26635559052491],[-78.375770572849135,44.266573450511615],[-78.375644602995152,44.266619404746898],[-78.375501995443784,44.266650041741464],[-78.375341000276876,44.266640000096082]],[[-78.378909999714168,44.266410000274774],[-78.378679999560404,44.267540000031943],[-78.378590000047041,44.267950000265692]],[[-78.375340317557274,44.266639498978684],[-78.375314227786475,44.267060227657431],[-78.375364140878602,44.267126605578973],[-78.375513879256701,44.267130009803878],[-78.375635095226187,44.267169155802669],[-78.37571828371307,44.267213408105519],[-78.376363766363838,44.267902386793132],[-78.376539882871924,44.267696728157851],[-78.376585517288362,44.267562951366941],[-78.376631626913564,44.266951931654148],[-78.376674884387768,44.26673781825717],[-78.376726941758491,44.266404960133229],[-78.376710418147141,44.266271879012024]],[[-78.378590000047041,44.267950000265692],[-78.378909999714168,44.266410000274774]],[[-78.378319999710286,44.268930000188014],[-78.378590000047041,44.267950000265692]],[[-78.378319999710286,44.268930000188014],[-78.37790999963147,44.270190000154891]],[[-78.37790999963147,44.270190000154891],[-78.378149999830995,44.269469999805622],[-78.378319999710286,44.268930000188014]],[[-78.304489999757621,44.279539999995301],[-78.304960000110896,44.278549999745856],[-78.305089866856576,44.278349331946465],[-78.305199867359747,44.278169331949925],[-78.305297464823781,44.278054893033143],[-78.305407465326965,44.277944892978354],[-78.305597465297751,44.277834893360776],[-78.305727464994092,44.277764893029151],[-78.305827465451529,44.277724892894085],[-78.306317464997974,44.27755489346341],[-78.306987465367797,44.277364892382678],[-78.307300000034914,44.277290000211259],[-78.308722860478071,44.277116562431367],[-78.308871172331479,44.277183269874605],[-78.30918681157624,44.277767296522271],[-78.309340000383301,44.278100000257368],[-78.309599999775998,44.278630000151658],[-78.310002527668289,44.279481224530386],[-78.310510211449426,44.280562102797774],[-78.31055964933276,44.28069414828088],[-78.310571057936869,44.2807976064366],[-78.310531127822486,44.280917399829121],[-78.310306758308926,44.281372068669526],[-78.310057669853677,44.281803591432684],[-78.309825694304593,44.282239195431934],[-78.309675480717743,44.282516891255447],[-78.309563295511808,44.282715633507401],[-78.309433998298005,44.282956573035349],[-78.308141020770236,44.285330528592027]],[[-78.304210000273443,44.280110000231254],[-78.304279999695325,44.279979999896966],[-78.304489999757621,44.279539999995301]],[[-78.304210000273443,44.280110000231254],[-78.304489999757621,44.279539999995301]],[[-78.303119999779057,44.282439999790824],[-78.304149999998998,44.280249999725363],[-78.304210000273443,44.280110000231254]],[[-78.303119999779057,44.282439999790824],[-78.304210000273443,44.280110000231254]],[[-78.308141020770236,44.285330528592027],[-78.308069999963863,44.285299999726341],[-78.307679999976529,44.285160000047469],[-78.307330000172158,44.285080000173039],[-78.306370000272437,44.285210000154827],[-78.305879999827653,44.285299999726341],[-78.305580000252007,44.28528999985221],[-78.304539999986318,44.284900000218002],[-78.30430999983254,44.284819999989494],[-78.303790000148879,44.284659999848678],[-78.302879999579545,44.284499999915219],[-78.302689999608759,44.284419999785072],[-78.302089999559129,44.284180000027071],[-78.302045525766033,44.284163322104561],[-78.302087878636726,44.284081166514625],[-78.302684094982382,44.283316390087236],[-78.3028763892504,44.282991027339207],[-78.303079999596093,44.282540000091423],[-78.303119999779057,44.282439999790824]],[[-78.305923943614729,44.289139001186456],[-78.306327048225427,44.288416253779808],[-78.306448740302031,44.288262448253384],[-78.307249246119696,44.286947594326371],[-78.308141020770236,44.285330528592027]],[[-78.305923943614729,44.289139001186456],[-78.305876729960019,44.289221935492385],[-78.305819999553208,44.289259999980175],[-78.305740000085564,44.289290000142117],[-78.305659999719623,44.289309999812829],[-78.305429891768028,44.289357194687582]],[[-78.305429891768028,44.289357194687582],[-78.305770962318462,44.289409936333129],[-78.305905330522037,44.289434666116918]],[[-78.305905330522037,44.289434666116918],[-78.305940000102126,44.289309999812829],[-78.30595000014786,44.289229999802949],[-78.305923943614729,44.289139001186456]],[[-78.305905330522037,44.289434666116918],[-78.306038431202737,44.289465290574739],[-78.306421095547478,44.289584385965348],[-78.307062830426872,44.289805562111148],[-78.307559581711004,44.289987606007827],[-78.30920670207324,44.290557554391185],[-78.309610757101524,44.290635815795142],[-78.309893596160308,44.290651127391392],[-78.310219217484487,44.290646023740798],[-78.310428375825353,44.290613698466402],[-78.310639911108453,44.290569463783932],[-78.311683324972208,44.290331277399197],[-78.315248520942575,44.289472095793307],[-78.315539245412936,44.289389257652616],[-78.315659160621905,44.289364291213161],[-78.316049160609239,44.289274290795284],[-78.316559160247181,44.289144290805609],[-78.317039160646203,44.289014290528215],[-78.317429160633537,44.28891429095993],[-78.320004542518205,44.288322189790492],[-78.321772879748266,44.287898540830746],[-78.322485918403345,44.287735205847824],[-78.322640000135834,44.28763999999174],[-78.324299999644296,44.28723000015399],[-78.32600000023406,44.286820000026701],[-78.326760000117233,44.286629999969719],[-78.328029999638375,44.28631999980977],[-78.328859999841754,44.286100000218063],[-78.328970000344938,44.286069999712964],[-78.329320661309353,44.285979818045874],[-78.329596370439717,44.285913120589719],[-78.329839754592911,44.285845062316078],[-78.330497651960911,44.285668109020712],[-78.331497808350477,44.285383622401383],[-78.333254736078118,44.284926263080642],[-78.33346009185037,44.284878620918228],[-78.333737701815878,44.284801032869233],[-78.33400770574589,44.284738417663412],[-78.334235878726375,44.284696220351933],[-78.336620000303895,44.284110000180952],[-78.33678000013748,44.284069999863888],[-78.336939999971023,44.284030000162751],[-78.337170000124814,44.283970000238419],[-78.337309999866903,44.283939999931668],[-78.337960000145216,44.283779999966477],[-78.339099999970031,44.283479999741402],[-78.340330000206507,44.283179999913678],[-78.341360000426434,44.282919999681241],[-78.341429999848302,44.282899999764076],[-78.341789999698435,44.282809999731171],[-78.342710000313502,44.282560000131092],[-78.342930000421518,44.282499999991593],[-78.343369999739281,44.28238999989825],[-78.343769999772348,44.28226999985386],[-78.343850000138289,44.282249999715461],[-78.343999999926112,44.282210000061312],[-78.344713275736424,44.282016319983541],[-78.345688714082641,44.281769930682295],[-78.347240000373745,44.28140999997315],[-78.34849333434974,44.281115157723391],[-78.349218193935627,44.280938440356614],[-78.349710191335276,44.280824431940559],[-78.351269999943483,44.280510000197765],[-78.351469999960017,44.280449999894024],[-78.351649999885069,44.280410000300655],[-78.352110000192624,44.280300000152941],[-78.352680000105011,44.280170000239053],[-78.352959999589189,44.280100000116768],[-78.353159999605708,44.28005000016217],[-78.353419999896701,44.279990000031816],[-78.353819999929797,44.279900000042979],[-78.353959999671886,44.279870000230446],[-78.354389999842198,44.279759999714884],[-78.354999999937561,44.279619999696301],[-78.355450000199355,44.279499999782402],[-78.355830000140955,44.279409999686131],[-78.35598999997454,44.279380000266563],[-78.356727622823996,44.279262751235805],[-78.357377623102337,44.279102751395193],[-78.357822928768456,44.278986983623646],[-78.358241245450188,44.278883182053853],[-78.358661939074139,44.278777678525671],[-78.360166450986711,44.278420325897898],[-78.36409529756051,44.277475885282698],[-78.364832104739705,44.27731932794628],[-78.365219522070589,44.277239346980501],[-78.367118583039101,44.276779882184542],[-78.367665246517049,44.276643743753453],[-78.368680138870531,44.276403799057036],[-78.369198280838219,44.276274466502166],[-78.370258332399345,44.276019204248392],[-78.371049805656838,44.275832011481512],[-78.37187217826515,44.275592063470548],[-78.3721100000501,44.275490000223911],[-78.372890000024782,44.275309999829638],[-78.37385999997025,44.275070000161477],[-78.374900000235925,44.274830000156292],[-78.375110000298221,44.274769999841027],[-78.375050000023762,44.274619999749717],[-78.375009999840785,44.274509999696669],[-78.374999999795037,44.274439999906519],[-78.374989999749303,44.274300000076131],[-78.375300000269007,44.273759999811311],[-78.375429999965348,44.273520000244879],[-78.375759999678237,44.272930000306793],[-78.376139999619838,44.272380000175779],[-78.376339999636357,44.272089999823478],[-78.37682000003538,44.271610000221465],[-78.377399999993528,44.271120000202323],[-78.377650000238788,44.270820000300915],[-78.37790999963147,44.270190000154891]],[[-78.290805919017188,44.291716004008713],[-78.291061186983242,44.291615967887708],[-78.29144337611919,44.291471017287556],[-78.292425468286709,44.291175500213129],[-78.296935218523828,44.290084523652894],[-78.297170521432719,44.290027528347203],[-78.297342838965463,44.289989248299669],[-78.297551522097535,44.289937314174296],[-78.297921668418795,44.289842991551147],[-78.298218768232701,44.289773236374238],[-78.298546766499143,44.289694973820843],[-78.298922300017125,44.289609905961392],[-78.299088676092595,44.289574177835185],[-78.299171863681167,44.28955376092658],[-78.299426181229677,44.289501018767133],[-78.300217654487156,44.289378520914639],[-78.300526638113965,44.289341091178649],[-78.300980606234361,44.289312167482983],[-78.304412701524043,44.289301959305547],[-78.304840525076415,44.289303660775765],[-78.305160124993265,44.28932571879561],[-78.305429891768028,44.289357194687582]],[[-78.290805919017188,44.291716004008713],[-78.290890000429442,44.291839999693622],[-78.290909999622613,44.291869999823689]],[[-78.290909999622613,44.291869999823689],[-78.290805919017188,44.291716004008713]],[[-78.290339999710227,44.292800000114042],[-78.290549999772509,44.292740000145599],[-78.290759999834791,44.29269000001797],[-78.290989999988554,44.292629999937141],[-78.291190000005102,44.292579999715855],[-78.291210000096584,44.29251000023465],[-78.291050000263027,44.292190000257982],[-78.290909999622613,44.291869999823689]],[[-78.290339999710227,44.292800000114042],[-78.290119999602211,44.292850000148022],[-78.289959999768627,44.292890000273182],[-78.289919999585649,44.29290000013949],[-78.289690000330197,44.292910000004092],[-78.289440000084952,44.292919999866939],[-78.289339999627529,44.292919999866939],[-78.289189999839692,44.292950000088375],[-78.288870000172565,44.293009999842219],[-78.288840000035322,44.292919999866939],[-78.288658175631923,44.292509412532908],[-78.290805919017188,44.291716004008713]],[[-78.290260000242597,44.292819999875555],[-78.290339999710227,44.292800000114042]]]},"properties":{"OBJECTID":151,"line_name":"7 Lansdowne","ScheduleLink":"https://www.peterborough.ca/living-in-peterborough/transit/routes-and-schedules/route-7-lansdowne/","Shape.STLength()":18235.87282749893,"variant":"7+AB","Note":null}},{"type":"Feature","id":152,"geometry":{"type":"MultiLineString","coordinates":[[[-78.30042000000492,44.296629999950611],[-78.297376992912561,44.289980564214908],[-78.300379999821942,44.296539999736552],[-78.30042000000492,44.296629999950611]],[[-78.296679999965079,44.30084999991152],[-78.296649999827835,44.300559999925497],[-78.296679999965079,44.30004999973437],[-78.296940000256072,44.299429999927113],[-78.297649999910561,44.297850000102024],[-78.297680000047791,44.297580000155172],[-78.297599999681864,44.297349999911759],[-78.297290000060443,44.296969999800076],[-78.297100000089657,44.296639999822979],[-78.296999999632234,44.296150000215498],[-78.297239999831731,44.296140000259683],[-78.297619999773332,44.296150000215498],[-78.298160000446813,44.296260000260254],[-78.298429999885229,44.296360000180556],[-78.298609999810282,44.296440000122793],[-78.299100000255066,44.296670000072893],[-78.299339999556253,44.296750000235711],[-78.299609999893008,44.296769999937936],[-78.299890000275482,44.296729999883773],[-78.30042000000492,44.296629999950611]],[[-78.296679999965079,44.30084999991152],[-78.297019999723716,44.301630000148549]],[[-78.302299033034146,44.30096341784683],[-78.302109999650611,44.300990000123647],[-78.301959999862774,44.301010000310384],[-78.30153999973821,44.301150000141043],[-78.301319999630195,44.301270000189398],[-78.301189999933854,44.301389999992445],[-78.300480000279364,44.302200000123214],[-78.300219999988371,44.302440000182571],[-78.299949999651631,44.302600000105706],[-78.29971000035043,44.30271000028204],[-78.297809999744132,44.303150000212156],[-78.297680000047791,44.303140000162692],[-78.297639999864828,44.303089999889892],[-78.297290000060443,44.302309999763267],[-78.297019999723716,44.301630000148549]],[[-78.297019999723716,44.301630000148549],[-78.296710000102323,44.300909999951458],[-78.296679999965079,44.30084999991152]],[[-78.308649999922011,44.309829999747251],[-78.306882728093882,44.31026207194612],[-78.30924218822193,44.315083812560403],[-78.309392188009738,44.315413780855884]],[[-78.308649999922011,44.309829999747251],[-78.307419999685521,44.307040000164505]],[[-78.308649999922011,44.309829999747251],[-78.310999999891777,44.315020000054638],[-78.309330000337567,44.315400000317517]],[[-78.309330000337567,44.315400000317517],[-78.310999999891777,44.315020000054638],[-78.310460000116606,44.313839999961147],[-78.31018999977988,44.313130000030618],[-78.309829999929775,44.312350000254121],[-78.309439999942413,44.311520000232221],[-78.309399999759449,44.311440000268192],[-78.309159999559952,44.310890000054243],[-78.308649999922011,44.309829999747251]],[[-78.302650000324093,44.337770000148268],[-78.30299000008273,44.337440000172897],[-78.303339999887072,44.337250000084467],[-78.305330000006734,44.336679999980262],[-78.307560000325935,44.336080000106996],[-78.30799999964367,44.335970000149665],[-78.308310000163374,44.335909999969111],[-78.308629999830515,44.335829999847057],[-78.308765003142994,44.335673682882799],[-78.308464998177456,44.333967746407616],[-78.308419363761018,44.333641331663053],[-78.308398448286255,44.332909611950498],[-78.308360419007016,44.332464862978163],[-78.308322390626088,44.331956186105685],[-78.308297671684414,44.331399901046353],[-78.308305277719938,44.331229886055922],[-78.308318587159192,44.3310748323456],[-78.308369926775981,44.330895295315827],[-78.308698875459982,44.330296835651538],[-78.309134304149552,44.329570515052609],[-78.309206815260978,44.329410993486704],[-78.309524099320996,44.328592551696772],[-78.309737060230475,44.328019912421183],[-78.309934809967231,44.327519358224428],[-78.310014670195997,44.327267719420981],[-78.310054600310366,44.3270528053635],[-78.310062206345876,44.32680796544981],[-78.309976640916744,44.326323723699893],[-78.309598255247721,44.323910617359829],[-78.309613466420416,44.323510690624332],[-78.309659100836853,44.323191018991146],[-78.309913893594157,44.321895991665336],[-78.309991852987764,44.321463402926511],[-78.31032270340522,44.319712609652406],[-78.310587003033177,44.318402541186138],[-78.310589999812947,44.318219999866955],[-78.310530000436813,44.317920000107293],[-78.309839999975509,44.316449999938058],[-78.30948000012539,44.31570000010619],[-78.309330000337567,44.315400000317517]],[[-78.302650000324093,44.337770000148268],[-78.302549999866656,44.33792000022401],[-78.301929999725559,44.33885999997149]],[[-78.290745324057994,44.351794344135484],[-78.290859410099074,44.352010186929256],[-78.291054307684803,44.352397682683886],[-78.291163640739725,44.352681504767922],[-78.291194538293922,44.353011212763597],[-78.291127988402721,44.353310327770444],[-78.290799990136293,44.353927246847675],[-78.290410195863146,44.354510170406868],[-78.289602084908282,44.355558737739294],[-78.289124348263783,44.356376165999123],[-78.288874784599756,44.356986255410796],[-78.288798726939589,44.357472283230614],[-78.288858146902385,44.357735688186771],[-78.289133855134438,44.3580585698382],[-78.289262202828965,44.358182623836832],[-78.28940005649585,44.358422234355686],[-78.289461853400866,44.358638053380531],[-78.289447592645729,44.358864067049922],[-78.289397679553588,44.359067988955196],[-78.28895559524608,44.360223531513938],[-78.288050035947506,44.360209937481443],[-78.287358387975985,44.360206538651681],[-78.287289461142535,44.360199741633878],[-78.286802217627368,44.360192943973026],[-78.28664059543641,44.360187846369087],[-78.286536016265984,44.360181048706856],[-78.286362510262123,44.36015385997672],[-78.286103438829116,44.360040006028768],[-78.285910918185635,44.359839486357728],[-78.285756426821379,44.359586286815137],[-78.285680369161213,44.359344981616658],[-78.285523500854737,44.358721321743538],[-78.285563906177899,44.35797020209418],[-78.28545695006521,44.357615031579904],[-78.285304834744906,44.357451889938609],[-78.285235907911456,44.357370319268767],[-78.285166981078035,44.356981156885617],[-78.285155097265132,44.356544408556729],[-78.285314342513871,44.356121251956878],[-78.285509239201275,44.355861238825348],[-78.285806339015195,44.355557038189531],[-78.285944193580377,44.3554091861647],[-78.286048841022776,44.355338345676742]],[[-78.286048841022776,44.355338345676742],[-78.286008378207427,44.355328426460069],[-78.28597153739932,44.355267246251344],[-78.286017885078081,44.355194169700162],[-78.286080870454242,44.355019125004695],[-78.286101072666654,44.354842380858166],[-78.286137913474775,44.354529678320638],[-78.28623536181847,44.354248413926641],[-78.286389854081051,44.353818442988732],[-78.286431447875344,44.353614503456384],[-78.286463534798955,44.353294146097973],[-78.286471853198492,44.353164133083204],[-78.28900076523351,44.352577797504914],[-78.289679340921055,44.352408693738383],[-78.28994673075357,44.352321167295898],[-78.290701364101267,44.351877585609842],[-78.290742957895546,44.351799406498031],[-78.290476756534133,44.351159520666791],[-78.290452988908342,44.350998060735058],[-78.290458930365631,44.350783063415498],[-78.290501712631041,44.350596958821377],[-78.290532611083549,44.350521326902687],[-78.290545683367569,44.350482236455235],[-78.290603915757544,44.350370913265017],[-78.290708494029673,44.350214549632796],[-78.290805943271678,44.350097276956021],[-78.290967565462665,44.349946012373863],[-78.291118492311853,44.349837237096345],[-78.291353795220743,44.34970891613203],[-78.291643764207933,44.349587393778826],[-78.291863617890584,44.349530456245787],[-78.292108427670115,44.349483717013733],[-78.29240196207067,44.349462471720742],[-78.292630000303873,44.349459999858361],[-78.292934364793496,44.3494684201209],[-78.293365753759232,44.349496464314285],[-78.294262994658268,44.349656228019462],[-78.294749049702318,44.349792197183554],[-78.295068728670884,44.34991286989775],[-78.295462089255707,44.350113423538538],[-78.29568550835171,44.350259589221018],[-78.295918434318352,44.35044144628359],[-78.296087186437745,44.350602907106406],[-78.296216721705079,44.350752470946482],[-78.296440140801081,44.351076241558182],[-78.296526324271099,44.35117885433246],[-78.29666227710284,44.35120502780692],[-78.297849725042639,44.350856614390551],[-78.298126522032803,44.350764799151335],[-78.298478150482779,44.350593178512483],[-78.298819934295565,44.350392966324726],[-78.299018846452299,44.350261540089946],[-78.299455964872905,44.349874247975556],[-78.299588160051812,44.349738604042471],[-78.299728820953959,44.349554720033616],[-78.300212261900498,44.348858551149213],[-78.300769858773776,44.348242598187561],[-78.300911040698779,44.348108665019161],[-78.301038437077423,44.348001926568379],[-78.301530724632912,44.347620749266412],[-78.301646421353283,44.347522618691556],[-78.30273784657571,44.346563991822201],[-78.30304207631805,44.346330111938201],[-78.303380532771016,44.346137703988909],[-78.303991369197917,44.345858949066383],[-78.304094047533198,44.345809317320004],[-78.304368805347693,44.345735208817636],[-78.304573209804062,44.345665180215157],[-78.304669232521405,44.345608069273638],[-78.304826338881455,44.345493482329474],[-78.304908813207689,44.345410899262788],[-78.304999131622978,44.345294297299311],[-78.305151635913816,44.345080102002449],[-78.305284347624024,44.344864600512835],[-78.305449003425693,44.344564458200267],[-78.305478293893856,44.344488273074106],[-78.305509163600277,44.344390998113369],[-78.305522977892707,44.344317276489477],[-78.305544844683354,44.344206790887263],[-78.305573366193642,44.343933466292377],[-78.305575267028786,44.343824000157788],[-78.3055705140426,44.343646882398701],[-78.305504008168853,44.343482186352738],[-78.30534043932866,44.343203235063392],[-78.30526913555299,44.343049232573009],[-78.305242990984965,44.342919367080619],[-78.305234909740662,44.342725248014375],[-78.305251072229254,44.342578723686884],[-78.305295756228119,44.342392082935092],[-78.30535137272399,44.342256096604949],[-78.305429807326377,44.342107190803752],[-78.305694653130033,44.341705162653653],[-78.305790129671678,44.341532303803547],[-78.305857155669983,44.341265426089819],[-78.305910396121931,44.341157994805684],[-78.306027809522817,44.341002286970884],[-78.3066904607753,44.340203003714208],[-78.306713753192312,44.34014520706716],[-78.306706622365581,44.340098629965944],[-78.306429999648572,44.339920000117552],[-78.305230000447636,44.339190000307475],[-78.304580000169295,44.33904999998294],[-78.303410000207265,44.338869999716927],[-78.302830000249145,44.339059999695962],[-78.302240000245263,44.339350000269079],[-78.302190000016552,44.339300000006766],[-78.301959999862774,44.339070000049745],[-78.301919999679811,44.338959999919005],[-78.301929999725559,44.33885999997149],[-78.302549999866656,44.33792000022401],[-78.302650000324093,44.337770000148268]],[[-78.28687828516901,44.357181650370421],[-78.286898488279746,44.35713491659785],[-78.286892546822457,44.356976872145864],[-78.286883039053507,44.356760197887247],[-78.28686521288499,44.356526528255635],[-78.286820053677346,44.356416915429087],[-78.286500374708766,44.355879895876861],[-78.286246057160241,44.355438890456988],[-78.286133159590293,44.355359016540504],[-78.286048841022776,44.355338345676742]],[[-78.28687828516901,44.357181650370421],[-78.286791532167086,44.357314203077998],[-78.286647736144602,44.357404271307587],[-78.286583562297338,44.357471396873045],[-78.286588316181806,44.357553817148101],[-78.286638229273947,44.357605649057909],[-78.286691706881129,44.357621792929521],[-78.2867867791809,44.357637087694279],[-78.286892546822457,44.357614995611826],[-78.286954342829176,44.357550418806603],[-78.286959096713645,44.357484142436299],[-78.28687828516901,44.357181650370421]]]},"properties":{"OBJECTID":152,"line_name":"7 Lansdowne","ScheduleLink":"https://www.peterborough.ca/living-in-peterborough/transit/routes-and-schedules/route-7-lansdowne/","Shape.STLength()":20279.63472607841,"variant":"7+A","Note":null}},{"type":"Feature","id":153,"geometry":{"type":"LineString","coordinates":[[-78.307419999685521,44.307040000164505],[-78.307412463718606,44.306939022671905],[-78.307241688593194,44.306944230332526],[-78.303454643781961,44.307818375363262],[-78.302643128212154,44.307934856424794],[-78.300128388897377,44.30791419648115],[-78.299849186218864,44.30776161454677],[-78.300142987419051,44.306616661085414],[-78.301884726431865,44.303393214648089],[-78.302074331143942,44.302975144714281],[-78.302299033034146,44.30096341784683]]},"properties":{"OBJECTID":153,"line_name":"7 Lansdowne (7A May to Oct)","ScheduleLink":"https://www.peterborough.ca/living-in-peterborough/transit/routes-and-schedules/route-7-lansdowne/","Shape.STLength()":1989.8943029850259,"variant":"7A","Note":"This part of route 7 is serviced Nov to April only"}},{"type":"Feature","id":156,"geometry":{"type":"MultiLineString","coordinates":[[[-78.314069999561795,44.28629000006012],[-78.313800000123351,44.285710000173829],[-78.313479999557913,44.285029999955029],[-78.313210000119483,44.284449999846643],[-78.313206117600814,44.284443738098716],[-78.313173930065886,44.284362978403927],[-78.31317000076038,44.284349398791029],[-78.313168453507302,44.284335347053194],[-78.313169333963273,44.284321237831904],[-78.313172616147654,44.284307487464858],[-78.313178203209063,44.284294501700614],[-78.31318593028341,44.284282663725698],[-78.313195569358641,44.284272322857404],[-78.313206836003005,44.284263784236153],[-78.313219397758132,44.284257299821256],[-78.31323288394924,44.284253060956132],[-78.313246896623127,44.284251192722046],[-78.315240000422122,44.283759999699022],[-78.318140000212807,44.283030000068408],[-78.320043323687344,44.282519820617473],[-78.320121758289744,44.282469794425332],[-78.3202372708555,44.28242997820724],[-78.323682675584422,44.281593823032665],[-78.327126325903578,44.280747246923696],[-78.327140589033036,44.28074526486796],[-78.327154329136675,44.280740955000347],[-78.327167169043108,44.280734435628453],[-78.327178756291701,44.280725885711682],[-78.327188772807816,44.280715539948687],[-78.327196943634036,44.280703682334853],[-78.327203044477884,44.280690638366465],[-78.327206907868728,44.280676766105721],[-78.327208427754925,44.280662446351784],[-78.327207562414998,44.280648072187681],[-78.327204335602872,44.280634038190016],[-78.326844089614355,44.279857566440107],[-78.326840175314771,44.279840187659943],[-78.326839201174991,44.279822400170154],[-78.326841194243656,44.279804697870347],[-78.326846099179861,44.279787572294673],[-78.326853779789772,44.279771498963576],[-78.326864022808351,44.279756924180155],[-78.326876543820916,44.279744252637812],[-78.326890995160497,44.279733836183247],[-78.3269069755613,44.279725964046861],[-78.326924041300614,44.279720854811785],[-78.326941718519436,44.279718650344513],[-78.329862725413037,44.279037220517914],[-78.333076155491199,44.278285080751495],[-78.33391466813022,44.278086507454965],[-78.333931064622845,44.278082951730269],[-78.333947818005782,44.27808205044856],[-78.333964501336169,44.27808382657809],[-78.333980689456325,44.278088234856007],[-78.33399596982855,44.278095162941845],[-78.334009953048124,44.278104434280401],[-78.334022282766981,44.278115812601079],[-78.334032644774808,44.278129007938986],[-78.334268831625934,44.278636307539863],[-78.33439453288365,44.278897726221494],[-78.334434290058326,44.278959301126271],[-78.33447835951246,44.27901786720048],[-78.334526514431985,44.279073123019721],[-78.334578506976044,44.279124784196625],[-78.334634069552465,44.279172584844503],[-78.334677878592245,44.2792083057913],[-78.335005314513296,44.279414221920696],[-78.335025682204829,44.279426367800511],[-78.335043676109834,44.279441813985699],[-78.335058767420634,44.279460106541372],[-78.335070512631418,44.279480707883025],[-78.335078566572108,44.279503012575226],[-78.33508269255222,44.279526365124177],[-78.335082769316813,44.279550079241531],[-78.335078794609913,44.27957345801309],[-78.335070885240825,44.27959581437986],[-78.335045406447151,44.279652045753323],[-78.335025520458444,44.279710489604511],[-78.335011416028408,44.279770591196353],[-78.335003227033425,44.279831780056853],[-78.335001031201756,44.279893475393891],[-78.335004849375778,44.279955091607953],[-78.33501464531416,44.280016043850566],[-78.335073235233622,44.280290025796148],[-78.335257497664699,44.280684101960553],[-78.335453146242003,44.281102917777083],[-78.334481187070878,44.281372641047824],[-78.334463049171163,44.281376054379855],[-78.334445777405179,44.28138255978849],[-78.334429894595715,44.281391960352586],[-78.334415881521338,44.281403971513562],[-78.334404162363001,44.281418229689109],[-78.334395091864025,44.281434303278942],[-78.33438894459178,44.281451705729502],[-78.33438590662648,44.281469910262139],[-78.334386069928456,44.281488365818873],[-78.33438942955452,44.281506513743118],[-78.334736953601976,44.282352065368705],[-78.334757353171071,44.28237965728578],[-78.334782039442103,44.282403490966352],[-78.334810331024499,44.282422908553052],[-78.334841447013829,44.282437374081546],[-78.334874528546422,44.282446488274253],[-78.33490866250564,44.282449999561166],[-78.334942906725743,44.282447811023729],[-78.334976315997622,44.28243998306997],[-78.335725811880195,44.282250485908165],[-78.335754373060695,44.282246294914046],[-78.335781853818943,44.282237456736098],[-78.335807503455669,44.282224212809211],[-78.335830621292828,44.282206924921304],[-78.335850575814248,44.282186065330265],[-78.335866821916895,44.282162203863166],[-78.335878915801587,44.282135992350121],[-78.335886527096449,44.282108146818089],[-78.335889447881669,44.282079427930981],[-78.335887598369368,44.282050620210356],[-78.335881029083197,44.282022510604477],[-78.33541595868418,44.281022993411518]],[[-78.314069999561795,44.28629000006012],[-78.314450000401706,44.28710999970717]],[[-78.314450000401706,44.28710999970717],[-78.314370000035765,44.286939999779868],[-78.314069999561795,44.28629000006012]],[[-78.319279360437122,44.295289858265136],[-78.319260143676559,44.295100039276825],[-78.319252094771599,44.294672241215466],[-78.319246743507463,44.294614947519875],[-78.319208527378635,44.294055710740878],[-78.319127983531956,44.293014476368072],[-78.319067982359186,44.292344475795247],[-78.319028879593191,44.292096147430648],[-78.318953828944444,44.291938125705265],[-78.318337131010324,44.290687397571098],[-78.318042408138652,44.290053140103531],[-78.317734375827726,44.289405265979376],[-78.317516457116227,44.288939848543379],[-78.317500512152748,44.288919828003465],[-78.317481541702321,44.288902647028806],[-78.317460044355428,44.288888757178],[-78.317436585115587,44.288878523510746],[-78.317411780549776,44.288872214993177],[-78.317386282583442,44.288869997428769],[-78.317360761366331,44.288871929100608],[-78.317335887659269,44.288877959239578],[-78.316971900187596,44.288975160366526],[-78.315553230385277,44.289328326943888],[-78.315547586399958,44.289329599236069],[-78.315541812413642,44.28932996581436],[-78.315536052842461,44.289329417510061],[-78.315530451742049,44.289327968037092],[-78.315525149204419,44.289325653648987],[-78.315520277854077,44.289322532232092],[-78.31551595953087,44.289318681857772],[-78.315512302242624,44.289314198829736],[-78.31465000041824,44.287569999767193],[-78.314450000401706,44.28710999970717]],[[-78.319280322532776,44.295290595107922],[-78.319334621200142,44.295871766384629]],[[-78.31970522117058,44.300596903682006],[-78.319675263254197,44.300049548406541],[-78.319635688872651,44.299571029629476],[-78.319613922693307,44.299247758989431],[-78.319557716902622,44.298172310173527],[-78.319466823565534,44.297148529633795],[-78.319393005405388,44.296690780348456],[-78.319366137693549,44.296345093850178],[-78.319346113347549,44.296122006378695],[-78.31933936610146,44.295942384889059],[-78.319334503520835,44.295872895427514]],[[-78.319705420596591,44.300596908182413],[-78.319606398404517,44.300685628573071],[-78.319570976934529,44.300717577344564],[-78.319560415862256,44.300725622481828],[-78.319548860859797,44.300732160248998],[-78.319536525645077,44.300737069725457],[-78.319518913275616,44.300743293733476],[-78.319477635902587,44.30075489532809],[-78.319435062730363,44.30075998880713],[-78.319060016099243,44.300776859390254],[-78.319017833986479,44.300774520319273],[-78.318975814873923,44.300778901651334],[-78.318935022666736,44.300789892453075],[-78.318896490205361,44.300807214442308],[-78.3188611931145,44.300830429034008],[-78.318830025100738,44.300858948445082],[-78.318803775324241,44.300892050576799],[-78.318783108417605,44.300928897297965],[-78.318768547657697,44.300968555666074],[-78.318760461716437,44.301010021548969],[-78.31875905532624,44.301052245049028],[-78.318760021015152,44.301056113415498],[-78.318886942185031,44.301542434549042],[-78.318930030775945,44.301707755622161],[-78.318948279293551,44.30178760983636],[-78.31896139266351,44.301868466149962],[-78.318969317386475,44.301949994689053],[-78.318972021131543,44.302031862837218],[-78.318969492868078,44.302113736592503],[-78.318772856143937,44.303009539059282],[-78.318743985189016,44.303138477172091],[-78.318727083560589,44.303225114969969],[-78.318715137484944,44.303312573899426],[-78.318708185646543,44.303400570746],[-78.318706250557199,44.303488820553333],[-78.318706543407984,44.303490231030999],[-78.318710821185363,44.303598411479477],[-78.318777516603646,44.304603692268522],[-78.31878799796948,44.30462715953221],[-78.318802352184093,44.304648479194917],[-78.31882015309732,44.304667018315243],[-78.318840872232968,44.304682226500965],[-78.318863894478156,44.304693652249128],[-78.318888536344957,44.304700956350388],[-78.318914066261868,44.304703921959465],[-78.318939726292825,44.30470246103291],[-78.318977397144252,44.304701170800385],[-78.319872261101054,44.304651844295876],[-78.319982782627079,44.304650993783149]],[[-78.321841627816951,44.304606184665019],[-78.32169312552071,44.304614764371131],[-78.321449741367516,44.30458754922531],[-78.320084984855271,44.304644190323486],[-78.319982782627079,44.304650993783149]],[[-78.319982782627079,44.304650993783149],[-78.319979999646336,44.304589999836118],[-78.319897136349582,44.303126395463941],[-78.319814459004093,44.302036933141807],[-78.319768218224837,44.301245461188572],[-78.319743981678471,44.300939997376815],[-78.319740086583408,44.300843435173334],[-78.319732574870997,44.300717013512589],[-78.319721432168208,44.30065456185752],[-78.319705477190439,44.30059701940602]]]},"properties":{"OBJECTID":156,"line_name":"2 Chemong","ScheduleLink":"https://www.peterborough.ca/living-in-peterborough/transit/routes-and-schedules/route-2-chemong/","Shape.STLength()":8497.4706782668309,"variant":"2+B","Note":null}},{"type":"Feature","id":157,"geometry":{"type":"MultiLineString","coordinates":[[[-78.321791651842759,44.304573123277159],[-78.321986768617421,44.304561543944061],[-78.322181446115891,44.30454999096623],[-78.322457749930976,44.30453421305733],[-78.322819202356897,44.304515152015952],[-78.323167206104714,44.304496140469304],[-78.323280477373814,44.304487397457244],[-78.32329047741959,44.3045673972548],[-78.323312726892524,44.304853184040589],[-78.32334321571328,44.305681790773441],[-78.323353215759028,44.30575179062447],[-78.323353215759028,44.305821791034838],[-78.323373215850509,44.306181790724793],[-78.323383215896243,44.306241791101307],[-78.323383215896243,44.306261790784632],[-78.323401264846936,44.306553459076419],[-78.323466985593114,44.307472637383711],[-78.323476985638877,44.307562637553424],[-78.323526985867588,44.308252637698438],[-78.323611974578299,44.30927205659431],[-78.32355197430384,44.309382056482036],[-78.323501974075114,44.309432056538128],[-78.323440000201998,44.309469999933235],[-78.323210000048206,44.309510000307306],[-78.321749999657968,44.309560000254457],[-78.321470000173804,44.309569999853096],[-78.32086000007844,44.309599999924359],[-78.320429999908129,44.309599999924359],[-78.320310000257535,44.309610000159019],[-78.320209999800099,44.309610000159019],[-78.319760000436631,44.309629999980338],[-78.319560000420083,44.309640000209825],[-78.319290000083342,44.30964999979485],[-78.319199999671653,44.30964999979485],[-78.319609785951428,44.315966273010083],[-78.31905683516483,44.316093221015734],[-78.318586834811541,44.316213220083291],[-78.318266834246089,44.316293219325324],[-78.317906834395984,44.316383219467049],[-78.316241163823122,44.316829636151951],[-78.314761165138023,44.317209636265353],[-78.314701164863564,44.317229636710572],[-78.314383142388365,44.31729379195864],[-78.313733142110024,44.317453791243658],[-78.310711975757187,44.318184153535121],[-78.310701975711424,44.318184153535121],[-78.310640000041658,44.31820999981398],[-78.310629999995925,44.31832000030294],[-78.310609999904457,44.318449999972209],[-78.310359999659198,44.319710000282917],[-78.310260000100087,44.320289999849905],[-78.310209999871361,44.320529999855182],[-78.310199999825613,44.320599999993142],[-78.310130000403745,44.321019999709755],[-78.310039999992043,44.321470000063492],[-78.309949999580368,44.321900000047329],[-78.309870000112724,44.322350000078117],[-78.309809999838279,44.32270999993117],[-78.309720000324916,44.323170000027631],[-78.309660000050457,44.323599999762024],[-78.309660000050457,44.323900000041704],[-78.309740000416383,44.324370000094504],[-78.309880000158486,44.325280000076418],[-78.310039999992043,44.326320000304982],[-78.31011000031225,44.326769999848288],[-78.31011000031225,44.327060000152429],[-78.310070000129286,44.327270000075956],[-78.30996999967185,44.327500000047614],[-78.309789999746798,44.328019999816249],[-78.309569999638754,44.328589999914037],[-78.309159999559952,44.329569999692346],[-78.308750000379419,44.330299999744348],[-78.308409999722485,44.330900000281439],[-78.308330000254855,44.331240000195855],[-78.308330000254855,44.331329999899971],[-78.308370000437833,44.331959999744868],[-78.308449999905463,44.332849999956416],[-78.308490000088426,44.333710000216833],[-78.308819999801315,44.335689999852789],[-78.308839999892797,44.335849999727166],[-78.30910000018379,44.337240000062742],[-78.30910000018379,44.337520000025961],[-78.309060000000841,44.337699999938749],[-78.308940000350233,44.33798000027538],[-78.308750000379419,44.338259999917433],[-78.308459999951211,44.338519999902289],[-78.308009999689403,44.338919999703471],[-78.307279999943447,44.339550000249581],[-78.306859999818869,44.34002000018463],[-78.306809999590158,44.34010999990646],[-78.306750000214024,44.340210000291968],[-78.306079999844201,44.34102999984637],[-78.305970000239341,44.341179999934347],[-78.305920000010616,44.341289999754935],[-78.305810000405785,44.341580000220041],[-78.305459999703089,44.342129999931323],[-78.305340000052496,44.342410000313691],[-78.305279999778037,44.342730000214601],[-78.305330000006734,44.343059999969405],[-78.305620000434971,44.343680000150492],[-78.305570000206274,44.344300000198906],[-78.305469999748837,44.344599999961375],[-78.305319999961,44.34490000011585],[-78.304929999973666,44.345440000251081],[-78.304689999774155,44.345630000138733],[-78.304390000198495,44.345770000169068],[-78.304119999861754,44.345839999737656],[-78.304079999678791,44.345860000057883],[-78.303390000115797,44.34616999997349],[-78.30305000035716,44.346369999815728],[-78.302759999928938,44.346579999975688],[-78.301670000332862,44.347550000220053],[-78.301060000237499,44.348020000260803],[-78.300769999809276,44.348290000069696],[-78.300219999988371,44.348900000221661],[-78.299739999589349,44.349580000048007],[-78.299480000196667,44.349879999768341],[-78.298839999964073,44.350420000277431],[-78.298500000205451,44.350619999750577],[-78.297870000018591,44.350889999787526],[-78.296520000131508,44.351300000177289]],[[-78.296520000131508,44.351300000177289],[-78.296479999948545,44.35121999985644],[-78.296170000327137,44.350760000067751],[-78.295950000219122,44.350499999763144],[-78.295780000339803,44.350369999820686],[-78.295679999882381,44.35027999979048],[-78.295049999695522,44.349930000000676],[-78.294750000119876,44.349800000078709],[-78.29425999967512,44.349690000166575],[-78.293370000095578,44.349490000089382],[-78.292630000303873,44.349459999858361],[-78.292200000133548,44.349480000228212],[-78.291749999871755,44.349570000202142],[-78.291339999792925,44.349730000100095],[-78.291000000034302,44.349950000210185],[-78.290749999789057,44.350220000121766],[-78.290660000275665,44.350369999820686],[-78.29056999986399,44.350510000092655],[-78.290500000442123,44.350819999825987],[-78.290519999635279,44.351140000068717],[-78.290810000063502,44.351849999908758]],[[-78.296520000131508,44.351300000177289],[-78.296619999690634,44.351480000178732],[-78.296999999632234,44.352110000005574],[-78.297294325448547,44.352649841222856]],[[-78.290810000063502,44.351849999908758],[-78.290949999805591,44.352130000113483],[-78.291060000308761,44.352360000221502],[-78.291179999959368,44.352679999763957],[-78.291210000096584,44.353000000128446],[-78.291149999822139,44.353310000180272],[-78.29082000010925,44.353940000247391],[-78.290759999834791,44.354029999795827],[-78.290420000076182,44.354530000123113],[-78.290009999997338,44.355040000237103],[-78.289630000055737,44.355559999876526],[-78.289149999656715,44.356379999888205],[-78.288900000309781,44.356989999981195],[-78.288829999989588,44.357469999896502],[-78.288890000264033,44.357730000108937],[-78.289270000205633,44.358180000121813],[-78.289409999947722,44.358410000249641],[-78.289480000267929,44.358629999890127],[-78.289480000267929,44.358860000178353],[-78.289440000084952,44.359069999904314],[-78.289080000234847,44.360000000286838],[-78.288969999731663,44.360260000191225],[-78.288850000081055,44.36024000028894],[-78.28862999997304,44.360229999692997],[-78.28840999986501,44.360229999692997],[-78.287940000410046,44.360219999737609],[-78.287700000210535,44.360219999737609],[-78.287350000406164,44.360219999737609],[-78.287270000040223,44.360209999780473],[-78.287169999582801,44.360209999780473],[-78.286799999686934,44.360209999780473],[-78.28665999994486,44.360199999821674],[-78.286649999899126,44.360199999821674],[-78.286350000323466,44.360169999934946],[-78.286079999986711,44.36005000023453],[-78.285869999924429,44.359850000187649],[-78.28572665755118,44.359617121302364],[-78.285700000045125,44.359570000259637],[-78.285679999953629,44.359519999902282],[-78.285626831366912,44.359286770311478],[-78.285619701438506,44.359251084596039],[-78.285505203969024,44.358708374132938],[-78.285550000257288,44.358040000188403],[-78.285550000257288,44.357969999775129],[-78.285459999845614,44.357750000225693],[-78.285419999662636,44.357630000064944],[-78.285219999646102,44.357370000051041],[-78.285140000178458,44.356999999845598],[-78.285120000086991,44.356539999821479],[-78.285289999966295,44.356120000108568],[-78.28544999979988,44.355889999984178],[-78.285619999679199,44.355699999954531],[-78.285900000061659,44.355430000238684],[-78.286009999666533,44.355319999974029]],[[-78.286009999666533,44.355319999974029],[-78.286189999591585,44.354539999764981],[-78.286389999608119,44.353610000078113],[-78.286449999882578,44.353289999832754],[-78.286469999974045,44.353180000047402],[-78.28900999991464,44.352610000013335],[-78.289870000255249,44.352380000244096],[-78.290719999651827,44.351890000295207],[-78.290810000063502,44.351849999908758]],[[-78.286009999666533,44.355319999974029],[-78.286140000261184,44.35534999977471],[-78.286300000094755,44.355449999855892],[-78.286530000248518,44.355869999874812],[-78.286880000052875,44.356509999987694],[-78.286890000098623,44.356519999933965],[-78.286910000190119,44.35676000006012],[-78.286930000281586,44.356939999991347],[-78.286940000327334,44.357089999832858],[-78.286910000190119,44.357190000156116]],[[-78.286910000190119,44.357190000156116],[-78.286789999641201,44.357360000249791],[-78.286609999716148,44.357469999896502],[-78.286609999716148,44.357540000264798],[-78.286669999990593,44.357600000146924],[-78.286680000036341,44.357600000146924],[-78.286770000448044,44.357630000064944],[-78.286819999778444,44.35762000030806],[-78.286870000007141,44.357609999907218],[-78.286910000190119,44.357540000264798],[-78.286940000327334,44.357490000102011],[-78.286910000190119,44.357190000156116]]]},"properties":{"OBJECTID":157,"line_name":"Excalibur","ScheduleLink":"","Shape.STLength()":14396.441247621597,"variant":"px","Note":"Night Route"}},{"type":"Feature","id":158,"geometry":{"type":"MultiLineString","coordinates":[[[-78.319913617740085,44.304681780665632],[-78.320080944233126,44.30467327618473],[-78.321447602478827,44.30461714555112]],[[-78.319913617740085,44.304681780665632],[-78.319859188817034,44.304683311330635],[-78.318977397144252,44.304724983846839],[-78.318853803334207,44.304729236405144],[-78.318859999913045,44.304840000172362],[-78.318930000233223,44.305889999729828],[-78.318940000278985,44.305979999754733],[-78.318950000324719,44.306060000089595],[-78.318989999609371,44.306780000125521],[-78.318999999655119,44.306919999696227],[-78.319019999746587,44.307060000218684],[-78.319019999746587,44.307129999711876],[-78.319019999746587,44.307189999762066],[-78.319029999792335,44.307279999722297],[-78.319039999838097,44.307459999871618],[-78.319069999975312,44.307819999799968],[-78.319069999975312,44.307860000012823],[-78.319110000158275,44.30843999971497],[-78.319130000249771,44.308950000303504],[-78.319130000249771,44.309149999816263],[-78.319140000295505,44.309200000070092],[-78.319140000295505,44.309360000210333],[-78.319199999671653,44.30964999979485]],[[-78.319508849449491,44.316220100616299],[-78.318150000258555,44.31827000010626],[-78.31799000042497,44.31851000001906],[-78.317269999826436,44.319599999829038],[-78.316180000230375,44.321289999822064],[-78.316239999606509,44.321350000178157],[-78.316709072000094,44.32178498887437],[-78.316789704780007,44.321850294034732]],[[-78.316789983257749,44.321849639145448],[-78.318069244409443,44.319945936945302],[-78.318955392911363,44.318601636324182],[-78.318977044106333,44.318475131434482],[-78.319976227620458,44.316964015485084],[-78.320491992645884,44.316153690102347],[-78.320554978022045,44.316045703119407],[-78.320607267158096,44.315950469889167],[-78.320651237894623,44.315848433700644],[-78.320659557192471,44.315781260470651],[-78.320666687120877,44.315707284343659],[-78.320669064063111,44.31567157145345],[-78.320608455629213,44.314618038806159],[-78.320515760271675,44.313357856518408],[-78.320496978295708,44.312702465107627],[-78.320430968292001,44.312108588016159],[-78.320355385840628,44.310896312334805],[-78.320312603575218,44.310312615065399],[-78.320306899273177,44.310142198912686],[-78.320291212891675,44.309961577678983],[-78.320269821309807,44.309684011613037],[-78.320254134928334,44.309634009200281],[-78.320219909115991,44.309199288471667],[-78.320209926138247,44.308989070872464],[-78.320181404627988,44.3086461894232],[-78.320167143872837,44.308380862972136],[-78.320131491535861,44.307641004218546],[-78.320105822176615,44.307154223190274],[-78.320018832019429,44.305981646099283],[-78.319920432359837,44.304778429128646],[-78.319913617740085,44.304681780665632]],[[-78.316789336470734,44.321850621800714],[-78.316883766475101,44.321919322154187],[-78.318321728496457,44.323361262292522],[-78.319053782689494,44.324111124354161],[-78.319120000204038,44.324260000023138],[-78.320500000228336,44.325670000154005],[-78.320569999650218,44.325729999886349],[-78.321389999807863,44.326530000307258],[-78.321880000252634,44.327009999692628],[-78.32226000019422,44.327380000286666],[-78.322339999661864,44.327470000130411],[-78.322589999907109,44.32770999968114],[-78.322709999557716,44.327899999833932],[-78.322779999877909,44.328100000310684],[-78.322810000015124,44.328529999894037],[-78.322810000015124,44.328929999724942],[-78.322810000015124,44.329330000040997],[-78.322810000015124,44.32965000000052],[-78.322810000015124,44.330250000118632],[-78.322810000015124,44.330779999765447],[-78.322823825985679,44.331089960542272],[-78.323001725649604,44.331704545132233],[-78.323407504544917,44.332292662501928],[-78.323792765919123,44.332660678317801],[-78.324389817697963,44.333031972072362],[-78.324868784136115,44.333263531416037],[-78.325277493335861,44.333398163542029],[-78.32583512614174,44.333554147305527],[-78.32773412332989,44.334122656892809],[-78.328851318522851,44.33445369910411],[-78.329095095239822,44.334566592689264],[-78.3294981504432,44.33482613100405],[-78.329813564210795,44.335083558732968],[-78.33026504489618,44.335519302083192],[-78.334074234975816,44.339391510033899],[-78.325531561152729,44.341497425774463],[-78.318350002071725,44.343148365784003],[-78.3101612015885,44.345105897243172],[-78.309751877042757,44.344249009671707],[-78.309676488627503,44.344304552474988],[-78.309566205155008,44.344372542982434],[-78.309198277672508,44.344650625283833],[-78.308306503021981,44.345336645069594],[-78.308236149663855,44.345397155964449],[-78.30792000017604,44.345630000138733],[-78.307115252513597,44.346233422700791],[-78.306169347180671,44.346915493737342],[-78.304439929460301,44.348150671574238],[-78.304350561462584,44.348216618034144],[-78.304195593991238,44.348332194714544],[-78.303455031854156,44.348918215603511],[-78.302900581779326,44.349330056065476],[-78.300020987220307,44.351451319719189],[-78.298784102295514,44.352368398227725],[-78.29803999989791,44.352889999798769],[-78.297930000293036,44.352920000201145],[-78.297737361071938,44.352925163955796],[-78.297610915110866,44.35287893744762],[-78.29741696884102,44.35274161561091],[-78.297294325448547,44.352649841222856]]]},"properties":{"OBJECTID":158,"line_name":"6 Sherbrooke","ScheduleLink":"https://www.peterborough.ca/living-in-peterborough/transit/routes-and-schedules/route-6-sherbrooke/","Shape.STLength()":13248.883200826871,"variant":"6","Note":null}},{"type":"Feature","id":159,"geometry":{"type":"MultiLineString","coordinates":[[[-78.319199999671653,44.30964999979485],[-78.319269955974406,44.310903742440978],[-78.319370360673702,44.312143016862471],[-78.319440040295348,44.313409964047054],[-78.31953978563125,44.314642777256665],[-78.319599786804005,44.315612777510793],[-78.319609785951428,44.315902777050994],[-78.319609785951428,44.316012777366034],[-78.319578849769698,44.316090101148546],[-78.319508849449491,44.316220100616299]],[[-78.291766544144352,44.357136443325359],[-78.291724323325994,44.357136758048327],[-78.291503261409289,44.357182435892625],[-78.291162785543577,44.357293831568839],[-78.291139968335344,44.357305047878491],[-78.291075437856918,44.357346088261913],[-78.290900215172556,44.357462821684322],[-78.29087543784037,44.357553465174753],[-78.290859110960085,44.357613193355888],[-78.290905093922859,44.357687279774986],[-78.290994172663062,44.357726895301965],[-78.291469850368941,44.357761010916825],[-78.291546884497805,44.357766099739898],[-78.291566437228283,44.357637754387412],[-78.291599153870919,44.357512075532071],[-78.291679068896926,44.357314327682225],[-78.291766510906669,44.35713651076599],[-78.291872744773855,44.356994369502715],[-78.292219734323709,44.356645813230344],[-78.292436222018964,44.356493266821765],[-78.292485897955885,44.356464206647651],[-78.292672476243766,44.356358842520983],[-78.292853825438371,44.356277439897077],[-78.293002850554132,44.356218299987425],[-78.293431387368827,44.356086424357592],[-78.29347131748321,44.356076227792485],[-78.293564250894306,44.356055155099703],[-78.294140000024512,44.355920000135363],[-78.294899999907713,44.355749999717823],[-78.295226820482782,44.355642021397529],[-78.295550302019961,44.355462900013237],[-78.295805569986044,44.355246219514115],[-78.296000705625332,44.355003196876204],[-78.296112177568943,44.354761193231063],[-78.296132854990148,44.354672990728794],[-78.296154008518457,44.354501684067337],[-78.296153533309663,44.354496415110994],[-78.296135945194735,44.3542601877135],[-78.296009737287207,44.353798776183091],[-78.295990485492339,44.353732835361633],[-78.295972421270278,44.353610811341397],[-78.295966955021782,44.353544700732975],[-78.295991197856367,44.353404661462221],[-78.296044913517093,44.353279917116481],[-78.296135231932382,44.353140047431886],[-78.296308262727464,44.353001366379424],[-78.296493415388994,44.352898715686429],[-78.297070739265891,44.352696981319816],[-78.297294325448547,44.352649841222856]]]},"properties":{"OBJECTID":159,"line_name":"6 Sherbrooke","ScheduleLink":"https://www.peterborough.ca/living-in-peterborough/transit/routes-and-schedules/route-6-sherbrooke/","Shape.STLength()":2396.7345043482046,"variant":"6","Note":null}},{"type":"Feature","id":160,"geometry":{"type":"MultiLineString","coordinates":[[[-78.322185386126733,44.304606958677191],[-78.321624618200502,44.304632683005487],[-78.321006706642436,44.304661028932856],[-78.320137273991335,44.30470542336041],[-78.31997684027148,44.304710525789183],[-78.319797391912005,44.304718180395803],[-78.318975020202004,44.30475560033117],[-78.318797948784777,44.304762403777872],[-78.318578095102154,44.304770058377727],[-78.318209999634689,44.304769999876989],[-78.318019999663889,44.304870000089764],[-78.317920000104792,44.304959999749883],[-78.317829999693103,44.305099999804156],[-78.317856923100479,44.30544999976464],[-78.317859999830318,44.305629999739935],[-78.31791000005903,44.306019999935792],[-78.316970000250777,44.306079999834864],[-78.316380000246909,44.306100000216134],[-78.315780000197293,44.306130000132434],[-78.31549999981479,44.306109999761375],[-78.314329999852788,44.305910000175885],[-78.313109999662046,44.305690000037636],[-78.31287000036086,44.30570999990897],[-78.312789999994919,44.30570999990897],[-78.31208000034043,44.305880000147106],[-78.312090000386164,44.305759999878831],[-78.312100000431926,44.305389999864545],[-78.3120500002032,44.304760000103471],[-78.312030000111719,44.304440000023313],[-78.311999999974489,44.303879999864392],[-78.31193999970003,44.303179999707424],[-78.311870000278148,44.301980000224816],[-78.311830000095171,44.301349999871043],[-78.311799999957955,44.300830000313141],[-78.311799999957955,44.300740000107595],[-78.311799999957955,44.300700000186268],[-78.310969999754562,44.300710000008429],[-78.310500000299584,44.30073000029055],[-78.310240000008577,44.300740000107595],[-78.310139999551168,44.300740000107595],[-78.308910000213004,44.300780000001673],[-78.308700000150722,44.300780000001673],[-78.308399999676752,44.300789999810206],[-78.307599999610574,44.300810000065077],[-78.306160000210141,44.30085999970813],[-78.304529999940584,44.30091999973785],[-78.304550000032066,44.300960000152216],[-78.304990000248125,44.301859999699019],[-78.305330000006734,44.302600000105706],[-78.305859999736185,44.303760000007792],[-78.306210000438853,44.304519999885457],[-78.306469999831549,44.305040000189138],[-78.306760000259757,44.305670000159495],[-78.306800000442735,44.305750000273967],[-78.307049999789683,44.306280000126826],[-78.307340000217891,44.306880000128459],[-78.307370000355135,44.306949999836299],[-78.307340708090337,44.306995167799165],[-78.306275902644728,44.307251996406684],[-78.305605645356735,44.307401670829954],[-78.305493936257903,44.307423781835766],[-78.30535132870655,44.3074560978568],[-78.303687570646915,44.307840486212108],[-78.303580000086583,44.307890000315311],[-78.30357000004085,44.307910000079922],[-78.303440000344509,44.30806999987972],[-78.30305000035716,44.308299999912599],[-78.302899999671027,44.30843999971497],[-78.302830000249145,44.308599999998499],[-78.302719999745975,44.309020000114053],[-78.30264000027833,44.309380000116839],[-78.302607900778298,44.309524448826323]],[[-78.302610000141115,44.309799999793498],[-78.302620000186849,44.30973000027037],[-78.30264000027833,44.309380000116839],[-78.302610000141115,44.309799999793498]],[[-78.302610000141115,44.309799999793498],[-78.302610000141115,44.309850000136386]],[[-78.302739999837456,44.309850000136386],[-78.302870000432108,44.309899999793892]],[[-78.302739999837456,44.309850000136386],[-78.302879999579545,44.309909999977435],[-78.302919999762508,44.309979999928665],[-78.302889999625279,44.310049999796455],[-78.302800000111915,44.310099999926365],[-78.302769999974686,44.310099999926365],[-78.302630000232597,44.310120000223527],[-78.302610000141115,44.309850000136386]],[[-78.302610000141115,44.309850000136386],[-78.302739999837456,44.309850000136386]],[[-78.302850000340626,44.309890000251471],[-78.302739999837456,44.309850000136386],[-78.302610000141115,44.309850000136386],[-78.302610000141115,44.309799999793498],[-78.302620000186849,44.30973000027037],[-78.302630223014802,44.309516877769397],[-78.30264000027833,44.309380000116839],[-78.302719999745975,44.309020000114053],[-78.302830000249145,44.308599999998499],[-78.302899999671027,44.30843999971497],[-78.30305000035716,44.308299999912599],[-78.303440000344509,44.30806999987972],[-78.30357000004085,44.307910000079922],[-78.303580000086583,44.307890000315311],[-78.303687570646915,44.307840486212108],[-78.30535132870655,44.3074560978568],[-78.305493936257903,44.307423781835766],[-78.305605645356735,44.307401670829954],[-78.306275902644728,44.307251996406684],[-78.307340708090337,44.306995167799165],[-78.307357159836457,44.306969799997482],[-78.31208000034043,44.305880000147106]]]},"properties":{"OBJECTID":160,"line_name":"4 Weller","ScheduleLink":"https://www.peterborough.ca/living-in-peterborough/transit/routes-and-schedules/route-4-weller/","Shape.STLength()":6310.6437577834959,"variant":"4+A","Note":null}},{"type":"Feature","id":161,"geometry":{"type":"MultiLineString","coordinates":[[[-78.326699999842788,44.304369999893787],[-78.326590000237914,44.304369999893787],[-78.325539999926519,44.304419999719329]],[[-78.326699999842788,44.304369999893787],[-78.326719999934269,44.304700000140961],[-78.326770000162995,44.30526000019195],[-78.326780000208728,44.305620000112974],[-78.326810000345944,44.305949999761779],[-78.32684999963061,44.306560000033699],[-78.326869999722092,44.30690000023715],[-78.326899999859336,44.307269999733514],[-78.326950000088047,44.307809999903185],[-78.326970000179529,44.307929999837668],[-78.327000000316758,44.308000000221824],[-78.327039999601411,44.30806999987972],[-78.327109999921603,44.308140000096913],[-78.32721000037904,44.30821000023063],[-78.327220000424788,44.308220000059272],[-78.327319999983899,44.308269999819657],[-78.327390000304092,44.3083099997259],[-78.32740000034984,44.308320000180295],[-78.327760000199959,44.308499999711685],[-78.327819999576093,44.308529999687067],[-78.32785999975907,44.308560000289944],[-78.327899999942034,44.308590000234602],[-78.327920000033515,44.308620000163984],[-78.327950000170745,44.308650000078025],[-78.327970000262241,44.308679999976739],[-78.328000000399456,44.30870999986012],[-78.328010000445204,44.308739999728125],[-78.328029999638375,44.308779999956897],[-78.328059999775604,44.308840000248885],[-78.328160000233026,44.309080000160741]],[[-78.325539999926519,44.304419999719329],[-78.326699999842788,44.304369999893787]],[[-78.325539999926519,44.304419999719329],[-78.324420000193214,44.304479999968031],[-78.323446251578048,44.304512708473602],[-78.32327892508502,44.304524955113536],[-78.32315342954152,44.304530398278068],[-78.321841627816951,44.304606184665019]],[[-78.328160000233026,44.309080000160741],[-78.328190000370256,44.308829999883088],[-78.328160000233026,44.308579999826215],[-78.32808999991282,44.308220000059272],[-78.328069999821338,44.308119999767882],[-78.328059999775604,44.30806000002552],[-78.328039999684123,44.307819999799968],[-78.328019999592641,44.30746999982798],[-78.328010000445204,44.307239999756995],[-78.327980000307974,44.30681999976143],[-78.327960000216478,44.30651000010235],[-78.327930000079263,44.306140000315423],[-78.327909999987781,44.305899999953702],[-78.327879999850538,44.305539999821278],[-78.327869999804804,44.305209999796162],[-78.32783999966756,44.304829999767954],[-78.327829999621827,44.304659999703304],[-78.32781000042867,44.304489999789233],[-78.327800000382922,44.304310000175533],[-78.327786875996608,44.304080328445544],[-78.327778604327833,44.304056378193067],[-78.327766495540615,44.304034120332197],[-78.327750881338531,44.304014164586377],[-78.327732189451112,44.303997057615774],[-78.327710931916897,44.30398326804228],[-78.327687691056738,44.303973173612277],[-78.327663103521985,44.303967050848755],[-78.327637842854301,44.303965067476405],[-78.327612601034858,44.303967277826956],[-78.327550000137677,44.303969999756582],[-78.327319999983899,44.303969999756582],[-78.32718000024181,44.303969999756582],[-78.326814349988567,44.303987836942746],[-78.326794096345779,44.303987664002385],[-78.326774107202638,44.303990931128112],[-78.326754962588083,44.303997543517099],[-78.326737218025229,44.304007309296324],[-78.326721388411627,44.304019945090218],[-78.32670793307831,44.304035084243424],[-78.326697242461393,44.304052287460109],[-78.326689626772634,44.304071055551091],[-78.326685306998002,44.304090843918928],[-78.326699999842788,44.304369999893787]],[[-78.328160000233026,44.309080000160741],[-78.328170000278774,44.309279999873318],[-78.328170000278774,44.309360000210333],[-78.328180000324522,44.309419999909466],[-78.32824999974639,44.31062000029528],[-78.328340000158093,44.311869999837327],[-78.328419999625709,44.313099999835345],[-78.328449999762952,44.31339999981229],[-78.328459999808686,44.313670000280098],[-78.328459999808686,44.313728258172979],[-78.328460655554935,44.313736112972137],[-78.328462530415848,44.313743768869827],[-78.328465578346595,44.313751037844384],[-78.328493590512096,44.31380646362755],[-78.32849876351689,44.313818623921726],[-78.328501975197483,44.3138314425738],[-78.32850314683597,44.313844605400107],[-78.328502249715612,44.313857789781331],[-78.328499305824735,44.313870672569834],[-78.328494387317761,44.313882938009989],[-78.328434429264121,44.314007351603578],[-78.327977370939138,44.314914472092006],[-78.327908640836753,44.315075506268876],[-78.327902004224811,44.315095931416693],[-78.327898856113194,44.315117175725931],[-78.327899284145204,44.315138647755873],[-78.327903276404456,44.315159749726106],[-78.327910721746591,44.315179894158632],[-78.327921412893616,44.315198520233288],[-78.327935052204424,44.315215109400903],[-78.327986640654544,44.315271091708766],[-78.328195560941865,44.315497613251495],[-78.328351716884342,44.315695053534469],[-78.328939974156569,44.316305736028795],[-78.329369223335291,44.316750097196213],[-78.329566735018489,44.316926105857867],[-78.329622763841087,44.316993963571953],[-78.329685099735272,44.317068953591495],[-78.330145010211297,44.317528613566893],[-78.330768919820514,44.31816784647728],[-78.331111891206106,44.318517303831868],[-78.331178203942059,44.318583624261635],[-78.331242377789323,44.318646883372111],[-78.331621714774244,44.319038681499791],[-78.332252754311881,44.319672285883165],[-78.3328923503026,44.320353836831366],[-78.333118383496085,44.320575237061043],[-78.33319539157381,44.320651247596658],[-78.333274539438548,44.320730319169598],[-78.333658867463186,44.321133325973655],[-78.334370480491899,44.321859240760197],[-78.335248231542536,44.322772870919763],[-78.335284596243568,44.322846327860972],[-78.33527999956425,44.322979999977932],[-78.336459999572014,44.324180000075387],[-78.336549999983703,44.324279999993024],[-78.336630000349643,44.324359999804457],[-78.337030000382725,44.32477000001748],[-78.337150000033319,44.324889999976598],[-78.33727999972966,44.325030000047086],[-78.33777000017443,44.325529999682978],[-78.338220000436223,44.325990000159564],[-78.33881000044012,44.326599999712542],[-78.339140000152995,44.326940000134023],[-78.339279999895069,44.327079999810373],[-78.33947694384301,44.327164566118263],[-78.339599587235512,44.327292596484845],[-78.339802803220763,44.327503258755897],[-78.340015288921435,44.327720551405626],[-78.340183565832021,44.327898568094064],[-78.341114082125813,44.328867701467068],[-78.341370063354233,44.329123243619954],[-78.342026772251131,44.329794993855003],[-78.342665159109458,44.330444307639731],[-78.343323603551468,44.331091964740509],[-78.34438456780093,44.332128196085293],[-78.344400859286992,44.332146473577879],[-78.344413966850794,44.332167153786393],[-78.344423542612688,44.332189687850331],[-78.344429332428334,44.332213477707164],[-78.344431182633841,44.332237891965143],[-78.34442904412407,44.332262282660693],[-78.344422973655881,44.332286002455575],[-78.344413132341771,44.332308421817515],[-78.344399781373923,44.332328945728221],[-78.344383275092042,44.332347029475393],[-78.344364051579049,44.332362193109574],[-78.344342621034215,44.332374034182209],[-78.34431955223225,44.332382238426788],[-78.343159999676985,44.332920000172649],[-78.342270000097443,44.333369999843029],[-78.342043949835968,44.33348967442673],[-78.341967345604459,44.333532390287345],[-78.341894165126192,44.333580737682659],[-78.341824821601179,44.333634443628057],[-78.341759706564773,44.333693204882863],[-78.341699187676966,44.333756689662557],[-78.341643606646457,44.333824539512072],[-78.34157159948991,44.333923075973999],[-78.341404213708074,44.33415213037685],[-78.34138668773609,44.334167924920401],[-78.341366799883929,44.334180617462948],[-78.341345093267279,44.334189861384893],[-78.341322160670288,44.33419540424476],[-78.341298628357364,44.334197094673051],[-78.341275138970431,44.334194886505998],[-78.341252333979213,44.334188840046245],[-78.341230836163305,44.334179120416067],[-78.340930943487152,44.334011872571438],[-78.340879185015169,44.333981018601591],[-78.34082972451138,44.333946601085096],[-78.340782806894282,44.333908790450586],[-78.340738664490488,44.333867773928745],[-78.34030255218299,44.333426877894155],[-78.338714660442378,44.331821550669417],[-78.33865940598281,44.331778178265687],[-78.338600061075283,44.331740596319783],[-78.338537230221391,44.331709187650503],[-78.338471553431404,44.33168427219416],[-78.338403699705026,44.331666103745619],[-78.338334360216706,44.331654867373096],[-78.338264241275283,44.331650677532998],[-78.338194057129243,44.331653576904053],[-78.338124522691302,44.331663535952565],[-78.338056346256067,44.331680453233254],[-78.337879999779275,44.331729999912632],[-78.337733688474017,44.331752085045423],[-78.33757939061438,44.331775509045904],[-78.337424254966649,44.331792522102234],[-78.337268547783808,44.331803095015601],[-78.33711253629977,44.331807209640125],[-78.336956488270715,44.331804858914062],[-78.336800671515519,44.331796046871851],[-78.336645353456163,44.331780788637246],[-78.336220000270799,44.331729999912632],[-78.335119999730679,44.331589999768752],[-78.334192992256391,44.331341082382288],[-78.334163756751792,44.331334142512461],[-78.334133805401507,44.331331735618654],[-78.334103836844378,44.331333917843587],[-78.334074550120633,44.33134063828512],[-78.334046628366195,44.331351740183671],[-78.334020722878009,44.331366964578699],[-78.333997437922008,44.331385956349187],[-78.333977316638155,44.331408272497107],[-78.333820000072322,44.331680000220885],[-78.333528774342042,44.331916589785749],[-78.332686331573655,44.332362099855423],[-78.33126130978394,44.333080148324434],[-78.329589999587725,44.333959999876654],[-78.329362724922547,44.334081837345977],[-78.329071606091773,44.33436316060363],[-78.329033071006251,44.334391464569968],[-78.328991278733042,44.334414691132899],[-78.328946894515639,44.33443247057528],[-78.328900624855748,44.334444519886453],[-78.328853206267283,44.334450647267197],[-78.328805393552656,44.334450755182715],[-78.328757947787892,44.334444841915222],[-78.328711624207983,44.334433001591293],[-78.326289999763944,44.333690000249426],[-78.325264740852106,44.333402110738177],[-78.325115518151804,44.333359209810425],[-78.324968145607968,44.333310329986261],[-78.324822862670018,44.333255550685145],[-78.324679905392244,44.333194960911939],[-78.324539506050186,44.33312865911229],[-78.324401892763291,44.333056753012713],[-78.324267289124251,44.332979359445503],[-78.324135913835704,44.332896604158968],[-78.324007980354935,44.332808621613061],[-78.323883696546957,44.332715554760952],[-78.323763264346866,44.332617554816721],[-78.323615713366507,44.33248797079267],[-78.32357864721142,44.332463419703366],[-78.32353857219735,44.332444167454476],[-78.323496241122569,44.332430575694246],[-78.323452449164748,44.332422899740202],[-78.323408018943937,44.332421283783049],[-78.323363785069716,44.332425758178104],[-78.323320578463395,44.332436238875069],[-78.323279210749291,44.332452528996903],[-78.322465937176489,44.332846942023259],[-78.320694271688296,44.333829089388793],[-78.31935586186502,44.33459909744802],[-78.319197703586099,44.334680138048704],[-78.319036512647187,44.334754965191948],[-78.318872533037833,44.334823465614335],[-78.318706012968661,44.334885535628963],[-78.31853720449574,44.334941081282466],[-78.31836636313902,44.33499001849718],[-78.318193747495528,44.335032273198415],[-78.318019618848027,44.335067781426595],[-78.317844240769404,44.335096489434065],[-78.317667878723825,44.335118353766433],[-78.31749079966481,44.335133341328365],[-78.317313271631235,44.335141429433676],[-78.317135563341566,44.335142605839664],[-78.316957943787074,44.33513686876563],[-78.316780681824795,44.335124226895609],[-78.316604045770404,44.335104699365189],[-78.316428302992236,44.335078315732559],[-78.316253719506435,44.335045115933774],[-78.316080559574416,44.335005150222301],[-78.315909085302764,44.334958479092954],[-78.315739556246569,44.3349051731903],[-78.315455674243736,44.334809018976117],[-78.315439103065955,44.334804180323431],[-78.31542198585899,44.334801940297069],[-78.315404727612275,44.33480235189559],[-78.315387736652269,44.334805405380649],[-78.31537141498147,44.334811028507445],[-78.315356148767123,44.334819088233992],[-78.315342299204588,44.334829393868887],[-78.31533019397159,44.334841701583002],[-78.314778653539975,44.335696593462323],[-78.314702523986512,44.335817285017157],[-78.314631930829123,44.335941296171704],[-78.314567018537645,44.336068373135532],[-78.314507919955901,44.336198255843989],[-78.314454756029917,44.336330678490448],[-78.314407635560343,44.336465370070243],[-78.314366654979821,44.336602054935319],[-78.314331898155658,44.336740453358338],[-78.31430343621814,44.336880282105142],[-78.314281327414974,44.337021255014392],[-78.314265616992117,44.337163083583221],[-78.314256337101156,44.337305477557614],[-78.31423307702353,44.337995766622328],[-78.314223275505455,44.338323729321466],[-78.314212889260574,44.338475861728654],[-78.314195413223175,44.338627343514737],[-78.314170885490114,44.338777844457297],[-78.314139359530571,44.338927036472079],[-78.314100904069505,44.339074594328231],[-78.314055602937842,44.339220196357303],[-78.314003554889666,44.339363525154411],[-78.313944873387044,44.339504268270225],[-78.313879686352607,44.339642118892058],[-78.313808135890696,44.339776776512707],[-78.313730377977592,44.339907947585552],[-78.313646582121535,44.340035346164456],[-78.313556930993144,44.340158694527133],[-78.313461620027198,44.340277723780559],[-78.312315307740903,44.341700939758169],[-78.31074062931981,44.343429844701198],[-78.307515646907092,44.345933196816233],[-78.30419063349423,44.348404390758148],[-78.301230000116817,44.350590000097945],[-78.299535873610694,44.351897621768607],[-78.298159665375223,44.353027235857041],[-78.29813289566745,44.353043630956208],[-78.298103839045638,44.353055510739843],[-78.298073250899975,44.353062566367079],[-78.298041926435971,44.353064614411515],[-78.298010680001354,44.353061601629761],[-78.297980323915255,44.353053606345661],[-78.297904992093834,44.353027618689737],[-78.297821131497159,44.352996306189254],[-78.297739552609414,44.352959455715265],[-78.297660620667614,44.352917232251109],[-78.297584689058169,44.352869824835565],[-78.297512097734682,44.352817445716497],[-78.297382766384885,44.352715341975227],[-78.297353261865354,44.352697597020203],[-78.297321425687343,44.35268448756289],[-78.297287980958785,44.352676311363673],[-78.297253687323291,44.352673254131858],[-78.297219323706031,44.352675385307577],[-78.297185670621673,44.352682656484589],[-78.296780719074732,44.352798323278684],[-78.296616606753801,44.352862780707241],[-78.296545259387628,44.352885748079885],[-78.296476169342824,44.352914808578433],[-78.296409855865676,44.352949743798703],[-78.296346817335163,44.352990291185016],[-78.296287527517393,44.353036146003468],[-78.296232432005041,44.353086963632151],[-78.296181944868451,44.353142362151132],[-78.296136445543723,44.353201925212808],[-78.296096275981085,44.353265205170963],[-78.296061738074897,44.35333172644502],[-78.296033091394818,44.353400989094311],[-78.296010551234971,44.353472472575341],[-78.295994286995978,44.35354563965398],[-78.295984420911694,44.353619940442989],[-78.295981027130722,44.353694816534748],[-78.296001823129544,44.353916666437584],[-78.296088021870958,44.354173860043893],[-78.296108434324665,44.35425653480825],[-78.296121975293943,44.354340608746412],[-78.296128552956304,44.354425511745688],[-78.296128122708055,44.354510668071427],[-78.296120687466725,44.354595500271174],[-78.296106297651349,44.354679433090389],[-78.296085050840517,44.354761897373308],[-78.296057091110711,44.354842333922441],[-78.296022608059289,44.354920197290539],[-78.295981835518816,44.35499495947932],[-78.295935049971462,44.355066113519868],[-78.295882568674088,44.355133176910428],[-78.295824747506956,44.355195694888316],[-78.295761978560421,44.355253243513658],[-78.2956946874762,44.35530543254422],[-78.295623330560986,44.355351908081644],[-78.295236188114558,44.355628437221306],[-78.295224370983419,44.355635677189106],[-78.295211775492447,44.355641457788529],[-78.295198581043508,44.355645696684533],[-78.29436468215178,44.355867493598204],[-78.293306609579233,44.356154873291331],[-78.293179991756304,44.356188819006654],[-78.293055108644111,44.35622867616356],[-78.292932236066235,44.35627435673139],[-78.29281164540572,44.356325759817558],[-78.292693603005631,44.356382771890416],[-78.292578369580809,44.356445267030026],[-78.292466199642035,44.356513107206226],[-78.292357340933918,44.356586142583531],[-78.292252033887706,44.356664211852049],[-78.292150511090227,44.356747142583764],[-78.292052996770238,44.35683475161337],[-78.29195970630316,44.356926845442821],[-78.29187084573536,44.357023220668687],[-78.291635144872785,44.357310582490292],[-78.291546884497805,44.357766099739898],[-78.290991175883278,44.357737035058804],[-78.290850000246479,44.357669999717622],[-78.290879427258545,44.357460456136948],[-78.29113317797011,44.357285449041171],[-78.291794294001789,44.357132017292763]]]},"properties":{"OBJECTID":161,"line_name":"2 Chemong","ScheduleLink":"https://www.peterborough.ca/living-in-peterborough/transit/routes-and-schedules/route-2-chemong/","Shape.STLength()":15608.516204054993,"variant":"2+A","Note":null}},{"type":"Feature","id":162,"geometry":{"type":"MultiLineString","coordinates":[[[-78.320320000303283,44.309610000159019],[-78.320310000257535,44.309530000162752],[-78.32029000016604,44.309180000102188],[-78.320270000074558,44.308980000048876],[-78.320249999983076,44.308629999922779],[-78.320239999937343,44.308380000299721],[-78.320179999662855,44.307640000111768],[-78.320159999571388,44.307209999765142],[-78.320150000423965,44.307149999735437],[-78.320150000423965,44.307070000243243],[-78.320070000058024,44.305979999754733],[-78.320070000058024,44.305910000175885],[-78.320070000058024,44.305830000279457],[-78.319979999646336,44.304749999685392],[-78.319979999646336,44.304679999925511],[-78.320080000103758,44.304670000136682],[-78.321040000003507,44.304629999678589],[-78.321860000161152,44.304580000031947],[-78.322625933416788,44.304540293946083],[-78.322765933158877,44.304530294133443],[-78.323208955307535,44.304506059286361],[-78.323308955764972,44.304506058643476],[-78.32331895581072,44.304586059058472],[-78.323338955902187,44.304866058688049],[-78.323379999927525,44.305690000037636],[-78.323389999973273,44.305759999878831],[-78.323389999973273,44.305830000279457],[-78.323410000064754,44.30618999991907],[-78.323420000110502,44.306250000287186],[-78.323420000110502,44.306269999967725],[-78.323440000201998,44.306549999922247],[-78.323470000339199,44.306949999836299],[-78.323480000384961,44.307010000070427],[-78.323480000384961,44.307070000243243],[-78.323509999623866,44.30756000000175],[-78.323559999852577,44.308250000177765],[-78.323630000172784,44.309270000225268],[-78.32359592437912,44.309388246147108],[-78.32354592415038,44.3094282465769],[-78.323382859265095,44.309505061570412],[-78.32319522815169,44.309526210777868],[-78.321750135303574,44.309575533829261],[-78.321472050129287,44.309587438722197],[-78.321253384917767,44.309597643373358],[-78.320839822120533,44.30961124978645],[-78.320429999908129,44.309610000159019],[-78.320320000303283,44.309610000159019]],[[-78.320320000303283,44.309610000159019],[-78.320209999800099,44.309610000159019],[-78.319843178143728,44.3096047284536],[-78.31950553017451,44.309616934176837],[-78.319235529837783,44.309626933765777],[-78.319145529426095,44.309626933765777],[-78.319145529426095,44.309696934054607],[-78.319188752764305,44.310251076759734],[-78.319210021276959,44.310879467800497],[-78.319301339517168,44.312137396352469],[-78.319380879047372,44.313362652878624],[-78.319469418798406,44.314565834650921],[-78.319549417367725,44.315565834484218],[-78.319549417367725,44.315855834256361],[-78.31955834033343,44.315970497758791],[-78.319528341094525,44.316070498172031],[-78.319478340865814,44.316200497683205],[-78.318105217445009,44.318260547657296],[-78.317955217657186,44.318500547608764],[-78.317236335461175,44.319579996335541],[-78.316830165798706,44.320210607620744],[-78.31615016628146,44.321260607279527],[-78.316030165732542,44.321480607538511],[-78.315830000426004,44.322109999805733],[-78.315740000014316,44.322390000028058]],[[-78.315740000014316,44.322390000028058],[-78.315960000122345,44.32227000009641],[-78.316560000171961,44.322060000268088],[-78.316770000234257,44.321879999908752],[-78.318089999984096,44.319890000230238],[-78.318940000278985,44.318599999974296],[-78.318979999563609,44.318550000016216],[-78.319009999700853,44.318500000015518],[-78.319229999808883,44.318160000166287],[-78.320270000074558,44.316590000224735],[-78.320579999695951,44.316170000290867],[-78.320629999924662,44.316090000238098],[-78.320680000153388,44.315970000275804],[-78.320700000244869,44.315869999691294],[-78.320710000290603,44.315789999872294],[-78.320710000290603,44.315770000221839],[-78.320710000290603,44.315719999780491],[-78.320710000290603,44.315620000055418],[-78.320650000016144,44.314579999754486],[-78.320569999650218,44.313330000083411],[-78.320490000182588,44.312099999763618],[-78.320429999908129,44.311129999939972],[-78.320419999862395,44.310849999977862],[-78.320389999725151,44.310580000034939],[-78.32036999963367,44.310329999718306],[-78.320359999587936,44.310210000190857],[-78.320340000394751,44.309969999757094],[-78.320320000303283,44.309690000046238],[-78.320320000303283,44.309610000159019]],[[-78.291799378466294,44.357129755783298],[-78.291733379242373,44.357121043736335],[-78.291504711290159,44.357168626629225],[-78.29113317797011,44.357285449041171],[-78.290879427258545,44.357460456136948],[-78.290839077630935,44.357615517790784],[-78.290891835687574,44.357695375143521],[-78.290991175883278,44.357737035058804],[-78.291178059598352,44.357752189133031],[-78.291502245414719,44.357777747574467],[-78.291565257740316,44.357779242813265],[-78.29158450145033,44.357649882035211],[-78.291610499592963,44.357554029102872],[-78.291689454319922,44.357317705484178],[-78.291794294001789,44.357132017292763],[-78.291897823041651,44.357012114779508],[-78.292224749617944,44.356661146145406],[-78.292461276032256,44.356499542722993],[-78.292511275362642,44.356469542226201],[-78.292701275333457,44.356359541985995],[-78.292859999559312,44.356290000095008],[-78.293000000199726,44.356240000150166],[-78.293423532499986,44.356112665009064],[-78.293453531738891,44.356102664993287],[-78.293596296495423,44.35607388595438],[-78.294156397871717,44.355931767805586],[-78.294916397754889,44.355761767422187],[-78.295236397422045,44.355651767780316],[-78.295582883915316,44.355469502960609],[-78.295831773842892,44.355247567085698],[-78.296013588364829,44.355015945545546],[-78.296133588015437,44.354765945097832],[-78.296166495100891,44.354665425498048],[-78.296172907275405,44.354479480323633],[-78.296155011038309,44.354255151256453],[-78.296029999686738,44.353790000050452],[-78.296035829752952,44.353802778530842],[-78.295995830468286,44.353592778555125],[-78.296001203291993,44.353521432925916],[-78.296017536460496,44.353412224286394],[-78.296062551937695,44.353282917458628],[-78.296170966016064,44.353134298528424],[-78.296325710705219,44.353005565979039],[-78.296502076944975,44.35291038697035],[-78.297101375410364,44.352713775307436],[-78.29726199508147,44.352686136685683],[-78.297480000031243,44.352840000164584],[-78.297670000002043,44.352949999945814],[-78.298009999760666,44.353060000162877],[-78.298110000218102,44.353089999835881],[-78.29819999973148,44.352980000317437],[-78.298280000097421,44.35291000028284],[-78.298589999718814,44.352560000140279],[-78.298798465458589,44.352404395817388],[-78.299810953920371,44.351653734127801],[-78.300136731551419,44.351412762403896],[-78.30042000000492,44.351189999868566],[-78.300599999929972,44.351069999763453],[-78.301247965524169,44.350592964605418],[-78.30419063349423,44.348404390758148],[-78.30435569084284,44.348279662749647],[-78.304534739452023,44.348153834703716],[-78.307868475506282,44.345701544245145],[-78.308280000026144,44.345419999787509],[-78.308503358935013,44.345247267526631],[-78.309412205169224,44.34460888732557],[-78.309930000387197,44.344209999842306],[-78.310229999962843,44.343969999714858],[-78.310320000374531,44.343899999840609],[-78.310880000241184,44.343369999915915],[-78.311159999725362,44.34307999995324],[-78.311729999637748,44.34245000007563],[-78.312230000128267,44.341879999767677],[-78.312860000315098,44.341089999927611],[-78.313280000439676,44.340569999753519],[-78.313790000077617,44.339869999698827],[-78.313970000002669,44.339500000157784],[-78.314109999744758,44.339130000209337],[-78.314210000202181,44.338750000089277],[-78.314220000247929,44.338470000217143],[-78.31424000033941,44.338379999905442],[-78.314220000247929,44.337270000122736],[-78.314269999578329,44.336900000237442],[-78.314359999990003,44.336540000087759],[-78.314499999732107,44.336189999857979],[-78.31453999991507,44.336110000117976],[-78.314679999657159,44.335849999727166],[-78.314929999902404,44.335459999870899],[-78.315329999935486,44.334870000150218],[-78.315370000118463,44.334780000095741],[-78.315430000392908,44.334699999717181],[-78.315620000363708,44.334369999813099],[-78.31568999978559,44.334209999755799],[-78.315859999664895,44.333809999951647],[-78.316010000351056,44.33315999991251],[-78.316030000442538,44.333030000068234],[-78.316170000184627,44.332129999767488],[-78.31621000036759,44.33144999993322],[-78.316170000184627,44.331100000167417],[-78.315980000213813,44.33008999974485],[-78.31580000028876,44.329479999857853],[-78.315699999831352,44.329129999902648],[-78.315610000317974,44.328810000319123],[-78.315299999798256,44.327749999832065],[-78.315279999706775,44.327699999960423],[-78.314949999993885,44.326620000169918],[-78.314800000206077,44.325839999771809],[-78.314790000160315,44.32550000004349],[-78.314889999719441,44.324810000245321],[-78.315560000089249,44.322900000212634],[-78.315610000317974,44.322760000200219],[-78.315699999831352,44.322509999714264],[-78.315740000014316,44.322409999992828],[-78.315740000014316,44.322390000028058]]]},"properties":{"OBJECTID":162,"line_name":"11 Water","ScheduleLink":"https://www.peterborough.ca/living-in-peterborough/transit/routes-and-schedules/route-11-water/","Shape.STLength()":13630.523589550216,"variant":"11","Note":null}},{"type":"Feature","id":163,"geometry":{"type":"MultiLineString","coordinates":[[[-78.320320000303283,44.309610000159019],[-78.320429999908129,44.309610000159019],[-78.320839822120533,44.30961124978645],[-78.321253384917767,44.309597643373358],[-78.321472050129287,44.309587438722197],[-78.321750135303574,44.309575533829261],[-78.32319522815169,44.309526210777868],[-78.323382859265095,44.309505061570412],[-78.323559999852577,44.309500000055657],[-78.324780000043319,44.309460000317607],[-78.325909999822358,44.309430000174743],[-78.327029999555677,44.309389999746159],[-78.327229999572197,44.309380000116839],[-78.327459999725988,44.309369999843049],[-78.328039999684123,44.309349999933133],[-78.328109836510933,44.309349999933133],[-78.328119836556667,44.309419999909466],[-78.328129836602429,44.309589999688058],[-78.328189835978563,44.310590000102572],[-78.328199836024297,44.310779999778624]],[[-78.328199836024297,44.310710000138712],[-78.328279836390251,44.311829999786063],[-78.326076102809978,44.31191597456889],[-78.325909999822358,44.309430000174743]]]},"properties":{"OBJECTID":163,"line_name":"11 Water","ScheduleLink":"https://www.peterborough.ca/living-in-peterborough/transit/routes-and-schedules/route-11-water/","Shape.STLength()":1898.3717953756288,"variant":"11A","Note":null}},{"type":"Feature","id":165,"geometry":{"type":"MultiLineString","coordinates":[[[-78.290855984822898,44.351864520864119],[-78.290795376388999,44.351733484624411],[-78.290607133522883,44.351347004538319],[-78.290543673836282,44.35112724991383],[-78.290522509528188,44.350982963368821],[-78.290525134405442,44.350818776128307],[-78.290567837619108,44.35062066909299],[-78.290607133522883,44.350505202272913],[-78.290687707013987,44.350359887053237],[-78.29077255918078,44.350237515555364],[-78.290885608566029,44.350100774654592],[-78.291042087901999,44.349963199638069],[-78.291276376612942,44.349814232474579],[-78.291459928476627,44.349724063931582],[-78.291770813836891,44.349615458471277],[-78.292096673214616,44.34955070326351],[-78.29229846267522,44.349528778361936],[-78.292627886567999,44.34951807060984],[-78.292817555060466,44.349525208683232],[-78.293350526416845,44.349558256307041],[-78.293620437820366,44.349595063087413],[-78.294137671591287,44.349688716704577],[-78.29428998094771,44.349728142999936],[-78.294704970269621,44.349847965988367],[-78.29501371584287,44.34996217955392],[-78.295378282727896,44.350135445861447],[-78.295626930110345,44.350291052996667],[-78.295766685510671,44.350394558749194],[-78.295903588759955,44.350512340226082],[-78.296080423021962,44.350692327229901],[-78.296202352253786,44.350843760111538],[-78.296441933838381,44.35122514513256],[-78.296508246574334,44.351339356014407],[-78.297875855237606,44.350912592876611],[-78.298111871408835,44.350822345085902],[-78.298518303379353,44.350631141538763],[-78.298981066006391,44.350356827463777],[-78.299266282007409,44.350136559086003],[-78.299505862693678,44.349917820007875],[-78.299632783863544,44.34978525056966],[-78.299786800019007,44.349583845944409],[-78.300248137019679,44.348910282829827],[-78.300586226960021,44.348526183439105],[-78.300802880843619,44.348305038387466],[-78.301106636275463,44.348025104062408],[-78.301688475983326,44.347563133379168],[-78.302793686752096,44.346595838529247],[-78.30299048517297,44.346434196429584],[-78.30310243232536,44.346359239451395],[-78.303401195819177,44.346191477085675],[-78.303660744257584,44.346060826458739],[-78.304004427108879,44.345922241720046],[-78.304173417281817,44.345865130386599],[-78.304410859079397,44.345797311208059],[-78.304692509667063,44.345686149360276],[-78.30484153478281,44.345585185051497],[-78.304974160254716,44.345441897317137],[-78.305334245444783,44.344913105601968],[-78.305490400488935,44.344640294388661],[-78.30555243544751,44.344502103313545],[-78.305597356601595,44.344348614326172],[-78.305652260733453,44.343946277116288],[-78.305653686359804,44.343867237480858],[-78.30564940858244,44.343660712836687],[-78.305601635277313,44.343519970246632],[-78.305493252639963,44.343327722678538],[-78.30536134043038,44.343061533488054],[-78.305321602555466,44.342948373581137],[-78.305304297409847,44.342718341037312],[-78.305327896152363,44.342546593403647],[-78.30536348021738,44.342410333104453],[-78.305421619182582,44.342258591257036],[-78.305556713224888,44.342007982592023],[-78.3057563646951,44.341720879171902],[-78.305861894283112,44.341539335558146],[-78.305946382632214,44.341295609120266],[-78.305998521749615,44.341157561783064],[-78.306108521354474,44.341007561637674],[-78.306750000214024,44.340210000291968],[-78.306790000397001,44.340149999952637],[-78.306889999956113,44.340039999920606],[-78.307300000034914,44.339570000145841],[-78.308029999780899,44.33893999981462],[-78.30850000013416,44.338529999705706],[-78.308789999664086,44.338290000098063],[-78.3089799996349,44.33799000017089],[-78.309080000092308,44.337719999823584],[-78.309110000229552,44.337230000039327],[-78.308882892650985,44.335843287910329],[-78.30886387801138,44.335656966256373],[-78.308536831060835,44.333793710730632],[-78.308491196644397,44.332848460387645],[-78.30843605445898,44.331950798175299],[-78.308397872466159,44.331399949881977],[-78.308413237250775,44.331091205856865],[-78.308477886306818,44.330887187249417],[-78.308804934155688,44.330326810989881],[-78.309293603297206,44.329484877152396],[-78.309620650247751,44.328613007081209],[-78.309835512890658,44.328058050075867],[-78.310025656591904,44.327562937233026],[-78.31011882715822,44.327299056731192],[-78.310170165876713,44.327029733964828],[-78.310154954704004,44.326752248628601],[-78.310082699612451,44.326280248519247],[-78.309924880888389,44.325269584795457],[-78.309723328583033,44.3240249341547],[-78.309704313943399,44.323667177536962],[-78.30977276556807,44.323147541488808],[-78.30989065507606,44.322561245649453],[-78.309976219606881,44.322098734344635],[-78.310056079835647,44.321674309141557],[-78.310135940064399,44.321252601353585],[-78.310211997724551,44.320888025610017],[-78.310276646780608,44.320537051480969],[-78.310428761202616,44.319718103467373],[-78.310662638485155,44.318469253802022],[-78.310683553959905,44.318350897633096],[-78.310696864297483,44.318273353164045],[-78.310761513353526,44.318218936811093],[-78.310835669280223,44.318183565447583],[-78.314450000401706,44.317310000279214],[-78.314699999748626,44.31725000029077],[-78.314770000068833,44.317229999852493],[-78.316239999606509,44.316849999870911],[-78.318049999801119,44.316379999990822],[-78.318409999651237,44.316289999844159],[-78.318500000062912,44.31626999972142],[-78.318730000216689,44.316209999954999],[-78.319199999671653,44.316090000238098],[-78.319569999567506,44.316010000076268],[-78.320713999590254,44.315714999862543],[-78.320316000105322,44.309607999726538],[-78.320713999590254,44.315714999862543],[-78.319569999567506,44.316010000076268],[-78.319199999671653,44.309652000225888],[-78.328172999753505,44.309348999712455],[-78.328464245246707,44.313748399928009],[-78.329644452765308,44.313456818810415],[-78.331157284874038,44.313056310452801],[-78.331837049032671,44.312877739003319],[-78.333231040317543,44.31251719287922],[-78.334161091284017,44.312273869691502],[-78.335150304396791,44.312034193948044],[-78.335490186476108,44.311952560077998],[-78.337102192592212,44.311580082571666],[-78.337505710427948,44.311494216571418],[-78.337790925530669,44.31142788877181],[-78.338309067498329,44.311314789952682],[-78.338900890183908,44.311179581975701],[-78.339244337676604,44.311103049432852],[-78.34024021539048,44.310874299699663],[-78.340613372864553,44.310789262521091],[-78.341324034577397,44.310631943544472],[-78.341832669674432,44.310526497040676],[-78.342159479469728,44.310458467290239],[-78.343177937236575,44.310239069795323],[-78.343396730907173,44.31019485439603]],[[-78.290855984822898,44.351864520864119],[-78.291084058988687,44.352319652647438],[-78.29113159513858,44.352413467635621],[-78.291179131288473,44.352515439580301],[-78.291213357100801,44.35262828875377],[-78.291247582913144,44.352735699017565],[-78.291260893250694,44.352877099075037],[-78.291262794085839,44.352964114671323],[-78.291253287215184,44.353091918493774],[-78.291207652798747,44.353282264204957],[-78.29113539770718,44.353464451682072],[-78.290960466076982,44.353774440926813],[-78.29078933611703,44.354058596133484],[-78.290639122530166,44.354296524572298],[-78.290390034074932,44.354633700719923],[-78.290133340482484,44.35494368377973],[-78.289739742742427,44.355469835677177],[-78.289627557536477,44.355627544412805],[-78.289530584401561,44.355775735666874],[-78.289336638131715,44.356088431555243],[-78.289163607336647,44.356405204378667],[-78.289026703189037,44.356732852134051],[-78.288929730054122,44.356989802797152],[-78.288893602508324,44.357140709427007],[-78.288868884464961,44.357280739769813],[-78.288851771558811,44.357462914816104],[-78.288851771558811,44.357495543046085],[-78.288908814579344,44.357726659583307],[-78.289123677222278,44.357976808612733],[-78.289319525225565,44.358172576645515],[-78.289456428474864,44.358409128036371],[-78.289528682668106,44.358626646570272],[-78.289515373228866,44.358852320521272],[-78.289450724172809,44.35907527487214],[-78.289292904550422,44.359496710703951],[-78.288988484365277,44.36027690247969],[-78.28859678835866,44.360246995117478],[-78.28723345747278,44.360236119125361],[-78.286784718445645,44.360229322110989],[-78.286364500030473,44.36018989838432],[-78.286168652027172,44.360119206899711],[-78.286045059115423,44.360049874351624],[-78.285861094925025,44.35986600856593],[-78.285670951223779,44.359556731061708],[-78.285573501981759,44.359187975252404],[-78.285471299753567,44.358681569442048],[-78.285506952090572,44.358054504195266],[-78.285352459828005,44.357565082221811],[-78.285195591521514,44.35737475042172],[-78.285138548500967,44.357247295711261],[-78.285083882422668,44.356542041687703],[-78.285295416807472,44.356025416435429],[-78.285666197339296,44.355603955636148],[-78.285946659455846,44.355330344402397],[-78.286172030590947,44.355319270307973]],[[-78.286172030590947,44.355319270307973],[-78.286092169463885,44.355255031398208],[-78.286094309250885,44.35520557717858],[-78.286156343311134,44.355056194916095],[-78.286179160519339,44.354827786774216],[-78.286194134536828,44.354656479922944],[-78.286221942784778,44.354517803101338],[-78.286375246576213,44.354108907540208],[-78.286482202688873,44.353812685801508],[-78.286532828145027,44.353627610848122],[-78.286573471521749,44.353316090788027],[-78.286586305752209,44.353220748488276],[-78.286639784257702,44.353166193694776],[-78.287904002221666,44.35287506607385],[-78.289012065141492,44.352615038538779],[-78.289664496260983,44.352462080172835],[-78.289906216734252,44.352385601482503],[-78.290191431836973,44.352232132495438],[-78.290539666451792,44.352025720827392],[-78.290719080675274,44.351930802948011],[-78.290855984822898,44.351864520864119]],[[-78.286864390926496,44.357298930066854],[-78.28695851280871,44.357201044351598],[-78.287003433962809,44.357126611122432],[-78.287009138264878,44.357056255714731],[-78.287013416042242,44.356954291671258],[-78.28700129507412,44.356787069613567],[-78.286948529830951,44.356531648016237],[-78.286918581796016,44.356435800319957],[-78.286575610410438,44.355844398851382],[-78.286321768070707,44.355414099841212],[-78.286264012686146,44.355358017746511],[-78.286172030590947,44.355319270307973]],[[-78.286864390926496,44.357298930066854],[-78.286810913319329,44.357357558908134],[-78.286782391809069,44.357384069394044],[-78.286691122976194,44.357452895119756],[-78.28666474035461,44.357476856321462],[-78.28666474035461,44.357520190835736],[-78.286701105055627,44.357564544627536],[-78.286731766352915,44.357579329431431],[-78.286800930341585,44.357585447213793],[-78.286862252037807,44.357556897557338],[-78.286892200072771,44.357505406016912],[-78.286884154761083,44.357403393298789],[-78.286864390926496,44.357298930066854]]]},"properties":{"OBJECTID":165,"line_name":"9 Parkhill","ScheduleLink":"https://www.peterborough.ca/living-in-peterborough/transit/routes-and-schedules/route-9-parkhill/","Shape.STLength()":18330.401576825385,"variant":"9+A","Note":null}},{"type":"Feature","id":166,"geometry":{"type":"LineString","coordinates":[[-78.344851202166836,44.309895514913194],[-78.345339999767461,44.309769999824418],[-78.38239169638058,44.301147886911849],[-78.38245485877988,44.301141233924881],[-78.38251695620913,44.301127905001415],[-78.382577285106137,44.301108051157797],[-78.382635161946112,44.301081897337532],[-78.382689930986032,44.301049739862712],[-78.382740971694133,44.301011943076659],[-78.382787705780586,44.300968935215941],[-78.382829603749443,44.300921203558453],[-78.382866190897829,44.300869288902597],[-78.382897052694361,44.30081377944002],[-78.382921839475699,44.300755304091446],[-78.382940270408298,44.30069452538099],[-78.382952136670156,44.300632131929817],[-78.38295730381688,44.300568830654036],[-78.38295571330481,44.300505338755407],[-78.382947383154416,44.300442375595424],[-78.382932407746083,44.300380654545002],[-78.382910956750777,44.300320874901971],[-78.382900085339202,44.300301528967367],[-78.38180597145913,44.298848771928363],[-78.377275391985521,44.289053990395125],[-78.37717663299982,44.287984727502376],[-78.373418063884742,44.279035717482834],[-78.373279460124621,44.278704463562974],[-78.373270597346036,44.2786837727528],[-78.373255838025926,44.278649315922898],[-78.373235726543328,44.278602363274253],[-78.372870280207664,44.277767113221365],[-78.372790790084792,44.27758543278555],[-78.372768049233386,44.277529507796551],[-78.372572124873287,44.277047691291948],[-78.372395291509591,44.27650177655557],[-78.372072997545231,44.275737799991141],[-78.372058736790095,44.275703996837905],[-78.371991785351966,44.27554073343132],[-78.371990148621521,44.275536741822002],[-78.371927537842851,44.275384064813103],[-78.371860987053338,44.27526153752185],[-78.371710773466475,44.274922543374949],[-78.371583377087831,44.274638004077417],[-78.371290555949599,44.274075729637751],[-78.371008208269288,44.273458249065577],[-78.37094157752972,44.273312531976771],[-78.370940690892525,44.273310592055765],[-78.370164904914844,44.271660474984785],[-78.370127362522481,44.271592167994598],[-78.37005231456871,44.271455619385542],[-78.369726768703018,44.270863290789286],[-78.369669999668631,44.270759999750936],[-78.369539999972289,44.270490000055837],[-78.369449186585271,44.270282557756047],[-78.369366747293327,44.270094241620427],[-78.36929642896952,44.269933615378996],[-78.368916098447912,44.269064823018795],[-78.36868900973397,44.268546074990439],[-78.368203692206777,44.267437432626139],[-78.368142276187442,44.267301839277899],[-78.368236278593713,44.267276341754801],[-78.368502479955112,44.267198900285841],[-78.36876273896091,44.267160605362605],[-78.368854245847331,44.267160605362605],[-78.369134707963866,44.267205708083722],[-78.369335547905209,44.267276341754801],[-78.369490039269451,44.267392928971503],[-78.369602936839414,44.267524833581014],[-78.369791892967854,44.267780983778174],[-78.369845370575035,44.267858424480295],[-78.369935688990324,44.26796224552497],[-78.370087804310643,44.268061811172856],[-78.370205455765088,44.268117976748115],[-78.370345686374193,44.268173291228607],[-78.370462149357522,44.268204777810666],[-78.370736669118457,44.268244774133734],[-78.371162116626905,44.268265197804986],[-78.371393854122445,44.268283068350662],[-78.371714721562142,44.268314554873918],[-78.371911996090105,44.268345190341726],[-78.372386166422942,44.268460074007827],[-78.372848453841215,44.268570701629592],[-78.373073061408334,44.268594529327615],[-78.373226364301431,44.268589423117476],[-78.373376102679515,44.268572403700254],[-78.373471174979287,44.268550278064545],[-78.373557927981224,44.268518791667567],[-78.373622101828502,44.26848219903421],[-78.374029999849569,44.268220000050206],[-78.374308995915555,44.26809499989912],[-78.374594211916587,44.268035430772969],[-78.374979999703555,44.268050000139894],[-78.375159999628622,44.268069999965661],[-78.375270000131778,44.268080000197628],[-78.375650698064348,44.268106913845763],[-78.375809943313087,44.26810776488783],[-78.37601434776947,44.268072023041185],[-78.376180723844911,44.268021814725294],[-78.376298375299356,44.267959692392452],[-78.376381526057017,44.26790380134188]]},"properties":{"OBJECTID":166,"line_name":"9 Parkhill","ScheduleLink":"https://www.peterborough.ca/living-in-peterborough/transit/routes-and-schedules/route-9-parkhill/","Shape.STLength()":10993.380864262708,"variant":"9","Note":null}},{"type":"Feature","id":515,"geometry":{"type":"MultiLineString","coordinates":[[[-78.305872925594798,44.28938993862554],[-78.305740000085564,44.289370000070271],[-78.305519999977548,44.289330000119811],[-78.304919999927932,44.289269999821506],[-78.303451286777729,44.289253246822902],[-78.303271286852677,44.289253246822902],[-78.30262128657435,44.289253247465957],[-78.301951287102838,44.289253248108999],[-78.300900000403942,44.289280000304188],[-78.300549999701261,44.289299999978297],[-78.300280000262816,44.289330000119811],[-78.300209999942624,44.289339999949192],[-78.299130000392282,44.289510000003851],[-78.299070000117837,44.289519999802621],[-78.298949999568919,44.289549999831721],[-78.2987799996896,44.289590000275396],[-78.298619999856029,44.289620000268734],[-78.298429999885229,44.289669999794931],[-78.298350000417614,44.289689999979288],[-78.298130000309584,44.289740000088941],[-78.298009999760666,44.289770000005667],[-78.297920000247302,44.289790000156017],[-78.297550000351464,44.289870000046136],[-78.297370000426383,44.289899999896512],[-78.297310000151938,44.289799999907075],[-78.297130000226886,44.289440000078777],[-78.296999999632234,44.289210000104951],[-78.29680999966142,44.288880000246913],[-78.296789999569938,44.288849999875595],[-78.296700000056575,44.28869999971824],[-78.296609999644872,44.288569999743586],[-78.296479999948545,44.288390000194021],[-78.296619999690634,44.288330000221585],[-78.296799999615686,44.28827000018785],[-78.297199999648768,44.288230000131342],[-78.297399999665302,44.288300000212402],[-78.298140000355318,44.288600000257922],[-78.298260000005925,44.288620000163618],[-78.298389999702266,44.288610000211619],[-78.298530000342666,44.288539999856937],[-78.298749999552371,44.28827000018785],[-78.299670000167453,44.28710999970717],[-78.300880000312446,44.28557000018592],[-78.301410000041869,44.284900000218002],[-78.30153999973821,44.284729999682583],[-78.301914915215292,44.284243952812716],[-78.301975854229227,44.284158688632928],[-78.30204239783221,44.284066887297904],[-78.302566791175948,44.283392551129921],[-78.30263541168388,44.28330603874258],[-78.302844948215466,44.282964751392399],[-78.30301683276025,44.282583689677011],[-78.303029471157984,44.282483183966725],[-78.303010000174197,44.282430000072971],[-78.302879999579545,44.282409999989042],[-78.302109999650611,44.282219999816611],[-78.302070000365944,44.282289999985501],[-78.302040000228715,44.282339999963128],[-78.301919999679811,44.282499999991593],[-78.301729999708996,44.282620000209306],[-78.301499999555247,44.28268000022625],[-78.301220000071069,44.282749999847006],[-78.299830000001037,44.2830800000594],[-78.299720000396164,44.283110000162161],[-78.299389999784964,44.282419999710299],[-78.299290000225866,44.282189999902485],[-78.299239999997155,44.282070000092659],[-78.299130000392282,44.281720000319289],[-78.299149999585453,44.281519999972012],[-78.299209999859912,44.281229999706149],[-78.299280000180119,44.281050000173892],[-78.299399999830726,44.28088000007358],[-78.299799999863794,44.280490000103313],[-78.299939999605868,44.280349999894796],[-78.300060000154787,44.280259999814255],[-78.300430000050653,44.279979999896966],[-78.301159999796624,44.27950999999895],[-78.301650000241381,44.279220000102072],[-78.301959999862774,44.279040000200148],[-78.302430000216063,44.27883999973389],[-78.302870000432108,44.278689999741339],[-78.303549999949368,44.278510000145246],[-78.303810000240361,44.278460000123857],[-78.304059999587309,44.278430000219245],[-78.304350000015518,44.278439999974751],[-78.304560000077814,44.278460000123857],[-78.304899999836437,44.278530000270543],[-78.304949768299807,44.278512764416732],[-78.305050558376365,44.278338876178722],[-78.30516055887955,44.278158876150108],[-78.305240558347165,44.278048876289994],[-78.305339866203511,44.277946434630877],[-78.30550847728739,44.277823265019826],[-78.305678611015693,44.277746829845412],[-78.30577861147313,44.277706829698097],[-78.306173334802224,44.277567409422822],[-78.306939660621651,44.277340145940578],[-78.307461650073691,44.277235741386697],[-78.308839999892797,44.277060000258999],[-78.310640000041658,44.280790000161772],[-78.309340000383301,44.278100000257368],[-78.311339999650414,44.277680000198025],[-78.312010000020223,44.277390000273243],[-78.314810000251811,44.27671000022621],[-78.315289999752522,44.277369999759919],[-78.315529999952034,44.277699999962664],[-78.315639999556879,44.277920000140135],[-78.315679999739842,44.278110000069034],[-78.315620000363708,44.278359999953423],[-78.314610000235263,44.279339999944682],[-78.314390000127247,44.279300000238784],[-78.312976012344151,44.279647821319543],[-78.312729999720446,44.279710000114051],[-78.312559999841127,44.279799999750779],[-78.311999999974489,44.280339999821209],[-78.311739999683496,44.280480000053558],[-78.310759999692266,44.280760000160534],[-78.310640000041658,44.280790000161772],[-78.310610222686634,44.280832559787392],[-78.310470000162368,44.281150000267914],[-78.310349999613464,44.281400000079941],[-78.310130000403745,44.281810000092669],[-78.309890000204234,44.282239999965263],[-78.309749999563834,44.282509999697538],[-78.309629999913227,44.282709999890159],[-78.309579999684516,44.282809999731171],[-78.309530000354115,44.282890000124517],[-78.309239999925893,44.283430000090902],[-78.309009999772115,44.283850000205874],[-78.3089799996349,44.283900000142019],[-78.308469999996959,44.284829999943625],[-78.308465999798997,44.284831999934227],[-78.307508000447385,44.286590000082533],[-78.307127999607474,44.287247999974824],[-78.306049999706971,44.288971999832569],[-78.305872925594798,44.28938993862554]],[[-78.319679229316179,44.300620375078893],[-78.319581686649357,44.300762003685151],[-78.318767999851502,44.300819999868509],[-78.318876999631456,44.301229999986198],[-78.318880000004512,44.301229999986198],[-78.318960000370453,44.301530000202732],[-78.319059999929564,44.301930000249826],[-78.319059999929564,44.301989999829004],[-78.319069999975312,44.302069999815323],[-78.319049999883831,44.302140000115791],[-78.318849999867282,44.302960000267021],[-78.318809999684319,44.303130000111572],[-78.318770000399667,44.303270000029862],[-78.318770000399667,44.303420000260694],[-78.318760000353919,44.303500000227082],[-78.318770000399667,44.303570000108266],[-78.318876245944935,44.304716877306269],[-78.318964086806687,44.304712470459229],[-78.319843841100393,44.304667768103862],[-78.319978106896045,44.304664858489566],[-78.320081460764399,44.304657864100086]],[[-78.321444338001086,44.304603948129682],[-78.320083892503888,44.304657266234074],[-78.319964151568101,44.304664459269375],[-78.319949606047018,44.304590514772947],[-78.319890000132972,44.303520000201644],[-78.31988000008721,44.303450000260881],[-78.319870000041462,44.303370000226323],[-78.319849999949994,44.302979999782664],[-78.319839999904261,44.302820000252318],[-78.319789999675535,44.302099999862477],[-78.319789999675535,44.302030000157224],[-78.319779999629787,44.301950000116349],[-78.319740000345135,44.30125000009118],[-78.31971000020792,44.300969999930082],[-78.319700000162157,44.300879999939156],[-78.319720000253653,44.300800000259962],[-78.31971000020792,44.300710000008429],[-78.319670000024942,44.300590000101316],[-78.319623032508616,44.300064399791466],[-78.319583032325653,44.2995743998287],[-78.319530000282853,44.298609999977856],[-78.319510000191357,44.298230000305146],[-78.319500000145624,44.298179999708296],[-78.31945180912389,44.29749560852207],[-78.319421808986647,44.297125608499464],[-78.319371808757936,44.296695608932488],[-78.319332201138749,44.29636213737151],[-78.319312201047282,44.296132137501452],[-78.319302201899831,44.295942137348653],[-78.319302201899831,44.295872137374246],[-78.319292201854097,44.295792137301326],[-78.319272201762615,44.295572137181829],[-78.319252201671134,44.295292136948241],[-78.319232201579638,44.295112137424965],[-78.319164111077725,44.293976599368747],[-78.319091769747914,44.293065641966983],[-78.319081769702152,44.292985641928695],[-78.319041769519188,44.292475641533919],[-78.319031770371765,44.292355641516025],[-78.319001040802533,44.292100550723674],[-78.318727693343021,44.29157294217589],[-78.318627692885613,44.291342942195449],[-78.318379194623517,44.290849794540691],[-78.318349194486288,44.290789794508932],[-78.318039195763191,44.290119794277217],[-78.317901048347238,44.289828666793916],[-78.317751048559401,44.289518666796297],[-78.317482520561398,44.28895258778406],[-78.317352048351225,44.288904858861677],[-78.31705826601565,44.288984301800184],[-78.31650707323206,44.289118872207091],[-78.31602705845998,44.289244985103643],[-78.315637059370971,44.289334985566434],[-78.315400000255693,44.289389999713741],[-78.315139999964686,44.28944999988947],[-78.314859999582211,44.289519999802621],[-78.31465000041824,44.289570000056941],[-78.314640000372492,44.289570000056941],[-78.31405000036861,44.289719999921601],[-78.313970000002669,44.289740000088941],[-78.313689999620195,44.289799999907075],[-78.313460000364728,44.289860000307002],[-78.313359999907306,44.289879999783622],[-78.313149999845024,44.28992999973152],[-78.313129999753542,44.289940000101772],[-78.312889999554031,44.289999999715654],[-78.312749999811956,44.290030000142615],[-78.312579999932638,44.290070000259384],[-78.312509999612416,44.290090000307536],[-78.312400000007585,44.290120000045491],[-78.31230000044846,44.290140000076661],[-78.312260000265482,44.290149999768126],[-78.31208000034043,44.290189999803175],[-78.31170000039883,44.290289999771595],[-78.311310000411495,44.290379999919097],[-78.311179999816829,44.290410000151965],[-78.31090000033268,44.290480000207047],[-78.310139999551168,44.290620000066937],[-78.309819999884013,44.290620000066937],[-78.3089799996349,44.290439999726516],[-78.308589999647552,44.290300000080599],[-78.307619999702069,44.289960000194242],[-78.307120000109862,44.289799999907075],[-78.306459999785801,44.289560000266732],[-78.306059999752705,44.289440000078777],[-78.305940000102126,44.289400000175995],[-78.305872925594798,44.28938993862554]]]},"properties":{"OBJECTID":515,"line_name":"12 Otonabee","ScheduleLink":"https://www.peterborough.ca/living-in-peterborough/transit/routes-and-schedules/route-12-otonabee/","Shape.STLength()":13617.906363944912,"variant":"12","Note":"Route in effect starting December 31, 2023"}},{"type":"Feature","id":518,"geometry":{"type":"LineString","coordinates":[[-78.376381844958928,44.267903587133297],[-78.376399999910831,44.267890000002154],[-78.376430470765257,44.267849964198234],[-78.376556322041623,44.267698317038054],[-78.376608017391277,44.267567348136417],[-78.3766536518077,44.26695335008543],[-78.376749912578603,44.266406235125011],[-78.376728957577996,44.266284133626918],[-78.376413793542014,44.266310685283727],[-78.376209864294424,44.266360725233731],[-78.375780615115687,44.266580286686462],[-78.375649416168443,44.266628283983287],[-78.375502529941386,44.266657899440347],[-78.375360902452016,44.266653984421581],[-78.375334163199255,44.267060340874473],[-78.375381699349148,44.267113529030823],[-78.375521336171872,44.267119910988811],[-78.375640176097434,44.267158206581811],[-78.375732276770236,44.267211394006374],[-78.376381844958928,44.267903587133297]]},"properties":{"OBJECTID":518,"line_name":"9 Parkhill","ScheduleLink":"https://www.peterborough.ca/living-in-peterborough/transit/routes-and-schedules/route-9-parkhill/","Shape.STLength()":672.18597083079112,"variant":"9","Note":null}},{"type":"Feature","id":520,"geometry":{"type":"LineString","coordinates":[[-78.376381526057017,44.26790380134188],[-78.376381844958928,44.267903587133297]]},"properties":{"OBJECTID":520,"line_name":"9 Parkhill","ScheduleLink":"https://www.peterborough.ca/living-in-peterborough/transit/routes-and-schedules/route-9-parkhill/","Shape.STLength()":0.048673812260804063,"variant":"9","Note":null}},{"type":"Feature","id":521,"geometry":{"type":"LineString","coordinates":[[-78.368326000527659,44.295429000513735],[-78.36618599972185,44.290763090584797],[-78.368315031199714,44.290322397885802],[-78.369004000395094,44.29016300045771],[-78.369584000353214,44.290059000004902],[-78.372694999132776,44.28934999977691],[-78.373248000225061,44.290460999548166],[-78.374357000087699,44.29283299997406],[-78.373705363078926,44.29301747079203],[-78.373130337092505,44.293217502724637],[-78.372815999506614,44.293334999747728],[-78.372401000303228,44.293522000435203],[-78.372001000270146,44.293724999960745],[-78.371148375996327,44.29423583566868],[-78.370754000315245,44.29449899941968],[-78.370400529420607,44.294681005621463],[-78.369975149285807,44.294883233429964],[-78.369688230977317,44.294997545049497],[-78.369248542476683,44.295161684124984],[-78.368662570518538,44.295340264464414],[-78.367778114442615,44.295564887737427],[-78.36572600031262,44.296069999878156],[-78.365327389973288,44.296135524615011],[-78.365101999973561,44.296151000018114],[-78.364674000351386,44.296121999949072],[-78.363114196234747,44.295757313085879],[-78.361587999889522,44.295344000112699],[-78.360826000356525,44.294869999742779],[-78.360486999524497,44.295128999986311],[-78.360388459727716,44.29526087770288],[-78.360081999468534,44.295753999891389],[-78.359711999572696,44.296516000127696],[-78.359670999564798,44.297002000100569],[-78.359713000295912,44.297384999349994],[-78.359978000609786,44.298014999815543],[-78.360840598878198,44.299855691198275],[-78.361713610417397,44.301718545395438],[-78.362069999938385,44.30247899986653],[-78.362232000320091,44.302725000144015],[-78.362377000085047,44.302867999450001],[-78.362571000253809,44.303006999664433],[-78.362951000195395,44.303196999457448],[-78.36329799962671,44.303300000106709],[-78.363649999979245,44.303335999535797],[-78.364253999328497,44.303330000168209],[-78.364267998673895,44.303086494243971],[-78.364308999580075,44.302952999888483],[-78.364496000076144,44.302653999563439],[-78.365000999691219,44.30217000012717],[-78.36525400030952,44.301752999623289],[-78.365608395570575,44.30082017602551],[-78.365729898102643,44.300499589992732],[-78.365836999742385,44.300216999804476],[-78.365897000016858,44.29991999980917],[-78.365904000587847,44.299722000477743],[-78.365874214249658,44.299492298583168],[-78.365824505973421,44.299306502461953],[-78.364973754686972,44.297382920061452],[-78.364748354805755,44.296897615057318],[-78.364621999574524,44.2964899996295],[-78.364674000351386,44.296121999949072],[-78.363114196234747,44.295757313085879],[-78.361587999889522,44.295344000112699],[-78.360826000356525,44.294869999742779],[-78.360486999524497,44.295128999986311],[-78.360388459727716,44.29526087770288],[-78.360081999468534,44.295753999891389],[-78.359711999572696,44.296516000127696],[-78.359670999564798,44.297002000100569],[-78.359713000295912,44.297384999349994],[-78.359978000609786,44.298014999815543],[-78.356641999902692,44.298888999422218],[-78.356373999215762,44.299008999591273],[-78.356118277600473,44.299199764547033],[-78.355717999987945,44.299588999951276],[-78.355550000656777,44.299689999730852],[-78.355235540001686,44.299816988729397],[-78.352816268245405,44.300445932511749],[-78.351735257192075,44.300716185444692],[-78.347991448295431,44.301660963484061],[-78.347618999592115,44.30175100020886],[-78.347370000070086,44.301389999992445],[-78.347020000265729,44.301149999498115],[-78.346650000369863,44.30105000002056],[-78.346058999642764,44.300950000372644],[-78.345597156890577,44.300846587996432],[-78.345229841160787,44.300765904859105],[-78.344906369505068,44.300694852405215],[-78.344897999901576,44.300592000198201],[-78.344896000251737,44.300426999368533],[-78.344848999497771,44.300251999462496],[-78.344471563347994,44.299573875846953],[-78.343890000321267,44.298889999821093],[-78.343797999361428,44.298692999990294],[-78.345990050351446,44.298169850936638],[-78.346195999910108,44.298124000455189],[-78.346465999348538,44.29807199958541],[-78.346611999836711,44.29809700025659],[-78.34670399989821,44.298163999559748],[-78.346812241500075,44.298324925391121],[-78.347061000273598,44.298609000217112],[-78.347205000213648,44.298537999802363],[-78.347966999746646,44.298366999754982],[-78.348093000143351,44.29838399961276],[-78.348188999504515,44.298421999655346],[-78.348403333938052,44.298915183378959],[-78.348796999950054,44.299821000548384],[-78.348781999881439,44.300812000154522],[-78.348572587317364,44.300991760402667],[-78.347264000663202,44.301322000155579],[-78.347370000070086,44.301389999992445],[-78.347618999592115,44.30175100020886],[-78.347370000070086,44.301389999992445],[-78.347264000663202,44.301322000155579],[-78.347020000265729,44.301149999498115],[-78.346646921843387,44.301054866820472],[-78.346058999642764,44.300950000372644],[-78.345597156890577,44.300846587996432],[-78.344297000027041,44.300561000295886],[-78.34377300014539,44.300453999781489],[-78.343101000125756,44.300245000046914],[-78.34221357691446,44.299935715309239],[-78.342110000263887,44.299899999893988],[-78.341920000293086,44.299870000008539],[-78.341816000535999,44.299867000147721],[-78.340104991092446,44.30028766708795],[-78.339792099794138,44.300337017189705],[-78.339560000277558,44.300300000116849],[-78.339362196641886,44.300332633801673],[-78.339140000152995,44.300500000170743],[-78.336206000027104,44.30128100027261],[-78.339072193518717,44.307483494238049],[-78.332192999277495,44.309202999453959],[-78.323641000043438,44.309493000457017],[-78.323394442142344,44.305909964818945],[-78.32331895581072,44.304586059058472],[-78.32327892508502,44.304524955113536],[-78.321638647190298,44.304594978201472]]},"properties":{"OBJECTID":521,"line_name":"4 Weller","ScheduleLink":"https://www.peterborough.ca/living-in-peterborough/transit/routes-and-schedules/route-4-weller/","Shape.STLength()":16089.813966221804,"variant":"4","Note":null}},{"type":"Feature","id":523,"geometry":{"type":"LineString","coordinates":[[-78.343998268872568,44.298607005196125],[-78.343878259340499,44.298632841452026],[-78.343779508439624,44.298654775096708]]},"properties":{"OBJECTID":523,"line_name":"8 Monaghan","ScheduleLink":"https://www.peterborough.ca/living-in-peterborough/transit/routes-and-schedules/route-8-monaghan/","Shape.STLength()":25.460786174848863,"variant":"8","Note":null}},{"type":"Feature","id":529,"geometry":{"type":"LineString","coordinates":[[-78.291743522120242,44.357117956238994],[-78.291521493616301,44.35715825041077],[-78.291084191939362,44.357300610297408],[-78.290874171215833,44.357459439394688],[-78.290826168840297,44.3576248559934],[-78.29087536777179,44.357718265556365],[-78.290982105593841,44.357748721436231],[-78.291515300630721,44.35778264242613],[-78.291538771812469,44.357682246181618],[-78.291593948133865,44.357512955466134],[-78.291667535426996,44.357329942387487],[-78.291794909347757,44.357096676460493],[-78.292232558672708,44.356648400403131],[-78.292457919926349,44.356477989742828],[-78.292682639782882,44.356338972316387],[-78.293405409887455,44.356092510180694],[-78.294988898086544,44.35572107084807],[-78.295466711986165,44.355514869942162],[-78.29579016657388,44.355234906463537],[-78.295985639979691,44.354985545411367],[-78.296092629330033,44.354825300364816],[-78.296132956499775,44.35434894644586],[-78.296001823129544,44.353916666437584],[-78.295986928163813,44.353533404696861],[-78.296048239080278,44.353281504323846],[-78.296161854404147,44.35309629858336],[-78.296472508897395,44.352899395922606],[-78.297284077467779,44.352679477541024],[-78.297553332202838,44.352863484067989],[-78.298194714942653,44.353099713241605],[-78.298575575470281,44.352596129934639],[-78.300131110792705,44.351399060981116],[-78.301839629207976,44.350135298759064],[-78.308198895630724,44.345517502384375],[-78.31074062931981,44.343429844701198],[-78.312853650124367,44.341109859883161],[-78.313812421128787,44.339645772764342],[-78.314120061774247,44.337985463467014],[-78.314258859570472,44.336125399445145],[-78.315449810939882,44.334949741355317],[-78.317197632445456,44.335158113124599],[-78.318578169662302,44.335042241891223],[-78.323581342925422,44.332506620505434],[-78.324807297149846,44.333238160833204],[-78.329047598615801,44.334452297723658],[-78.333392276232928,44.332029596848834],[-78.334025130367451,44.331516099477675],[-78.334551020304446,44.330646470083067],[-78.336805101761456,44.329441901683417],[-78.338270016834613,44.327543651043619],[-78.340587796031784,44.326400937499962],[-78.341350953493205,44.326436007657826],[-78.342340218708259,44.32642927676995],[-78.343196850366581,44.326462636878084],[-78.349496492908969,44.323371328947019],[-78.350467019267199,44.322934375170355],[-78.351003899193387,44.32229073339262],[-78.351369738991153,44.322029978931099],[-78.35210754060536,44.32176581775289],[-78.353118826222982,44.321559646502287],[-78.354826623291103,44.321112186733224],[-78.354596601577768,44.320556628542953],[-78.354582452213734,44.320298236634876],[-78.354725067849898,44.319646336773346],[-78.354685520417846,44.319260131039037],[-78.354677520021923,44.319187127215443],[-78.354580296257041,44.319179554191493],[-78.354492113137169,44.319154706465156],[-78.354448640965643,44.319077103286482],[-78.354451786865752,44.319023645958609],[-78.354481228250876,44.318974292285013],[-78.3545201792016,44.31894481310195],[-78.354580369918892,44.318919474245334],[-78.354670795233702,44.318923487329684],[-78.354727844542452,44.318929623286188],[-78.354764521857192,44.318964244800064],[-78.354803553656296,44.319008281988992],[-78.354811964582282,44.319053668833938],[-78.35480415193426,44.319099390494891],[-78.354777807940238,44.319140269957636],[-78.354676599248762,44.319189821445548],[-78.354682652995464,44.31926609471499],[-78.354721706354113,44.319663462865748],[-78.354585125599996,44.320308987000068],[-78.354529821717847,44.320520510494163],[-78.354852066274901,44.321109124331969],[-78.35307545017119,44.321562821349247],[-78.352005051814601,44.321761983527864],[-78.351318883566293,44.322027018763308],[-78.349894331595479,44.320465276790934],[-78.347955092577578,44.318383135653377],[-78.34705411378863,44.317678405753632],[-78.340778519146383,44.315993721337627],[-78.340406706450295,44.31583352910458],[-78.339933342804585,44.315430937107386],[-78.33709200120532,44.311519028974203],[-78.344531374077931,44.309918457417382],[-78.344952078481668,44.309834761041259],[-78.344700487320054,44.309372980576619],[-78.345060850089524,44.307094161390921],[-78.345732270695819,44.304982466535918],[-78.34570724093706,44.304219442792117],[-78.345673839778158,44.302803938365265],[-78.345033789239906,44.301457540075766],[-78.34482662156573,44.300619246770168],[-78.345259634685505,44.300728357013234],[-78.345580215562634,44.300799712879666],[-78.34573137956707,44.300845640349365],[-78.346056525682471,44.300928310604419],[-78.346642644066009,44.301014042264448],[-78.346922154866661,44.301085485861741],[-78.347136067091995,44.301180402473797],[-78.34732940340578,44.30132694729587],[-78.348598613307757,44.301004433381365],[-78.348809139782787,44.300804440189076],[-78.348866348093352,44.299827281873327],[-78.348533251887687,44.299147051623869],[-78.348105428335316,44.298312835620123],[-78.347099911698464,44.298590937655952],[-78.346723427762882,44.298143887175279],[-78.346651695490792,44.298085564950263],[-78.346454420962829,44.29804388772115],[-78.346210799654415,44.298095771601027],[-78.345870917575098,44.298177424742953],[-78.345048545865083,44.298379856536791],[-78.344521069503301,44.298504738259346],[-78.34431000942898,44.298540461595564],[-78.343903577458462,44.298627217719535],[-78.34378969084338,44.298655014267609],[-78.343624402627711,44.298339552184729],[-78.343039770955983,44.297106889030644],[-78.342674885169046,44.29632340688152],[-78.334921062421131,44.298203745962695],[-78.334902817637698,44.297759782514554],[-78.332361023761507,44.291969667069793],[-78.326127956263122,44.277979796573547],[-78.32419341992572,44.274198779750421],[-78.324154120428673,44.273960606099095],[-78.324184729623667,44.273758976472152],[-78.324233703976319,44.273660353124008],[-78.3247050796503,44.27354638783126],[-78.343873899816415,44.268997891511866],[-78.344154131964245,44.268956086217763],[-78.344340953695578,44.268964447278968],[-78.345356795568321,44.26951627661829],[-78.347288057546507,44.267018531629141],[-78.347775232789701,44.266918856786262],[-78.349863125919143,44.266320800963307],[-78.357309944927138,44.266420477463541],[-78.359537031111529,44.26597193220298],[-78.358917534925311,44.264454354960151],[-78.358836230205554,44.264262556576483],[-78.358826664944417,44.264101582450017],[-78.358984491753304,44.263858407933704],[-78.359233188543101,44.263584407273477],[-78.36069951307293,44.262308641788515],[-78.360816276991883,44.262216658992443],[-78.360956392616643,44.262124676695798],[-78.361295007173112,44.262041055657846],[-78.361610268227111,44.261898900070783],[-78.361925529281137,44.261798555197664],[-78.362018940595959,44.261681485319215],[-78.362485993576783,44.261280102028131],[-78.362637786401919,44.261121220250956],[-78.362812931831186,44.261037597785801],[-78.362906342247683,44.260970700242702],[-78.363081487676936,44.26089544041578],[-78.364797910368409,44.260435515227648],[-78.366548678348124,44.264012806794646],[-78.367375372751269,44.265319322874383],[-78.367468873897636,44.265955422157148],[-78.368107424249345,44.267340282705696],[-78.368363231204611,44.267242210809798],[-78.368530623274651,44.2671702899002],[-78.36888932056759,44.2671702899002],[-78.369051930007075,44.26717371470744],[-78.369349349621231,44.267254411830443],[-78.369648264032023,44.26754872988996],[-78.369812667407103,44.267810939587598],[-78.370029379681199,44.268014285275342],[-78.37033576717684,44.268169469584414],[-78.37074677426709,44.268233683594843],[-78.371411859055684,44.268260438929417],[-78.37171824655131,44.268303248211218],[-78.372557598216815,44.268509374949296],[-78.372935426032058,44.26858471894537],[-78.373217601235851,44.2685881436702],[-78.37349977643963,44.268533348049409],[-78.373652820617963,44.268451154522502],[-78.37401630054147,44.268228546476614],[-78.374260214700683,44.268132653520098],[-78.374599781471332,44.268050459432878],[-78.375006305070016,44.268043609920404],[-78.375795439114512,44.268139503022191],[-78.376039353273725,44.268091556490837],[-78.376326311108073,44.267947716662192],[-78.376436311611243,44.267879221381961],[-78.376546312114414,44.267704557412877],[-78.376766164000429,44.266414258824142],[-78.376696106188035,44.266297198780464],[-78.376351419918578,44.266312583622224],[-78.375589188620211,44.26663366311584],[-78.375387421617503,44.266649716883663],[-78.375372475447818,44.267120630173224],[-78.375671389858624,44.267211601784709],[-78.376385042063035,44.267902646673882]]},"properties":{"OBJECTID":529,"line_name":"8 Monaghan","ScheduleLink":"https://www.peterborough.ca/living-in-peterborough/transit/routes-and-schedules/route-8-monaghan/","Shape.STLength()":31487.774577973145,"variant":"8","Note":null}},{"type":"Feature","id":926,"geometry":{"type":"MultiLineString","coordinates":[[[-78.34874213893734,44.299827528111535],[-78.348705141822364,44.300768528572057],[-78.348516898956262,44.300948157157315],[-78.347229496373131,44.301278377225479],[-78.346938156556817,44.301130788203913],[-78.346352331922375,44.301022214249898],[-78.345035876924641,44.300749234860604],[-78.345007733605101,44.30116331791929],[-78.344981071607464,44.301269856821818],[-78.345122395466291,44.301536208697051],[-78.345303293706621,44.301897853482984],[-78.345423110100896,44.302199318013066],[-78.345458485756794,44.302311891795625],[-78.345283882909953,44.301894870441096],[-78.345126521428398,44.30153357151751],[-78.344989542720597,44.301266586370026],[-78.345022172226678,44.300751089011634],[-78.346342256418154,44.300997035453236],[-78.346952497262009,44.301132412182831],[-78.347230576148092,44.301300609474893],[-78.348516898956262,44.300948157157315],[-78.348705141822364,44.300768528572057],[-78.348742219785706,44.299825467554143],[-78.348022574920023,44.298418647392133],[-78.347072806831378,44.298670750037168],[-78.346961329497873,44.298540584395873],[-78.346655052495024,44.298147166159204],[-78.346538114302916,44.298096813161514],[-78.346427830830422,44.298095452703464],[-78.346139514743356,44.298162571594837],[-78.345419515043133,44.298342571411645],[-78.344989514872822,44.298442570999995],[-78.344419514960435,44.29857257098179],[-78.343957847379727,44.298691979657121],[-78.343921698274372,44.298729130187688],[-78.343906745816469,44.298776183763657],[-78.343978050490463,44.298901213802957],[-78.34430514505172,44.299278441336966],[-78.344730306895912,44.29976876265809],[-78.344916885183792,44.300087711314937],[-78.344970362790974,44.300224645996174],[-78.345000072772365,44.300362430932935],[-78.345027610627398,44.30075276443376]],[[-78.348742219785706,44.299825467554143],[-78.348022574920023,44.298418647392133],[-78.347072806831378,44.298670750037168],[-78.346961329497873,44.298540584395873],[-78.346655052495024,44.298147166159204],[-78.346538114302916,44.298096813161514],[-78.346427830830422,44.298095452703464],[-78.346139514743356,44.298162571594837],[-78.345419515043133,44.298342571411645],[-78.344989514872822,44.298442570999995],[-78.344419514960435,44.29857257098179],[-78.344339514594495,44.298592571349076],[-78.343957847379727,44.298691979657121],[-78.343921698274372,44.298729130187688],[-78.343906745816469,44.298776183763657],[-78.343931702811702,44.298830618787761],[-78.343978050490463,44.298901213802957],[-78.344730306895912,44.29976876265809],[-78.344916885183792,44.300087711314937],[-78.344970362790974,44.300224645996174],[-78.345000072772365,44.300362430932935],[-78.34501908741197,44.300535937025565],[-78.345021464354218,44.30060652999039],[-78.345027610627398,44.30075276443376]],[[-78.345027610627398,44.30075276443376],[-78.34502729621704,44.300748310356724],[-78.34501908741197,44.300535937025565],[-78.344970362790974,44.300224645996174],[-78.344916885183792,44.300087711314937],[-78.344730306895912,44.29976876265809],[-78.34430514505172,44.299278441336966],[-78.343978050490463,44.298901213802957],[-78.343925441554163,44.298816962298872],[-78.343906745816469,44.298776183763657],[-78.343921698274372,44.298729130187688],[-78.343976901545219,44.298687051582817],[-78.346139514743356,44.298162571594837],[-78.346427830830422,44.298095452703464],[-78.346538114302916,44.298096813161514],[-78.346655052495024,44.298147166159204],[-78.346961329497873,44.298540584395873],[-78.347072806831378,44.298670750037168],[-78.348022574920023,44.298418647392133],[-78.348741849679826,44.299824744912456]]]},"properties":{"OBJECTID":926,"line_name":"22 CB Blue","ScheduleLink":"https://www.peterborough.ca/living-in-peterborough/transit/routes-and-schedules/route-22-community-bus-blue/","Shape.STLength()":5024.5370232073383,"variant":"22","Note":null}},{"type":"Feature","id":931,"geometry":{"type":"MultiLineString","coordinates":[[[-78.342039999943665,44.283413402985964],[-78.342039999943665,44.283523403092381],[-78.342100000218139,44.283693403260997],[-78.342110000263887,44.283703403406903],[-78.342159999594273,44.283863402937662],[-78.342199999777236,44.284003403134228],[-78.342199999777236,44.28406340302444],[-78.342239999960213,44.284163403134073],[-78.342280000143177,44.284243402970553],[-78.34231000028042,44.28432340334124],[-78.342379999702288,44.28447340309944],[-78.342450000022495,44.284623403117791],[-78.342520000342716,44.284783403358233],[-78.342589999764584,44.284933403228102],[-78.342650000039058,44.285093403267304],[-78.342720000359236,44.285243402988655],[-78.342769999689637,44.285343403018821],[-78.342799999826866,44.28539340297008],[-78.342860000101325,44.285543403211555],[-78.342920000375784,44.285683403262802],[-78.343599999893044,44.285533403378871],[-78.343539999618557,44.28539340297008],[-78.343470000196689,44.28523340310489],[-78.34340999992223,44.285083403358001],[-78.343339999602037,44.284933403228102],[-78.343270000180155,44.284773403396159],[-78.343199999859962,44.284623403117791],[-78.343139999585489,44.284463403084608],[-78.343080000209355,44.284333403379911],[-78.343070000163621,44.284313403300871],[-78.342999999843414,44.284163403134073],[-78.342930000421518,44.284003403134228],[-78.342870000147073,44.283853403462047],[-78.3428099998726,44.283713403551118],[-78.342739999552407,44.283553402968764],[-78.342670000130525,44.28338340303813],[-78.342650000039058,44.28338340303813],[-78.342439999976762,44.283433403371411],[-78.342189999731502,44.283493403200723],[-78.342039999943665,44.283413402985964]],[[-78.342039999943665,44.283413402985964],[-78.341999999760716,44.283313403528986],[-78.341989999714968,44.283263403093571],[-78.341801164859092,44.282898417082784],[-78.342100641615247,44.282813339380141],[-78.34362892205192,44.282413472784576],[-78.34376520007379,44.282374447554439],[-78.343866577648541,44.282523559010549],[-78.344154169693496,44.283175253821653],[-78.344836310794378,44.284723638286316],[-78.345050222121401,44.285274921582236],[-78.345197583557251,44.285506322794419],[-78.345582031057802,44.286016338049393],[-78.34579000002924,44.286254541932387],[-78.346627821863819,44.286937246836857],[-78.347052673789236,44.287222236519803],[-78.347248759846067,44.287441294977008],[-78.347268296406881,44.287586872210831],[-78.34720684355662,44.28764728578237],[-78.346559404375157,44.288281229058725],[-78.34632267494159,44.288483354797435],[-78.346121597845013,44.288639542216501],[-78.343775699582835,44.29042086594896],[-78.343577474637286,44.290566840258286],[-78.343405489481199,44.290764125845143],[-78.343082245099254,44.29102953191768],[-78.342749492948343,44.291271118297168],[-78.342416741695743,44.29150930087043],[-78.342103004184452,44.291754288074898],[-78.341609999773354,44.292133403085863],[-78.341379999619605,44.292293402803374],[-78.341110000181175,44.292553402700555],[-78.340920000210374,44.292783402441529],[-78.340510000131559,44.293373402997702],[-78.340370000389456,44.29365340273516],[-78.340310000115011,44.293943402755211],[-78.340320000160744,44.294093402381058],[-78.340330000206507,44.29424340290965],[-78.340429999765618,44.294533402588058],[-78.340469999948581,44.294763402933221],[-78.340680000010863,44.295393402592218],[-78.340720000193841,44.295503402768325],[-78.340869999981663,44.295963402675063],[-78.340930000256122,44.29644340264953],[-78.340934820615928,44.296616641923848],[-78.34106409716847,44.296588539007153],[-78.342422436116337,44.29626701943964],[-78.34259356607626,44.296215984578851]],[[-78.345936826069163,44.295413826472348],[-78.345919999725581,44.295383402507561],[-78.345680000424395,44.294843402478719],[-78.345600000058454,44.294683402635798],[-78.345559999875476,44.294573402852585],[-78.345470000362113,44.294373402543499],[-78.345349697979259,44.294057232681162],[-78.346231489652041,44.29381906044128],[-78.346506715488772,44.293521004445779],[-78.346716715551068,44.293301004176591],[-78.346844703021162,44.29326615597914],[-78.34765281397604,44.293050096950481],[-78.347814436167013,44.292801712413855],[-78.34804023220525,44.292459757500055],[-78.348541736475553,44.292338966557772],[-78.348655822516633,44.292367888119855],[-78.349582559598034,44.29450785322544],[-78.349561168914477,44.294552765211705],[-78.348808199246704,44.294736495706744],[-78.346479412992366,44.295293809311289],[-78.346105781207811,44.295383632047233],[-78.345936826069163,44.295413826472348]],[[-78.34259356607626,44.296215984578851],[-78.342790839705913,44.29617685792936],[-78.343061794951808,44.296114765360656],[-78.344319121040925,44.295809404734484],[-78.345186651958556,44.295601860216038],[-78.345717866210251,44.295473421211454],[-78.345897573284503,44.295437730086512],[-78.345936826069163,44.295413826472348]],[[-78.34259356607626,44.296215984578851],[-78.342629999947548,44.296393402460232],[-78.342639999993281,44.296413402283903],[-78.342690000222021,44.296533402368674],[-78.342820549687318,44.296775665640283],[-78.343286402518913,44.297741060676145],[-78.343746312096627,44.298703036801392],[-78.343890807906703,44.298661558676621],[-78.344401343838854,44.2985445230076]],[[-78.34645014318545,44.298061409096022],[-78.346623815377654,44.298099132240829]],[[-78.34645014318545,44.298061409096022],[-78.346202956463671,44.298117886112003],[-78.345048783918642,44.298399589508684]],[[-78.346623815377654,44.298099132240829],[-78.346704935942753,44.298152588698137]],[[-78.346704935942753,44.298152588698137],[-78.346641237304269,44.298102916576951],[-78.346623815377654,44.298099132240829]],[[-78.346704935942753,44.298152588698137],[-78.347060000448693,44.298609999977856],[-78.347079254040182,44.298605144548084]],[[-78.348066724421301,44.298356114211245],[-78.347087552676768,44.29861517815953],[-78.347079254040182,44.298605144548084]],[[-78.348063445570503,44.298359583492299],[-78.348819808175108,44.299846750118881]],[[-78.345048783918642,44.298399589508684],[-78.346190000062322,44.298120000093199],[-78.34645014318545,44.298061409096022]],[[-78.345048783918642,44.298399589508684],[-78.344480000325149,44.298533402183047],[-78.344401343838854,44.2985445230076]],[[-78.344401343838854,44.2985445230076],[-78.344480000325149,44.298529999777415],[-78.345048783918642,44.298399589508684]],[[-78.347079254040182,44.298605144548084],[-78.348066724421301,44.298356114211245]],[[-78.347079254040182,44.298605144548084],[-78.346704935942753,44.298152588698137]],[[-78.348823143619768,44.299843284783236],[-78.348811806880875,44.299798296478343],[-78.348066724421301,44.298356114211245]],[[-78.345410000087654,44.302343401872676],[-78.345406051093647,44.302199886331039],[-78.34530159229746,44.301920792041322],[-78.345201683468204,44.301733042120972],[-78.344957020114052,44.301219374063784],[-78.344943983762647,44.301128437099052],[-78.344929967349273,44.300887152934067],[-78.344949517384791,44.300711091669491],[-78.346250059625589,44.300986276406881],[-78.346796361980793,44.301079636061239],[-78.346928943435259,44.301117009455105],[-78.347031196867434,44.301150324165249],[-78.347052053053375,44.301163412426291],[-78.347175101586032,44.301233642038675],[-78.347259999566916,44.301320000083564],[-78.348590000260828,44.300990000123647],[-78.348774139622705,44.300799884536346],[-78.348823166077636,44.2998440974334]]]},"properties":{"OBJECTID":931,"line_name":"23 CB Red","ScheduleLink":"https://www.peterborough.ca/living-in-peterborough/transit/routes-and-schedules/route-23-community-bus-red/","Shape.STLength()":8663.8831527717648,"variant":"23","Note":null}},{"type":"Feature","id":933,"geometry":{"type":"LineString","coordinates":[[-78.348823190332169,44.299843615243816],[-78.348823166077636,44.2998440974334]]},"properties":{"OBJECTID":933,"line_name":"23 CB Red","ScheduleLink":"https://www.peterborough.ca/living-in-peterborough/transit/routes-and-schedules/route-23-community-bus-red/","Shape.STLength()":0.075048584263795404,"variant":"23","Note":null}},{"type":"Feature","id":939,"geometry":{"type":"LineString","coordinates":[[-78.348823150806297,44.299843313714568],[-78.348823143619768,44.299843284783236]]},"properties":{"OBJECTID":939,"line_name":"23 CB Red","ScheduleLink":"https://www.peterborough.ca/living-in-peterborough/transit/routes-and-schedules/route-23-community-bus-red/","Shape.STLength()":0.0045705579528105755,"variant":"23","Note":null}},{"type":"Feature","id":941,"geometry":{"type":"LineString","coordinates":[[-78.348823166077636,44.2998440974334],[-78.348823190332169,44.299843615243816]]},"properties":{"OBJECTID":941,"line_name":"23 CB Red","ScheduleLink":"https://www.peterborough.ca/living-in-peterborough/transit/routes-and-schedules/route-23-community-bus-red/","Shape.STLength()":0.075048584263795404,"variant":"23","Note":null}},{"type":"Feature","id":942,"geometry":{"type":"LineString","coordinates":[[-78.348823087025906,44.2998432809257],[-78.348823113077046,44.299843332359259]]},"properties":{"OBJECTID":942,"line_name":"23 CB Red","ScheduleLink":"https://www.peterborough.ca/living-in-peterborough/transit/routes-and-schedules/route-23-community-bus-red/","Shape.STLength()":0.0085094065598019224,"variant":"23","Note":null}},{"type":"Feature","id":1323,"geometry":{"type":"LineString","coordinates":[[-78.321617962582565,44.304580899403661],[-78.323253958208326,44.304502290148939],[-78.323131078558944,44.303284457799464],[-78.328825693181059,44.3030270878821],[-78.329201972300766,44.3030187245961],[-78.329519823197728,44.303010361951813],[-78.329664725046328,44.303000326519872],[-78.329847021963559,44.302978582863879],[-78.329914798953425,44.30295851134462],[-78.330614635068798,44.302788109841885],[-78.336161966408525,44.301292590539262],[-78.339011759357973,44.300512914990527],[-78.33929285388848,44.300426995511039],[-78.339457183601709,44.300356429975679],[-78.339595950855212,44.300244047889706],[-78.339683594087603,44.300152573865262],[-78.339800450533033,44.300027124093951],[-78.339949489123512,44.299815262489908],[-78.339995136116343,44.299713170603269],[-78.340075018802978,44.299562073719507],[-78.340120665795837,44.299427311219034],[-78.340251567400728,44.298877842015919],[-78.340906297309019,44.296744204011389],[-78.342717252412783,44.296325443129383],[-78.346066647899079,44.295451146248567],[-78.345261295670454,44.293472557158992],[-78.344477708722849,44.29177434477721],[-78.344281812210525,44.291602963018697],[-78.344085915698216,44.29147832125031],[-78.343911785365208,44.291322518828594],[-78.343541758519905,44.29069930436544],[-78.344956567363141,44.289484017623757],[-78.347089663717682,44.287879177299359],[-78.347258693416492,44.28764732050719],[-78.347291412754089,44.287620551492061],[-78.347291412754089,44.287585418266509],[-78.347291412754089,44.287536900491794],[-78.347293750170451,44.287478344592145],[-78.347275053534446,44.287423134451551],[-78.347249344649327,44.287382982057153],[-78.347106779318793,44.287220697682905],[-78.346636805016658,44.28688897803454],[-78.345820860752511,44.286170087079547],[-78.345529859601058,44.285859653633842],[-78.345141145102886,44.285172151046588],[-78.34498066736559,44.284782826511602],[-78.341082168577032,44.276207708502511],[-78.340432662372109,44.274854976632206],[-78.340432662372109,44.274545776863292],[-78.340432662372109,44.274136832464919],[-78.34062768841693,44.273827628274198],[-78.340878436060493,44.27357826903679],[-78.34117097512771,44.273328908741362],[-78.341561027217338,44.272949879477473],[-78.341811774860901,44.272660618420801],[-78.342011815301646,44.272450753699829],[-78.342243617475859,44.272342230279961],[-78.342332772572874,44.272246473965652],[-78.345176807321366,44.269558852771887],[-78.345257046639162,44.269558852771887],[-78.345542341691925,44.269724837659936],[-78.345664765895478,44.269724828011235],[-78.345891468333846,44.269905569165772],[-78.346076101769142,44.270208477337569],[-78.346220274185725,44.270478913800041],[-78.346322980368782,44.270813942293017],[-78.346380039558994,44.271614734383171],[-78.346442803949586,44.271696446854477],[-78.346511275337164,44.271712789335076],[-78.346636805016658,44.271725046674995],[-78.346745217298405,44.271708704197771],[-78.348145659385324,44.271365509196819],[-78.349349846532107,44.271074936505876],[-78.349558226033608,44.270237855563607],[-78.349603873026453,44.26993142383688],[-78.349598166927777,44.269804765171862],[-78.349571019839885,44.268680640754368],[-78.349208828998798,44.267942470163263],[-78.34961281126354,44.267713036370715],[-78.35005858495191,44.267543455051417],[-78.350351123120817,44.267443700689427],[-78.350671523436588,44.267363897335244],[-78.35080246905892,44.267311626073102],[-78.350918370595195,44.267183939595569],[-78.350945117034456,44.267113712364967],[-78.350945117034456,44.266979641555167],[-78.350900751937516,44.266299780933061]]},"properties":{"OBJECTID":1323,"line_name":"5 The Parkway","ScheduleLink":"https://www.peterborough.ca/living-in-peterborough/transit/routes-and-schedules/route-5-the-parkway/","Shape.STLength()":9642.326230107823,"variant":"5","Note":null}},{"type":"Feature","id":1326,"geometry":null,"properties":{"OBJECTID":1326,"Shape":null,"line_name":"Excalibur","ScheduleLink":null,"Shape.STLength()":null,"variant":"ex","Note":"Night Route"}},{"type":"Feature","id":1327,"geometry":{"type":"LineString","coordinates":[[-78.291766510906669,44.35713651076599],[-78.291724323325994,44.357136758048327],[-78.291503261409289,44.357182435892625],[-78.291162785543577,44.357293831568839],[-78.290900215172556,44.357462821684322],[-78.290859110960085,44.357613193355888],[-78.290905093922859,44.357687279774986],[-78.290994172663062,44.357726895301965],[-78.291546884497805,44.357766099739898],[-78.291576467816739,44.357599222980056],[-78.291599153870919,44.357512075532071],[-78.291630842840902,44.357433663078616],[-78.291694485783836,44.357282976224141],[-78.291766510906669,44.35713651076599],[-78.291872744773855,44.356994369502715],[-78.291976159727682,44.356890487460383],[-78.292080164874648,44.356786013037301],[-78.292219734323709,44.356645813230344],[-78.292315800160196,44.356578121497009],[-78.292436222018964,44.356493266821765],[-78.292485897955885,44.356464206647651],[-78.292672476243766,44.356358842520983],[-78.292853825438371,44.356277439897077],[-78.293002850554132,44.356218299987425],[-78.293120730180632,44.356182024696693],[-78.29320391687088,44.35615642509417],[-78.293431387368827,44.356086424357592],[-78.293564250894306,44.356055155099703],[-78.293713080177298,44.356020217627162],[-78.293929362158366,44.355969446686693],[-78.294402361986386,44.355861313975147],[-78.294568755129816,44.355824094273373],[-78.294755003736,44.35578243299809],[-78.295038309918723,44.355704303414555],[-78.295226820482782,44.355642021397529],[-78.29535802841319,44.355569367310679],[-78.295502545782838,44.35548934391381],[-78.295550302019961,44.355462900013237],[-78.295624066281206,44.355400286307216],[-78.29573163953647,44.355308974051034],[-78.295805569986044,44.355246219514115],[-78.295905515646254,44.355121746933293],[-78.296000705625332,44.355003196876204],[-78.296112177568943,44.354761193231063],[-78.296140891318672,44.35460790710281],[-78.296153533309663,44.354496415110994],[-78.296135945194735,44.3542601877135],[-78.296101274716335,44.354133434070341],[-78.296038726819731,44.353904761546985],[-78.295990485492339,44.353732835361633],[-78.295966955021782,44.353544700732975],[-78.295991197856367,44.353404661462221],[-78.296044913517093,44.353279917116481],[-78.296103511521395,44.35318917130747],[-78.296135231932382,44.353140047431886],[-78.296254468015007,44.353044481954988],[-78.296368024050054,44.352968233981457],[-78.296493415388994,44.352898715686429],[-78.296679942472906,44.352833537593149],[-78.296960166535911,44.352735618725092],[-78.297070739265891,44.352696981319816],[-78.297294325448547,44.352649841222856],[-78.29741696884102,44.35274161561091],[-78.297529552898951,44.352821329940831],[-78.297610915110866,44.35287893744762],[-78.297737361071938,44.352925163955796],[-78.297930000293036,44.352920000201145],[-78.29803999989791,44.352889999798769],[-78.298237998467982,44.35275120702979],[-78.298715153902506,44.352416729455904],[-78.298875414247505,44.352300696414495],[-78.299099352569741,44.352134659695722],[-78.300555388694647,44.351057656206173],[-78.301549824612465,44.350325105492132],[-78.303252387197418,44.349068738319623],[-78.303455031854156,44.348918215603511],[-78.304195593991238,44.348332194714544],[-78.304817986345952,44.347880659560516],[-78.305122317597906,44.347663301564992],[-78.306169347180671,44.346915493737342],[-78.307458854516526,44.34597578117576],[-78.308236149663855,44.345397155964449],[-78.308937008960328,44.344851613864755],[-78.309566205155008,44.344372542982434],[-78.309751877042757,44.344249009671707],[-78.310148088880297,44.345078447760919],[-78.3101612015885,44.345105897243172],[-78.31306880651637,44.344410842174774],[-78.3227559259266,44.342135510920492],[-78.327548508035974,44.341000220791926],[-78.334074234975816,44.339391510033899],[-78.33026504489618,44.335519302083192],[-78.329813564210795,44.335083558732968],[-78.3294981504432,44.33482613100405],[-78.329199995108823,44.334634140857858],[-78.329025358126003,44.334534297380387],[-78.328851318522851,44.33445369910411],[-78.328651351743986,44.334394445932375],[-78.32723296041938,44.33397262268641],[-78.326785523949425,44.333838672336562],[-78.32648385889722,44.333748360991137],[-78.325942764075734,44.333586371831181],[-78.325418969908284,44.333437738299999],[-78.325094340324171,44.333337831743101],[-78.324868784136115,44.333263531416037],[-78.324488614412942,44.33307973644645],[-78.324262326996219,44.332952688330195],[-78.324015518465174,44.332799203804477],[-78.323792765919123,44.332660678317801],[-78.323407504544917,44.332292662501928],[-78.323001725649604,44.331704545132233],[-78.322823825985679,44.331089960542272],[-78.322810000015124,44.329330000040997],[-78.322810000015124,44.328529999894037],[-78.322788346125222,44.328219636167368],[-78.322744322388075,44.327998064291734],[-78.322709999557716,44.327899999833932],[-78.322589999907109,44.32770999968114],[-78.322480246440634,44.327604637201965],[-78.319120000204038,44.324260000023138],[-78.319053782689494,44.324111124354161],[-78.318321728496457,44.323361262292522],[-78.316883766475101,44.321919322154187],[-78.316789704780007,44.321850294034732],[-78.320491992645884,44.316153690102347],[-78.320651237894623,44.315848433700644],[-78.320659557192471,44.315781260470651],[-78.320669064063111,44.31567157145345],[-78.320651553203277,44.315367192467775],[-78.320269821309807,44.309684011613037],[-78.319913617740085,44.304681780665632],[-78.32329047741959,44.3045673972548],[-78.323171443457909,44.303282633301023],[-78.324332505182852,44.303230159338412],[-78.324704212776055,44.303213359534482],[-78.325204719018075,44.303190739065286],[-78.325712807041086,44.30316777593071],[-78.326004298672686,44.303154601970128],[-78.327083381941435,44.303105832189189],[-78.327921041180929,44.303067974040992],[-78.328236553763233,44.303053714226486],[-78.328878003876696,44.303025924903892],[-78.329464395348083,44.30301182001439],[-78.329555697418598,44.30300787720217],[-78.329664725046328,44.303000326519872],[-78.329731009934505,44.302992420321253],[-78.329847021963559,44.302978582863879],[-78.329914798953425,44.30295851134462],[-78.330055998844742,44.302924131113166],[-78.330188849793799,44.302891783667334],[-78.331737502224485,44.30248539598449],[-78.332345287074347,44.302321542895662],[-78.335539556087483,44.301460389416349],[-78.336766913480417,44.301127083783271],[-78.337851382149282,44.300830384129625],[-78.338665733700424,44.300607585007455],[-78.339129318285941,44.300476981979102],[-78.33929285388848,44.300426995511039],[-78.339457183601709,44.300356429975679],[-78.339528193628297,44.30029892130645],[-78.339683594087603,44.300152573865262],[-78.339800450533033,44.300027124093951],[-78.339850748104098,44.299955624560731],[-78.339949489123512,44.299815262489908],[-78.340032179943719,44.299643102474249],[-78.340120665795837,44.299427311219034],[-78.340158617819966,44.299268005367338],[-78.340202893983673,44.29908215388749],[-78.340377835495374,44.29846636472535],[-78.340589447135258,44.297776767760503],[-78.340906297309019,44.296744204011389],[-78.341944959983252,44.296504026359287],[-78.343143513794885,44.296214176577678],[-78.343739874769284,44.29605850823949],[-78.344942292234975,44.295744639617588],[-78.345250945281748,44.295664071632729],[-78.34547120679953,44.295606575727625],[-78.345661742166243,44.295556839727901],[-78.345991314281036,44.295470810764193],[-78.345793184556925,44.294988386548532],[-78.345219681214914,44.293684487943786],[-78.34440368125523,44.291873847575921],[-78.344393121559065,44.291833448094238],[-78.344374452770836,44.29179870512219],[-78.344345827954299,44.291760398579669],[-78.344318447304445,44.291723873788335],[-78.344298534349534,44.29169447543967],[-78.344276132162989,44.29166775006459],[-78.344248751513121,44.29163835168788],[-78.344228838558223,44.291616970982524],[-78.344085915698216,44.29147832125031],[-78.343978041507313,44.291381801357645],[-78.343911785365208,44.291322518828594],[-78.343876627101622,44.29130066153563],[-78.343859125224938,44.291278390134103],[-78.343818287812127,44.29121296736092],[-78.343759948522631,44.291129449436838],[-78.343678273697009,44.29097772474347],[-78.343512980091461,44.29066592135262],[-78.343864958884396,44.290391700365404],[-78.344307587570981,44.290041478814402],[-78.34491553591424,44.289606485676813],[-78.345397718321081,44.289250708762182],[-78.345635099931542,44.289086095323128],[-78.345790882174853,44.288958651638524],[-78.346020846396002,44.288788727152934],[-78.34624339143123,44.288629422018957],[-78.346715036599818,44.288161032057879],[-78.347258693416492,44.28764732050719],[-78.347291412754089,44.287585418266509],[-78.347293750170451,44.287478344592145],[-78.347275053534446,44.287423134451551],[-78.347189264424799,44.287314592383154],[-78.347130880219567,44.287248132444624],[-78.347106779318793,44.287220697682905],[-78.346940811078468,44.287103553041781],[-78.346636805016658,44.28688897803454],[-78.346235149388505,44.286535098421318],[-78.345820860752511,44.286170087079547],[-78.345529859601058,44.285859653633842],[-78.345413557416165,44.285653956232373],[-78.345141145102886,44.285172151046588],[-78.344891938070035,44.284587671958477],[-78.344337858999424,44.283368995031829],[-78.344126892349891,44.282904974823715],[-78.343873285368772,44.282347161004495],[-78.343667774187963,44.281895131983845],[-78.34348159744701,44.281485627124816],[-78.343290090103167,44.281064395886389],[-78.343104039126345,44.280655161139563],[-78.342949843307849,44.280315991662754],[-78.342156647979948,44.278571253361413],[-78.341689102722327,44.277542799416658],[-78.341239111443713,44.276552943675348],[-78.340759633864167,44.275535966140232],[-78.340539433431843,44.275077351186908],[-78.340432662372109,44.274854976632206],[-78.340432662372109,44.274545776863292],[-78.340432662372109,44.274136832464919],[-78.340552393426435,44.273947005574513],[-78.341041228756282,44.273439505329861],[-78.341561027217338,44.272949879477473],[-78.342011815301646,44.272450753699829],[-78.342135122549124,44.272393024737909],[-78.342243617475859,44.272342230279961],[-78.342332772572874,44.272246473965652],[-78.342931777289166,44.271680422767041],[-78.343339268373398,44.271295346139659],[-78.343693497446111,44.270960600198357],[-78.343973670305132,44.27069583545687],[-78.344266182422899,44.270419409484298],[-78.34451388657429,44.270185325700126],[-78.344822129091,44.269894031883368],[-78.345106357843505,44.269625429209135],[-78.345176807321366,44.269558852771887],[-78.345257046639162,44.269558852771887],[-78.345329239746974,44.269600855115215],[-78.345392612297019,44.269637724936125],[-78.345472228184022,44.269684045357735],[-78.345542341691925,44.269724837659936],[-78.345595684551824,44.269724833157213],[-78.345664765895478,44.269724828011235],[-78.345891468333846,44.269905569165772],[-78.345985678250955,44.270060129679322],[-78.346052234430346,44.270169320498006],[-78.346106952610924,44.270266346099334],[-78.346184402659787,44.27041162754756],[-78.346220274185725,44.270478913800041],[-78.346256338849415,44.270596556009799],[-78.346282940659933,44.270683333471624],[-78.346308888496907,44.270767974612887],[-78.346322980368782,44.270813942293017],[-78.346331576347737,44.270934580668339],[-78.34633832898372,44.271029347252011],[-78.346344851651011,44.271120896227089],[-78.346355714977719,44.27127335274831],[-78.346363168299646,44.271377957648774],[-78.346370126649845,44.2714756090473],[-78.346380039558994,44.271614734383171],[-78.346413847654702,44.271658749204107],[-78.346461045139748,44.271685973178975],[-78.346520904378707,44.27171372973352],[-78.346582429992495,44.271719737476957],[-78.346636805016658,44.271725046674995],[-78.346712267992103,44.271713671199848],[-78.346842942323221,44.271684755548947],[-78.346973823266865,44.271652681634258],[-78.347327104616951,44.271566106291061],[-78.349349846532107,44.271074936505876],[-78.349404737189218,44.270854437922068],[-78.349454355633938,44.270655113941665],[-78.349487806200173,44.270520741167672],[-78.349522839597938,44.27038000706689],[-78.34954533431096,44.270289641791287],[-78.349563639281513,44.270201516795368],[-78.349579268170828,44.270096598470424],[-78.349597848025851,44.269971870544005],[-78.349600942722006,44.269866374816033],[-78.349594473055319,44.269651796030438],[-78.349586672085394,44.269328773029692],[-78.349581261532435,44.269104742852441],[-78.349576452850741,44.26890560462909],[-78.349571019839885,44.268680640754368],[-78.349289969326833,44.268107840793306],[-78.349208828998798,44.267942470163263],[-78.349461866448024,44.267798763126727],[-78.34961281126354,44.267713036370715],[-78.349842582346909,44.267625626689849],[-78.35005858495191,44.267543455051417],[-78.350351123120817,44.267443700689427],[-78.35080246905892,44.267311626073102],[-78.350918370595195,44.267183939595569],[-78.350945117034456,44.267113712364967],[-78.350945117034456,44.266979641555167],[-78.35085261840797,44.266306490412241],[-78.354200509216156,44.266332288770734],[-78.357435450352128,44.266367357511633],[-78.35962343556713,44.265927240241197],[-78.35930431535067,44.265210752835038],[-78.35910469352487,44.264762557950256],[-78.358880983374704,44.264260275402954],[-78.358979581561968,44.263917691158881],[-78.359252551729043,44.263602236783342],[-78.359920022443035,44.263035846934613],[-78.360486027547338,44.262555552728941],[-78.360930442983033,44.262178433519971],[-78.361716222718243,44.261905556012138],[-78.362136907359059,44.261565782301872],[-78.362615466860362,44.261137694340611],[-78.363493301454326,44.260807384327279],[-78.364875921864311,44.260461307155779]]},"properties":{"OBJECTID":1327,"line_name":"Phoenix","ScheduleLink":null,"Shape.STLength()":24596.379082817122,"variant":"px","Note":"Night Route"}},{"type":"Feature","id":1329,"geometry":{"type":"LineString","coordinates":[[-78.364900686620075,44.260455108473167],[-78.364901393594195,44.260455776914434],[-78.367094239593214,44.265222684092031],[-78.367944485128163,44.267390238796771],[-78.368535339429897,44.267203092520539],[-78.368874127361195,44.267171171189844],[-78.369079183096162,44.267171171189844],[-78.369435801687544,44.267286088671099],[-78.369678848972498,44.267567602872425],[-78.369795705417914,44.267753371388821],[-78.369886853876537,44.267848766430099],[-78.370122293329345,44.268035599952348],[-78.370253529107515,44.268109145981725],[-78.370407588382122,44.268190863326858],[-78.370698589533561,44.268215378829858],[-78.371354767526114,44.268256237764369],[-78.372176417888937,44.26842375858444],[-78.372747007994477,44.268529990863954],[-78.372946714261914,44.26855450622552],[-78.373317598100016,44.26855450622552],[-78.373471657374608,44.26851773350095],[-78.373637127948271,44.268452359354292],[-78.37413425472819,44.268173498360305],[-78.374428465560143,44.268090504105984],[-78.374811830590787,44.268058582613982],[-78.375578561550412,44.268141577556605],[-78.375997587901196,44.268122424937424],[-78.376256136514698,44.268020277315259],[-78.376425530929524,44.267879824768606],[-78.37664841732456,44.267554227943727],[-78.376791065300097,44.266356368900986],[-78.376729726535871,44.266286810986514],[-78.376330314000981,44.266352186898459],[-78.376221901719234,44.266393047128176],[-78.375719782102962,44.266609604970796],[-78.375639899416328,44.266658637285587],[-78.375480134043045,44.266662722773908],[-78.375371721761283,44.266658637285587],[-78.375371721761283,44.267091750216053],[-78.375468722743975,44.267087664757561],[-78.375617075919905,44.267120352277274],[-78.375742605599399,44.267193899451833],[-78.376401013210469,44.267892593020406],[-78.376250431314332,44.26801517041195],[-78.376016489353091,44.268117317399721],[-78.375571428927046,44.268141832933402],[-78.374801131655758,44.268068286944924],[-78.374427350750878,44.26809043141683],[-78.374134180168014,44.268172905912188],[-78.373637958889901,44.268454601769321],[-78.373476696923362,44.268516523524475],[-78.373317771474859,44.268558363224102],[-78.372943829771543,44.268551668796952],[-78.372747510152735,44.268528238617634],[-78.372165005691571,44.268427843950072],[-78.371360473624804,44.268260323141639],[-78.370710000832617,44.268223550233081],[-78.370418999681164,44.268203121401243],[-78.370253529107515,44.268096887887687],[-78.370122293329345,44.268039685344959],[-78.369882645269428,44.26784356237814],[-78.369791351283723,44.267749586383758],[-78.369677232903314,44.267565720013039],[-78.369443290942058,44.267296047866814],[-78.369066701903591,44.267169383522791],[-78.368855583438787,44.267185727262174],[-78.368518935294489,44.267202070997065],[-78.36794834518895,44.267394110667077],[-78.36707111246622,44.265204174463683],[-78.364900686620075,44.260455108473167],[-78.362400938390749,44.255242485034643],[-78.361913374177007,44.255412102482168],[-78.361606904934703,44.255601673966055],[-78.361467600488638,44.255841132249238],[-78.361328296042572,44.256140453249451],[-78.361133269997765,44.25646970471854],[-78.360785009331792,44.256679227596315],[-78.360339236541719,44.256868794995256],[-78.35986560160481,44.256908703809614],[-78.357673519173773,44.257452927652693],[-78.354887042180493,44.258136249653653],[-78.354249489857025,44.258320104341934],[-78.353726342476591,44.258677987090827],[-78.353232201696684,44.25908492881117],[-78.352904469331577,44.259499969561212],[-78.351773087943627,44.261801560862843],[-78.355611349302492,44.262723026749541],[-78.354944299898378,44.26336129380438],[-78.354563069264842,44.263776131958672],[-78.354138238000658,44.264186213126642],[-78.353827961698158,44.264385174346515],[-78.353620543394001,44.264462957258431],[-78.353076729372134,44.264636764328159],[-78.352991068721607,44.264640481986667],[-78.352823164611848,44.264635105244977],[-78.350714266176112,44.264556248240289],[-78.350824758057755,44.265478508521007],[-78.350900751937516,44.266299780933061]]},"properties":{"OBJECTID":1329,"line_name":"5 The Parkway","ScheduleLink":"https://www.peterborough.ca/living-in-peterborough/transit/routes-and-schedules/route-5-the-parkway/","Shape.STLength()":9017.0216912411051,"variant":"5","Note":null}},{"type":"Feature","id":1331,"geometry":{"type":"LineString","coordinates":[[-78.364875921864311,44.260461307155779],[-78.364900686620075,44.260455108473167],[-78.367919999748466,44.267329999950007],[-78.36794834518895,44.267394110667077],[-78.368260076762212,44.267289193763524],[-78.368518935294489,44.267202070997065],[-78.368949772694634,44.267178435717632],[-78.369094159808569,44.267219721865388],[-78.36925815894179,44.267260569913034],[-78.369470644642462,44.267401495459637],[-78.369570469928419,44.267506679121233],[-78.369759445819781,44.267698180664524],[-78.369882645269428,44.26784356237814],[-78.369941395089,44.267892047528086],[-78.370094950408728,44.268017307991009],[-78.370375094521663,44.268173627656779],[-78.370608006115262,44.268216390043492],[-78.370989892518949,44.268233517632368],[-78.371316504684899,44.268253855109961],[-78.371495534429457,44.268284937678516],[-78.371823929751244,44.268327855010916],[-78.372161202224675,44.268397480625922],[-78.372450758885137,44.268474835605083],[-78.372747510152735,44.268528238617634],[-78.372978012464742,44.268552280539097],[-78.373255405936277,44.268557246521389],[-78.373471657374608,44.26851773350095],[-78.373578968321823,44.268477252986727],[-78.373797399971366,44.268362455551568],[-78.373938718440272,44.268247350411393],[-78.37421825978366,44.268116802143062],[-78.374363188581711,44.268098968856286],[-78.374635588318583,44.268073257470995],[-78.374801131655758,44.268068286944924],[-78.375146436864455,44.268086717192851],[-78.375435001784851,44.268113017161404],[-78.375760429971251,44.268128788131115],[-78.37589713918446,44.268119409946401],[-78.376080000243689,44.268080000197628],[-78.376198882390071,44.268032593962623],[-78.376383973966171,44.267914281480749],[-78.376574212888812,44.267703621453151],[-78.37664841732456,44.267554227943727],[-78.376669177390767,44.267009217595152],[-78.376771288889103,44.266304595933292],[-78.376565107565099,44.266313755690192],[-78.376330314000981,44.266352186898459],[-78.376101390028921,44.26642985591937],[-78.375896713383,44.26653329673325],[-78.375719782102962,44.266609604970796],[-78.375527278527471,44.266666749723235],[-78.375371721761283,44.266658637285587],[-78.375371721761283,44.267091750216053],[-78.375533219984746,44.267107146428849],[-78.375732276770236,44.267192246873556],[-78.376401013210469,44.267892593020406]]},"properties":{"OBJECTID":1331,"line_name":"Phoenix","ScheduleLink":null,"Shape.STLength()":2859.352326053081,"variant":"px","Note":"Night Route"}}]}