{"type":"FeatureCollection","features":[{"type":"Feature","id":771,"geometry":{"type":"Point","coordinates":[-78.318853999999959,44.306170000000051]},"properties":{"OBJECTID":771,"stop_id":"1001","stop_name":"Water at Hunter","lines":"6 Sherbrooke (Eastbound)","Shelter_Y":"N","TransCab":"","Route_Type":"Regular","STATUS":"ACTV"}},{"type":"Feature","id":772,"geometry":{"type":"Point","coordinates":[-78.31890700000001,44.306928000000028]},"properties":{"OBJECTID":772,"stop_id":"1002","stop_name":"Water at Brock","lines":"6 Sherbrooke (Eastbound)","Shelter_Y":"N","TransCab":"","Route_Type":"Regular","STATUS":"ACTV"}},{"type":"Feature","id":779,"geometry":{"type":"Point","coordinates":[-78.319171999999966,44.316548999999995]},"properties":{"OBJECTID":779,"stop_id":"1009","stop_name":"Water at Parkhill","lines":"11 Water (Northbound), 6 Sherbrooke (Eastbound)","Shelter_Y":"Y","TransCab":"","Route_Type":"Regular","STATUS":"ACTV"}},{"type":"Feature","id":786,"geometry":{"type":"Point","coordinates":[-78.32026500000002,44.325479000000094]},"properties":{"OBJECTID":786,"stop_id":"1022","stop_name":"Hilliard at McClennan","lines":"6 Sherbrooke (Eastbound)","Shelter_Y":"N","TransCab":"","Route_Type":"Regular","STATUS":"ACTV"}},{"type":"Feature","id":787,"geometry":{"type":"Point","coordinates":[-78.322380999999993,44.327612000000023]},"properties":{"OBJECTID":787,"stop_id":"1023","stop_name":"Hilliard at Philip","lines":"6 Sherbrooke (Eastbound)","Shelter_Y":"N","TransCab":"","Route_Type":"Regular","STATUS":"ACTV"}},{"type":"Feature","id":788,"geometry":{"type":"Point","coordinates":[-78.315728999999976,44.334960000000017]},"properties":{"OBJECTID":788,"stop_id":"1027","stop_name":"Marina at Water","lines":"8 Monaghan (Southbound)","Shelter_Y":"Y","TransCab":"","Route_Type":"Regular","STATUS":"ACTV"}},{"type":"Feature","id":789,"geometry":{"type":"Point","coordinates":[-78.320256999999984,44.334172999999986]},"properties":{"OBJECTID":789,"stop_id":"1028","stop_name":"Marina at Royal","lines":"3 Park (Southbound), 8 Monaghan (Southbound)","Shelter_Y":"N","TransCab":"","Route_Type":"Regular","STATUS":"ACTV"}},{"type":"Feature","id":790,"geometry":{"type":"Point","coordinates":[-78.322589999999977,44.332835000000081]},"properties":{"OBJECTID":790,"stop_id":"1029","stop_name":"Marina at Hilliard","lines":"3 Park (Southbound), 8 Monaghan (Southbound)","Shelter_Y":"Y","TransCab":"","Route_Type":"Regular","STATUS":"ACTV"}},{"type":"Feature","id":791,"geometry":{"type":"Point","coordinates":[-78.32510000000002,44.333407000000051]},"properties":{"OBJECTID":791,"stop_id":"1030","stop_name":"Hilliard at St. Paul's","lines":"6 Sherbrooke (Eastbound), 8 Monaghan (Southbound)","Shelter_Y":"N","TransCab":"","Route_Type":"Regular","STATUS":"ACTV"}},{"type":"Feature","id":792,"geometry":{"type":"Point","coordinates":[-78.329255000000032,44.334784999999989]},"properties":{"OBJECTID":792,"stop_id":"1031","stop_name":"Hilliard at Towerhill","lines":"6 Sherbrooke (Eastbound)","Shelter_Y":"Y","TransCab":"","Route_Type":"Regular","STATUS":"ACTV"}},{"type":"Feature","id":793,"geometry":{"type":"Point","coordinates":[-78.331281999999987,44.336715999999988]},"properties":{"OBJECTID":793,"stop_id":"1032","stop_name":"Hilliard at Franklin","lines":"6 Sherbrooke (Eastbound)","Shelter_Y":"Y","TransCab":"","Route_Type":"Regular","STATUS":"ACTV"}},{"type":"Feature","id":794,"geometry":{"type":"Point","coordinates":[-78.333761999999979,44.339149999999982]},"properties":{"OBJECTID":794,"stop_id":"1033","stop_name":"Hilliard at Cumberland","lines":"6 Sherbrooke (Eastbound)","Shelter_Y":"N","TransCab":"","Route_Type":"Regular ","STATUS":"ACTV"}},{"type":"Feature","id":795,"geometry":{"type":"Point","coordinates":[-78.331737000000018,44.33990000000005]},"properties":{"OBJECTID":795,"stop_id":"1034","stop_name":"Cumberland at Frobisher","lines":"6 Sherbrooke (Eastbound)","Shelter_Y":"N","TransCab":"","Route_Type":"Regular ","STATUS":"ACTV"}},{"type":"Feature","id":796,"geometry":{"type":"Point","coordinates":[-78.329437999999982,44.34048300000007]},"properties":{"OBJECTID":796,"stop_id":"1035","stop_name":"909 Cumberland Ave","lines":"6 Sherbrooke (Eastbound)","Shelter_Y":"N","TransCab":"","Route_Type":"Regular","STATUS":"ACTV"}},{"type":"Feature","id":797,"geometry":{"type":"Point","coordinates":[-78.326453000000001,44.341202000000038]},"properties":{"OBJECTID":797,"stop_id":"1036","stop_name":"Cumberland at Franklin","lines":"6 Sherbrooke (Eastbound)","Shelter_Y":"N","TransCab":"","Route_Type":"Regular","STATUS":"ACTV"}},{"type":"Feature","id":798,"geometry":{"type":"Point","coordinates":[-78.323981999999972,44.341809000000033]},"properties":{"OBJECTID":798,"stop_id":"1037","stop_name":"Cumberland at Ungava","lines":"6 Sherbrooke (Eastbound)","Shelter_Y":"N","TransCab":"","Route_Type":"Regular","STATUS":"ACTV"}},{"type":"Feature","id":799,"geometry":{"type":"Point","coordinates":[-78.318435991956235,44.343125823993333]},"properties":{"OBJECTID":799,"stop_id":"1038","stop_name":"Cumberland at Royal","lines":"6 Sherbrooke (Eastbound)","Shelter_Y":"N","TransCab":"","Route_Type":"Regular","STATUS":"ACTV"}},{"type":"Feature","id":800,"geometry":{"type":"Point","coordinates":[-78.304406,44.348035000000046]},"properties":{"OBJECTID":800,"stop_id":"1044","stop_name":"Water at University Heights","lines":"11 Water (Northbound), 3 Park (Northbound), 6 Sherbrooke (Eastbound), 8 Monaghan (Northbound)","Shelter_Y":"Y","TransCab":"","Route_Type":"Regular ","STATUS":"ACTV"}},{"type":"Feature","id":801,"geometry":{"type":"Point","coordinates":[-78.300930000000008,44.35067200000006]},"properties":{"OBJECTID":801,"stop_id":"1045","stop_name":"1527 Water","lines":"11 Water (Northbound), 3 Park (Northbound), 6 Sherbrooke (Eastbound), 8 Monaghan (Northbound)","Shelter_Y":"N","TransCab":"","Route_Type":"Regular ","STATUS":"ACTV"}},{"type":"Feature","id":816,"geometry":{"type":"Point","coordinates":[-78.324748999999997,44.333137999999984]},"properties":{"OBJECTID":816,"stop_id":"1067","stop_name":"Hilliard at St. Paul's","lines":"22 CB Blue (Inbound), 6 Sherbrooke (Westbound), 8 Monaghan (Northbound), px (Westbound)","Shelter_Y":"N","TransCab":"","Route_Type":"Regular & Community Bus","STATUS":"ACTV"}},{"type":"Feature","id":817,"geometry":{"type":"Point","coordinates":[-78.322685000000035,44.33261100000005]},"properties":{"OBJECTID":817,"stop_id":"1068","stop_name":"Marina at Hilliard","lines":"22 CB Blue (Inbound), 3 Park (Northbound), 8 Monaghan (Northbound)","Shelter_Y":"Y","TransCab":"","Route_Type":"Regular & Community Bus","STATUS":"ACTV"}},{"type":"Feature","id":818,"geometry":{"type":"Point","coordinates":[-78.319928565745087,44.334153855585619]},"properties":{"OBJECTID":818,"stop_id":"1069","stop_name":"Marina at Royal","lines":"22 CB Blue (Inbound), 3 Park (Northbound), 8 Monaghan (Northbound)","Shelter_Y":"Y","TransCab":"","Route_Type":"Regular & Community Bus","STATUS":"ACTV"}},{"type":"Feature","id":819,"geometry":{"type":"Point","coordinates":[-78.315756999999977,44.334840000000007]},"properties":{"OBJECTID":819,"stop_id":"1070","stop_name":"Marina at Water","lines":"22 CB Blue (Inbound), 8 Monaghan (Northbound)","Shelter_Y":"Y","TransCab":"","Route_Type":"Regular & Community Bus","STATUS":"ACTV"}},{"type":"Feature","id":820,"geometry":{"type":"Point","coordinates":[-78.316195999999991,44.332365999999986]},"properties":{"OBJECTID":820,"stop_id":"1071","stop_name":"1101 Water St","lines":"11 Water (Southbound), 22 CB Blue (Inbound)","Shelter_Y":"N","TransCab":"","Route_Type":"Regular & Community Bus","STATUS":"ACTV"}},{"type":"Feature","id":836,"geometry":{"type":"Point","coordinates":[-78.320212999999953,44.306807000000042]},"properties":{"OBJECTID":836,"stop_id":"1090","stop_name":"George at Brock","lines":"11 Water (Southbound), 22 CB Blue (Inbound), 23 CB Red (Inbound), 6 Sherbrooke (Westbound), px (Westbound)","Shelter_Y":"N","TransCab":"","Route_Type":"Regular & Community Bus","STATUS":"ACTV"}},{"type":"Feature","id":838,"geometry":{"type":"Point","coordinates":[-78.326505999999981,44.304410000000004]},"properties":{"OBJECTID":838,"stop_id":"1093","stop_name":"Simcoe at Rubidge","lines":"2 Chemong (Northbound)","Shelter_Y":"N","TransCab":"","Route_Type":"Regular","STATUS":"ACTV"}},{"type":"Feature","id":839,"geometry":{"type":"Point","coordinates":[-78.326749000000035,44.306677000000079]},"properties":{"OBJECTID":839,"stop_id":"1094","stop_name":"Rubidge at Brock","lines":"2 Chemong (Northbound)","Shelter_Y":"N","TransCab":"","Route_Type":"Regular","STATUS":"ACTV"}},{"type":"Feature","id":840,"geometry":{"type":"Point","coordinates":[-78.326824000000002,44.307557000000031]},"properties":{"OBJECTID":840,"stop_id":"1095","stop_name":"Rubidge at Murray","lines":"2 Chemong (Northbound)","Shelter_Y":"N","TransCab":"","Route_Type":"Regular","STATUS":"ACTV"}},{"type":"Feature","id":841,"geometry":{"type":"Point","coordinates":[-78.328152999999972,44.310783000000043]},"properties":{"OBJECTID":841,"stop_id":"1097","stop_name":"Reid at London","lines":"11 Water (Northbound & Southbound), 2 Chemong (Northbound)","Shelter_Y":"N","TransCab":"","Route_Type":"Regular","STATUS":"ACTV"}},{"type":"Feature","id":842,"geometry":{"type":"Point","coordinates":[-78.328266999999954,44.313971000000031]},"properties":{"OBJECTID":842,"stop_id":"1099","stop_name":"Reid at Parkhill","lines":"22 CB Blue (Inbound), 2 Chemong (Northbound)","Shelter_Y":"N","TransCab":"","Route_Type":"Regular & Community Bus","STATUS":"ACTV"}},{"type":"Feature","id":843,"geometry":{"type":"Point","coordinates":[-78.328693000000001,44.31625800000004]},"properties":{"OBJECTID":843,"stop_id":"1100","stop_name":"Chemong at Aberdeen","lines":"22 CB Blue (Inbound), 2 Chemong (Northbound)","Shelter_Y":"N","TransCab":"","Route_Type":"Regular & Community Bus","STATUS":"ACTV"}},{"type":"Feature","id":844,"geometry":{"type":"Point","coordinates":[-78.330008000000007,44.31761299999998]},"properties":{"OBJECTID":844,"stop_id":"1101","stop_name":"Chemong at Bennet","lines":"22 CB Blue (Inbound), 2 Chemong (Northbound)","Shelter_Y":"N","TransCab":"","Route_Type":"Regular & Community Bus","STATUS":"ACTV"}},{"type":"Feature","id":845,"geometry":{"type":"Point","coordinates":[-78.330816000000013,44.318468000000067]},"properties":{"OBJECTID":845,"stop_id":"1102","stop_name":"Chemong at Bellevue","lines":"22 CB Blue (Inbound), 2 Chemong (Northbound)","Shelter_Y":"N","TransCab":"","Route_Type":"Regular & Community Bus","STATUS":"ACTV"}},{"type":"Feature","id":846,"geometry":{"type":"Point","coordinates":[-78.324907959367835,44.3211858027421]},"properties":{"OBJECTID":846,"stop_id":"1105","stop_name":"Barnardo at Bennet","lines":"3 Park (Northbound)","Shelter_Y":"N","TransCab":"","Route_Type":"Regular","STATUS":"ACTV"}},{"type":"Feature","id":847,"geometry":{"type":"Point","coordinates":[-78.327222999999975,44.323485000000041]},"properties":{"OBJECTID":847,"stop_id":"1106","stop_name":"Barnardo at Sunset","lines":"3 Park (Northbound)","Shelter_Y":"N","TransCab":"","Route_Type":"Regular","STATUS":"ACTV"}},{"type":"Feature","id":848,"geometry":{"type":"Point","coordinates":[-78.328922999999989,44.325222000000011]},"properties":{"OBJECTID":848,"stop_id":"1107","stop_name":"Barnardo at Clark","lines":"3 Park (Northbound)","Shelter_Y":"N","TransCab":"","Route_Type":"Regular","STATUS":"ACTV"}},{"type":"Feature","id":849,"geometry":{"type":"Point","coordinates":[-78.328925000000012,44.326478000000058]},"properties":{"OBJECTID":849,"stop_id":"1108","stop_name":"Barnardo at St. Paul's","lines":"3 Park (Northbound)","Shelter_Y":"N","TransCab":"","Route_Type":"Regular","STATUS":"ACTV"}},{"type":"Feature","id":850,"geometry":{"type":"Point","coordinates":[-78.326805999999976,44.328356000000014]},"properties":{"OBJECTID":850,"stop_id":"1109","stop_name":"St. Paul's at Trillium","lines":"3 Park (Northbound)","Shelter_Y":"N","TransCab":"","Route_Type":"Regular","STATUS":"ACTV"}},{"type":"Feature","id":851,"geometry":{"type":"Point","coordinates":[-78.325110999999964,44.33148300000002]},"properties":{"OBJECTID":851,"stop_id":"1110","stop_name":"St. Paul's at Herbert","lines":"3 Park (Northbound)","Shelter_Y":"N","TransCab":"","Route_Type":"Regular","STATUS":"ACTV"}},{"type":"Feature","id":852,"geometry":{"type":"Point","coordinates":[-78.329491000000004,44.334089000000048]},"properties":{"OBJECTID":852,"stop_id":"1111","stop_name":"Towerhill at Hilliard","lines":"8 Monaghan (Southbound)","Shelter_Y":"Y","TransCab":"","Route_Type":"Regular","STATUS":"ACTV"}},{"type":"Feature","id":853,"geometry":{"type":"Point","coordinates":[-78.331561999999963,44.333010000000037]},"properties":{"OBJECTID":853,"stop_id":"1112","stop_name":"Towerhill at Neptune","lines":"8 Monaghan (Southbound)","Shelter_Y":"N","TransCab":"","Route_Type":"Regular","STATUS":"ACTV"}},{"type":"Feature","id":854,"geometry":{"type":"Point","coordinates":[-78.333913999999993,44.331637999999991]},"properties":{"OBJECTID":854,"stop_id":"1113","stop_name":"Towerhill at Milroy","lines":"8 Monaghan (Southbound)","Shelter_Y":"N","TransCab":"","Route_Type":"Regular","STATUS":"ACTV"}},{"type":"Feature","id":855,"geometry":{"type":"Point","coordinates":[-78.335798000000011,44.329967000000067]},"properties":{"OBJECTID":855,"stop_id":"1114","stop_name":"Towerhill at Brittany","lines":"22 CB Blue (Inbound), 8 Monaghan (Southbound)","Shelter_Y":"N","TransCab":"","Route_Type":"Regular & Community Bus","STATUS":"ACTV"}},{"type":"Feature","id":856,"geometry":{"type":"Point","coordinates":[-78.337605999999965,44.328463000000013]},"properties":{"OBJECTID":856,"stop_id":"1115","stop_name":"Towerhill at Haden","lines":"22 CB Blue (Inbound), 8 Monaghan (Southbound)","Shelter_Y":"N","TransCab":"","Route_Type":"Regular & Community Bus","STATUS":"ACTV"}},{"type":"Feature","id":857,"geometry":{"type":"Point","coordinates":[-78.338448999999997,44.326055000000061]},"properties":{"OBJECTID":857,"stop_id":"1116","stop_name":"Chemong Park Plaza","lines":"2 Chemong (Southbound)","Shelter_Y":"Y","TransCab":"","Route_Type":"Regular","STATUS":"ACTV"}},{"type":"Feature","id":858,"geometry":{"type":"Point","coordinates":[-78.336965999999961,44.32450000000005]},"properties":{"OBJECTID":858,"stop_id":"1117","stop_name":"Chemong at Simons","lines":"2 Chemong (Southbound)","Shelter_Y":"Y","TransCab":"","Route_Type":"Regular","STATUS":"ACTV"}},{"type":"Feature","id":862,"geometry":{"type":"Point","coordinates":[-78.330835999999991,44.333217000000019]},"properties":{"OBJECTID":862,"stop_id":"1121","stop_name":"Towerhill at Neptune","lines":"22 CB Blue (Inbound), 8 Monaghan (Northbound)","Shelter_Y":"N","TransCab":"","Route_Type":"Regular & Community Bus","STATUS":"ACTV"}},{"type":"Feature","id":863,"geometry":{"type":"Point","coordinates":[-78.329458999999986,44.333943000000055]},"properties":{"OBJECTID":863,"stop_id":"1122","stop_name":"Towerhill at Hilliard","lines":"22 CB Blue (Inbound), 8 Monaghan (Northbound)","Shelter_Y":"Y","TransCab":"","Route_Type":"Regular & Community Bus","STATUS":"ACTV"}},{"type":"Feature","id":864,"geometry":{"type":"Point","coordinates":[-78.325366000000017,44.331347000000065]},"properties":{"OBJECTID":864,"stop_id":"1123","stop_name":"St. Paul's at Herbert","lines":"3 Park (Southbound)","Shelter_Y":"N","TransCab":"","Route_Type":"Regular","STATUS":"ACTV"}},{"type":"Feature","id":865,"geometry":{"type":"Point","coordinates":[-78.326688999999988,44.328827000000018]},"properties":{"OBJECTID":865,"stop_id":"1124","stop_name":"St. Paul's at Trillium","lines":"3 Park (Southbound)","Shelter_Y":"N","TransCab":"","Route_Type":"Regular","STATUS":"ACTV"}},{"type":"Feature","id":866,"geometry":{"type":"Point","coordinates":[-78.328726999999986,44.326575000000055]},"properties":{"OBJECTID":866,"stop_id":"1125","stop_name":"St. Paul's at Barnardo","lines":"3 Park (Southbound)","Shelter_Y":"N","TransCab":"","Route_Type":"Regular","STATUS":"ACTV"}},{"type":"Feature","id":867,"geometry":{"type":"Point","coordinates":[-78.329170000000019,44.325274000000014]},"properties":{"OBJECTID":867,"stop_id":"1126","stop_name":"Barnardo at Clark","lines":"3 Park (Southbound)","Shelter_Y":"Y","TransCab":"","Route_Type":"Regular","STATUS":"ACTV"}},{"type":"Feature","id":868,"geometry":{"type":"Point","coordinates":[-78.327226999999951,44.323279000000042]},"properties":{"OBJECTID":868,"stop_id":"1127","stop_name":"Barnardo at Sunset","lines":"3 Park (Southbound)","Shelter_Y":"N","TransCab":"","Route_Type":"Regular","STATUS":"ACTV"}},{"type":"Feature","id":869,"geometry":{"type":"Point","coordinates":[-78.329752000000013,44.317099000000006]},"properties":{"OBJECTID":869,"stop_id":"1130","stop_name":"Chemong at Wolsely","lines":"2 Chemong (Southbound)","Shelter_Y":"N","TransCab":"","Route_Type":"Regular","STATUS":"ACTV"}},{"type":"Feature","id":870,"geometry":{"type":"Point","coordinates":[-78.328142,44.315356999999977]},"properties":{"OBJECTID":870,"stop_id":"1131","stop_name":"Chemong at Mason","lines":"2 Chemong (Southbound)","Shelter_Y":"N","TransCab":"","Route_Type":"Regular","STATUS":"ACTV"}},{"type":"Feature","id":871,"geometry":{"type":"Point","coordinates":[-78.328540999999987,44.313820000000021]},"properties":{"OBJECTID":871,"stop_id":"1132","stop_name":"Reid at Parkhill","lines":"2 Chemong (Southbound)","Shelter_Y":"N","TransCab":"","Route_Type":"Regular","STATUS":"ACTV"}},{"type":"Feature","id":872,"geometry":{"type":"Point","coordinates":[-78.328466999999989,44.312056999999982]},"properties":{"OBJECTID":872,"stop_id":"1133","stop_name":"Reid at Dublin","lines":"2 Chemong (Southbound)","Shelter_Y":"N","TransCab":"","Route_Type":"Regular","STATUS":"ACTV"}},{"type":"Feature","id":873,"geometry":{"type":"Point","coordinates":[-78.328372000000002,44.310713000000106]},"properties":{"OBJECTID":873,"stop_id":"1134","stop_name":"Reid at London","lines":"2 Chemong (Southbound)","Shelter_Y":"N","TransCab":"","Route_Type":"Regular","STATUS":"ACTV"}},{"type":"Feature","id":874,"geometry":{"type":"Point","coordinates":[-78.328241999999975,44.308628000000013]},"properties":{"OBJECTID":874,"stop_id":"1135","stop_name":"Reid at McDonnel","lines":"2 Chemong (Southbound)","Shelter_Y":"N","TransCab":"","Route_Type":"Regular","STATUS":"ACTV"}},{"type":"Feature","id":875,"geometry":{"type":"Point","coordinates":[-78.328121999999979,44.307286000000026]},"properties":{"OBJECTID":875,"stop_id":"1136","stop_name":"Reid at Brock","lines":"2 Chemong (Southbound)","Shelter_Y":"Y","TransCab":"","Route_Type":"Regular","STATUS":"ACTV"}},{"type":"Feature","id":876,"geometry":{"type":"Point","coordinates":[-78.327127999999959,44.303905000000029]},"properties":{"OBJECTID":876,"stop_id":"1137","stop_name":"Simcoe at Rubidge","lines":"2 Chemong (Southbound)","Shelter_Y":"N","TransCab":"","Route_Type":"Regular","STATUS":"ACTV"}},{"type":"Feature","id":877,"geometry":{"type":"Point","coordinates":[-78.325954999999993,44.304327000000015]},"properties":{"OBJECTID":877,"stop_id":"1138","stop_name":"Simcoe at Stewart","lines":"2 Chemong (Southbound)","Shelter_Y":"N","TransCab":"","Route_Type":"Regular","STATUS":"ACTV"}},{"type":"Feature","id":879,"geometry":{"type":"Point","coordinates":[-78.329118787709859,44.303241645999805]},"properties":{"OBJECTID":879,"stop_id":"1140","stop_name":"Park at Charlotte","lines":"3 Park (Northbound)","Shelter_Y":"N","TransCab":"","Route_Type":"Regular","STATUS":"ACTV"}},{"type":"Feature","id":880,"geometry":{"type":"Point","coordinates":[-78.330673999999973,44.306086000000036]},"properties":{"OBJECTID":880,"stop_id":"1141","stop_name":"Park at Weller","lines":"3 Park (Northbound)","Shelter_Y":"N","TransCab":"","Route_Type":"Regular","STATUS":"ACTV"}},{"type":"Feature","id":881,"geometry":{"type":"Point","coordinates":[-78.331462000000002,44.307522000000056]},"properties":{"OBJECTID":881,"stop_id":"1142","stop_name":"Park at Hopkins","lines":"3 Park (Northbound)","Shelter_Y":"Y","TransCab":"","Route_Type":"Regular","STATUS":"ACTV"}},{"type":"Feature","id":882,"geometry":{"type":"Point","coordinates":[-78.33179699999998,44.309259000000033]},"properties":{"OBJECTID":882,"stop_id":"1144","stop_name":"McDonnel at Gilchrist","lines":"4 Weller (Westbound)","Shelter_Y":"N","TransCab":"","Route_Type":"Regular","STATUS":"ACTV"}},{"type":"Feature","id":885,"geometry":{"type":"Point","coordinates":[-78.333941999999979,44.311966000000041]},"properties":{"OBJECTID":885,"stop_id":"1147","stop_name":"Park at Parkhill","lines":"3 Park (Northbound)","Shelter_Y":"N","TransCab":"","Route_Type":"Regular","STATUS":"ACTV"}},{"type":"Feature","id":886,"geometry":{"type":"Point","coordinates":[-78.334874999999982,44.313938]},"properties":{"OBJECTID":886,"stop_id":"1148","stop_name":"Park at Wolsely","lines":"3 Park (Northbound)","Shelter_Y":"N","TransCab":"","Route_Type":"Regular","STATUS":"ACTV"}},{"type":"Feature","id":887,"geometry":{"type":"Point","coordinates":[-78.333969999999965,44.314871000000061]},"properties":{"OBJECTID":887,"stop_id":"1149","stop_name":"Wolsely at Donegal","lines":"3 Park (Northbound)","Shelter_Y":"N","TransCab":"","Route_Type":"Regular","STATUS":"ACTV"}},{"type":"Feature","id":888,"geometry":{"type":"Point","coordinates":[-78.329674200808469,44.316883955913028]},"properties":{"OBJECTID":888,"stop_id":"1150","stop_name":"Wolsely at Chemong","lines":"3 Park (Northbound)","Shelter_Y":"N","TransCab":"","Route_Type":"Regular","STATUS":"ACTV"}},{"type":"Feature","id":889,"geometry":{"type":"Point","coordinates":[-78.332616000000002,44.320245000000028]},"properties":{"OBJECTID":889,"stop_id":"1151","stop_name":"Chemong at Sunset","lines":"22 CB Blue (Inbound), 2 Chemong (Northbound)","Shelter_Y":"N","TransCab":"","Route_Type":"Regular & Community Bus","STATUS":"ACTV"}},{"type":"Feature","id":890,"geometry":{"type":"Point","coordinates":[-78.335391000000016,44.323239000000015]},"properties":{"OBJECTID":890,"stop_id":"1152","stop_name":"Chemong at Walmart","lines":"2 Chemong (Northbound)","Shelter_Y":"Y","TransCab":"","Route_Type":"Regular","STATUS":"ACTV"}},{"type":"Feature","id":891,"geometry":{"type":"Point","coordinates":[-78.336867999999967,44.324788000000055]},"properties":{"OBJECTID":891,"stop_id":"1153","stop_name":"Chemong at Canadian Tire","lines":"2 Chemong (Northbound)","Shelter_Y":"Y","TransCab":"","Route_Type":"Regular","STATUS":"ACTV"}},{"type":"Feature","id":892,"geometry":{"type":"Point","coordinates":[-78.338901000000007,44.326885000000054]},"properties":{"OBJECTID":892,"stop_id":"1154","stop_name":"Chemong at Towerhill","lines":"2 Chemong (Northbound)","Shelter_Y":"N","TransCab":"","Route_Type":"Regular","STATUS":"ACTV"}},{"type":"Feature","id":895,"geometry":{"type":"Point","coordinates":[-78.339914000000007,44.326834000000005]},"properties":{"OBJECTID":895,"stop_id":"1157","stop_name":"Towerhill at Chemong","lines":"8 Monaghan (Southbound)","Shelter_Y":"N","TransCab":"","Route_Type":"Regular","STATUS":"ACTV"}},{"type":"Feature","id":896,"geometry":{"type":"Point","coordinates":[-78.345462999999967,44.325376000000013]},"properties":{"OBJECTID":896,"stop_id":"1158","stop_name":"Towerhill at Hillview","lines":"8 Monaghan (Southbound)","Shelter_Y":"N","TransCab":"","Route_Type":"Regular","STATUS":"ACTV"}},{"type":"Feature","id":897,"geometry":{"type":"Point","coordinates":[-78.351052999999993,44.322292000000004]},"properties":{"OBJECTID":897,"stop_id":"1159","stop_name":"Towerhill at Fairbairn","lines":"8 Monaghan (Southbound)","Shelter_Y":"N","TransCab":"","Route_Type":"Regular","STATUS":"ACTV"}},{"type":"Feature","id":899,"geometry":{"type":"Point","coordinates":[-78.346223000000009,44.317324000000028]},"properties":{"OBJECTID":899,"stop_id":"1161","stop_name":"Fairbairn at Poplar","lines":"8 Monaghan (Southbound)","Shelter_Y":"N","TransCab":"","Route_Type":"Regular","STATUS":"ACTV"}},{"type":"Feature","id":900,"geometry":{"type":"Point","coordinates":[-78.343283349043801,44.31649479977461]},"properties":{"OBJECTID":900,"stop_id":"1163","stop_name":"Fairbairn at Parkview","lines":"8 Monaghan (Southbound)","Shelter_Y":"N","TransCab":"","Route_Type":"Regular","STATUS":"ACTV"}},{"type":"Feature","id":901,"geometry":{"type":"Point","coordinates":[-78.335153999999974,44.31411099999999]},"properties":{"OBJECTID":901,"stop_id":"1169","stop_name":"Park at Wolsely","lines":"3 Park (Southbound)","Shelter_Y":"N","TransCab":"","Route_Type":"Regular","STATUS":"ACTV"}},{"type":"Feature","id":902,"geometry":{"type":"Point","coordinates":[-78.334018999999969,44.311811000000027]},"properties":{"OBJECTID":902,"stop_id":"1171","stop_name":"Park at Parkhill","lines":"3 Park (Southbound)","Shelter_Y":"N","TransCab":"","Route_Type":"Regular","STATUS":"ACTV"}},{"type":"Feature","id":905,"geometry":{"type":"Point","coordinates":[-78.33265200000001,44.309346000000069]},"properties":{"OBJECTID":905,"stop_id":"1174","stop_name":"Park at McDonnel","lines":"3 Park (Southbound)","Shelter_Y":"N","TransCab":"","Route_Type":"Regular","STATUS":"ACTV"}},{"type":"Feature","id":906,"geometry":{"type":"Point","coordinates":[-78.331570999999968,44.307406000000015]},"properties":{"OBJECTID":906,"stop_id":"1175","stop_name":"Park at Hopkins","lines":"3 Park (Southbound)","Shelter_Y":"N","TransCab":"","Route_Type":"Regular","STATUS":"ACTV"}},{"type":"Feature","id":907,"geometry":{"type":"Point","coordinates":[-78.330927999999986,44.306291000000002]},"properties":{"OBJECTID":907,"stop_id":"1176","stop_name":"Park at Weller","lines":"3 Park (Southbound)","Shelter_Y":"N","TransCab":"","Route_Type":"Regular","STATUS":"ACTV"}},{"type":"Feature","id":912,"geometry":{"type":"Point","coordinates":[-78.324418999999978,44.309510000000067]},"properties":{"OBJECTID":912,"stop_id":"1183","stop_name":"McDonnel at Bethune","lines":"11 Water (Southbound), 4 Weller (Westbound)","Shelter_Y":"N","TransCab":"","Route_Type":"Regular","STATUS":"ACTV"}},{"type":"Feature","id":913,"geometry":{"type":"Point","coordinates":[-78.326145999999966,44.309465999999965]},"properties":{"OBJECTID":913,"stop_id":"1184","stop_name":"McDonnel at Stewart","lines":"11 Water (Southbound), 4 Weller (Westbound)","Shelter_Y":"Y","TransCab":"","Route_Type":"Regular","STATUS":"ACTV"}},{"type":"Feature","id":914,"geometry":{"type":"Point","coordinates":[-78.327643000000023,44.309415000000016]},"properties":{"OBJECTID":914,"stop_id":"1185","stop_name":"McDonnel at Reid","lines":"11 Water (Southbound), 4 Weller (Westbound)","Shelter_Y":"Y","TransCab":"","Route_Type":"Regular","STATUS":"ACTV"}},{"type":"Feature","id":915,"geometry":{"type":"Point","coordinates":[-78.330208999999982,44.309309000000034]},"properties":{"OBJECTID":915,"stop_id":"1186","stop_name":"McDonnel at Donegal","lines":"4 Weller (Westbound)","Shelter_Y":"N","TransCab":"","Route_Type":"Regular","STATUS":"ACTV"}},{"type":"Feature","id":916,"geometry":{"type":"Point","coordinates":[-78.333680999999999,44.308887000000034]},"properties":{"OBJECTID":916,"stop_id":"1187","stop_name":"McDonnel at Rotary Trail","lines":"4 Weller (Westbound)","Shelter_Y":"N","TransCab":"","Route_Type":"Regular","STATUS":"ACTV"}},{"type":"Feature","id":917,"geometry":{"type":"Point","coordinates":[-78.335303999999965,44.308460999999959]},"properties":{"OBJECTID":917,"stop_id":"1188","stop_name":"McDonnel at Cross","lines":"4 Weller (Westbound)","Shelter_Y":"N","TransCab":"","Route_Type":"Regular","STATUS":"ACTV"}},{"type":"Feature","id":918,"geometry":{"type":"Point","coordinates":[-78.337035,44.308024999999986]},"properties":{"OBJECTID":918,"stop_id":"1189","stop_name":"McDonnel at Cambridge","lines":"4 Weller (Westbound)","Shelter_Y":"N","TransCab":"","Route_Type":"Regular","STATUS":"ACTV"}},{"type":"Feature","id":919,"geometry":{"type":"Point","coordinates":[-78.338267000000016,44.307698000000002]},"properties":{"OBJECTID":919,"stop_id":"1190","stop_name":"McDonnel at Monaghan","lines":"4 Weller (Westbound)","Shelter_Y":"N","TransCab":"","Route_Type":"Regular","STATUS":"ACTV"}},{"type":"Feature","id":920,"geometry":{"type":"Point","coordinates":[-78.342326999999969,44.310455000000033]},"properties":{"OBJECTID":920,"stop_id":"1192","stop_name":"Parkhill at Benmor Towers","lines":"8 Monaghan (Southbound), 9 Parkhill (Westbound)","Shelter_Y":"N","TransCab":"","Route_Type":"Regular","STATUS":"ACTV"}},{"type":"Feature","id":921,"geometry":{"type":"Point","coordinates":[-78.344816783898438,44.30993491058932]},"properties":{"OBJECTID":921,"stop_id":"1193","stop_name":"Parkhill at Medical","lines":"9 Parkhill (Westbound)","Shelter_Y":"N","TransCab":"","Route_Type":"Regular","STATUS":"ACTV"}},{"type":"Feature","id":922,"geometry":{"type":"Point","coordinates":[-78.346957000000018,44.309452000000043]},"properties":{"OBJECTID":922,"stop_id":"1194","stop_name":"Parkhill at Pinehill","lines":"9 Parkhill (Westbound)","Shelter_Y":"N","TransCab":"","Route_Type":"Regular","STATUS":"ACTV"}},{"type":"Feature","id":923,"geometry":{"type":"Point","coordinates":[-78.348758999999959,44.309054999999972]},"properties":{"OBJECTID":923,"stop_id":"1195","stop_name":"Parkhill at Crowley E","lines":"9 Parkhill (Westbound)","Shelter_Y":"N","TransCab":"","Route_Type":"Regular","STATUS":"ACTV"}},{"type":"Feature","id":924,"geometry":{"type":"Point","coordinates":[-78.352478000000005,44.308264999999999]},"properties":{"OBJECTID":924,"stop_id":"1196","stop_name":"Parkhill at Crowley W","lines":"9 Parkhill (Westbound)","Shelter_Y":"N","TransCab":"","Route_Type":"Regular","STATUS":"ACTV"}},{"type":"Feature","id":925,"geometry":{"type":"Point","coordinates":[-78.356296000000015,44.30744099999999]},"properties":{"OBJECTID":925,"stop_id":"1197","stop_name":"Parkhill at Wallis","lines":"9 Parkhill (Westbound)","Shelter_Y":"N","TransCab":null,"Route_Type":"Regular","STATUS":"ACTV"}},{"type":"Feature","id":926,"geometry":{"type":"Point","coordinates":[-78.359099999999998,44.306840000000058]},"properties":{"OBJECTID":926,"stop_id":"1198","stop_name":"1020 Parkhill Rd","lines":"9 Parkhill (Westbound)","Shelter_Y":"N","TransCab":"","Route_Type":"Regular","STATUS":"ACTV"}},{"type":"Feature","id":928,"geometry":{"type":"Point","coordinates":[-78.365687999999992,44.300882000000016]},"properties":{"OBJECTID":928,"stop_id":"1200","stop_name":"Ravenwood at Ireland","lines":"4 Weller (Westbound)","Shelter_Y":"N","TransCab":"","Route_Type":"Regular","STATUS":"ACTV"}},{"type":"Feature","id":929,"geometry":{"type":"Point","coordinates":[-78.359488000000013,44.29806300000002]},"properties":{"OBJECTID":929,"stop_id":"1203","stop_name":"Weller at Fair","lines":"4 Weller (Eastbound)","Shelter_Y":"N","TransCab":"","Route_Type":"Regular","STATUS":"ACTV"}},{"type":"Feature","id":930,"geometry":{"type":"Point","coordinates":[-78.355892999999995,44.299309000000015]},"properties":{"OBJECTID":930,"stop_id":"1204","stop_name":"Weller at Hawthorne","lines":"4 Weller (Eastbound)","Shelter_Y":"N","TransCab":"","Route_Type":"Regular","STATUS":"ACTV"}},{"type":"Feature","id":931,"geometry":{"type":"Point","coordinates":[-78.352588999999995,44.300386000000003]},"properties":{"OBJECTID":931,"stop_id":"1205","stop_name":"Weller at Wallis","lines":"4 Weller (Eastbound)","Shelter_Y":"N","TransCab":"","Route_Type":"Regular","STATUS":"ACTV"}},{"type":"Feature","id":934,"geometry":{"type":"Point","coordinates":[-78.343328000000014,44.310045000000017]},"properties":{"OBJECTID":934,"stop_id":"1215","stop_name":"Parkhill at Hedonics","lines":"22 CB Blue (Inbound), 23 CB Red (Inbound), 8 Monaghan (Northbound), 9 Parkhill (Eastbound)","Shelter_Y":"Y","TransCab":"","Route_Type":"Regular & Community Bus","STATUS":"ACTV"}},{"type":"Feature","id":938,"geometry":{"type":"Point","coordinates":[-78.337875999999994,44.307683000000019]},"properties":{"OBJECTID":938,"stop_id":"1219","stop_name":"McDonnel at Monaghan","lines":"23 CB Red (Inbound), 4 Weller (Eastbound)","Shelter_Y":"N","TransCab":"","Route_Type":"Regular & Community Bus","STATUS":"ACTV"}},{"type":"Feature","id":939,"geometry":{"type":"Point","coordinates":[-78.335881999999984,44.308172000000013]},"properties":{"OBJECTID":939,"stop_id":"1220","stop_name":"McDonnel at Cambridge","lines":"23 CB Red (Inbound), 4 Weller (Eastbound)","Shelter_Y":"Y","TransCab":"","Route_Type":"Regular & Community Bus","STATUS":"ACTV"}},{"type":"Feature","id":940,"geometry":{"type":"Point","coordinates":[-78.333102999999994,44.308903000000001]},"properties":{"OBJECTID":940,"stop_id":"1221","stop_name":"McDonnel at Park","lines":"23 CB Red (Inbound), 4 Weller (Eastbound)","Shelter_Y":"N","TransCab":"","Route_Type":"Regular & Community Bus","STATUS":"ACTV"}},{"type":"Feature","id":941,"geometry":{"type":"Point","coordinates":[-78.331799999999973,44.309150000000024]},"properties":{"OBJECTID":941,"stop_id":"1222","stop_name":"McDonnel at Gilchrist","lines":"4 Weller (Eastbound)","Shelter_Y":"N","TransCab":"","Route_Type":"Regular","STATUS":"ACTV"}},{"type":"Feature","id":942,"geometry":{"type":"Point","coordinates":[-78.330043999999972,44.309206999999994]},"properties":{"OBJECTID":942,"stop_id":"1223","stop_name":"McDonnel at Donegal","lines":"23 CB Red (Inbound), 4 Weller (Eastbound)","Shelter_Y":"N","TransCab":"","Route_Type":"Regular & Community Bus","STATUS":"ACTV"}},{"type":"Feature","id":943,"geometry":{"type":"Point","coordinates":[-78.327631000000011,44.30929100000003]},"properties":{"OBJECTID":943,"stop_id":"1224","stop_name":"McDonnel at Reid","lines":"23 CB Red (Inbound), 4 Weller (Eastbound)","Shelter_Y":"N","TransCab":"","Route_Type":"Regular & Community Bus","STATUS":"ACTV"}},{"type":"Feature","id":944,"geometry":{"type":"Point","coordinates":[-78.325670999999986,44.30936600000004]},"properties":{"OBJECTID":944,"stop_id":"1225","stop_name":"McDonnel at Stewart","lines":"23 CB Red (Inbound), 4 Weller (Eastbound)","Shelter_Y":"N","TransCab":"","Route_Type":"Regular & Community Bus","STATUS":"ACTV"}},{"type":"Feature","id":945,"geometry":{"type":"Point","coordinates":[-78.324207999999985,44.309405000000012]},"properties":{"OBJECTID":945,"stop_id":"1226","stop_name":"McDonnel at Aylmer","lines":"23 CB Red (Inbound), 4 Weller (Eastbound)","Shelter_Y":"N","TransCab":"","Route_Type":"Regular & Community Bus","STATUS":"ACTV"}},{"type":"Feature","id":946,"geometry":{"type":"Point","coordinates":[-78.323656,44.308444000000073]},"properties":{"OBJECTID":946,"stop_id":"1227","stop_name":"Aylmer at Murray","lines":"4 Weller (Eastbound)","Shelter_Y":"N","TransCab":"","Route_Type":"Regular","STATUS":"ACTV"}},{"type":"Feature","id":947,"geometry":{"type":"Point","coordinates":[-78.323570000000018,44.30716500000004]},"properties":{"OBJECTID":947,"stop_id":"1228","stop_name":"Aylmer at Brock","lines":"4 Weller (Eastbound)","Shelter_Y":"N","TransCab":"","Route_Type":"Regular","STATUS":"ACTV"}},{"type":"Feature","id":948,"geometry":{"type":"Point","coordinates":[-78.323470999999984,44.30585700000001]},"properties":{"OBJECTID":948,"stop_id":"1229","stop_name":"Aylmer at Hunter","lines":"4 Weller (Eastbound)","Shelter_Y":"N","TransCab":"","Route_Type":"Regular","STATUS":"ACTV"}},{"type":"Feature","id":954,"geometry":{"type":"Point","coordinates":[-78.339934000000028,44.30037699999999]},"properties":{"OBJECTID":954,"stop_id":"1235","stop_name":"Hospital at Charlotte","lines":"22 CB Blue (Inbound), 4 Weller (Westbound)","Shelter_Y":"Y","TransCab":"","Route_Type":"Regular & Community Bus","STATUS":"ACTV"}},{"type":"Feature","id":955,"geometry":{"type":"Point","coordinates":[-78.343736000000007,44.300497000000007]},"properties":{"OBJECTID":955,"stop_id":"1236","stop_name":"Hospital at Dobbin","lines":"22 CB Blue (Inbound), 4 Weller (Westbound)","Shelter_Y":"N","TransCab":"","Route_Type":"Regular & Community Bus","STATUS":"ACTV"}},{"type":"Feature","id":956,"geometry":{"type":"Point","coordinates":[-78.346091999999999,44.301027999999995]},"properties":{"OBJECTID":956,"stop_id":"1237","stop_name":"Peterborough Clinic","lines":"4 Weller (Westbound), 8 Monaghan (Southbound)","Shelter_Y":"Y","TransCab":"","Route_Type":"Regular","STATUS":"ACTV"}},{"type":"Feature","id":957,"geometry":{"type":"Point","coordinates":[-78.34724999999996,44.298463000000041]},"properties":{"OBJECTID":957,"stop_id":"1238","stop_name":"PRHC at South Entrance","lines":" 8 Monaghan ( Southbound)","Shelter_Y":"N","TransCab":"","Route_Type":"Regular","STATUS":"ACTV"}},{"type":"Feature","id":958,"geometry":{"type":"Point","coordinates":[-78.34477600000001,44.298398999999982]},"properties":{"OBJECTID":958,"stop_id":"1239","stop_name":"Alexander Medical Building","lines":"22 CB Blue (Inbound), 23 CB Red (Inbound), 8 Monaghan (Northbound & Southbound)","Shelter_Y":"Y","TransCab":"","Route_Type":"Regular","STATUS":"ACTV"}},{"type":"Feature","id":963,"geometry":{"type":"Point","coordinates":[-78.343084000000005,44.289232000000048]},"properties":{"OBJECTID":963,"stop_id":"1245","stop_name":"Goodfellow at Stornoway","lines":"3 Park (Northbound)","Shelter_Y":"Y","TransCab":"","Route_Type":"Regular","STATUS":"ACTV"}},{"type":"Feature","id":964,"geometry":{"type":"Point","coordinates":[-78.34065988658611,44.289349102565502]},"properties":{"OBJECTID":964,"stop_id":"1246","stop_name":"Chamberlain at Western","lines":"3 Park (Northbound)","Shelter_Y":"N","TransCab":"","Route_Type":"Regular","STATUS":"ACTV"}},{"type":"Feature","id":965,"geometry":{"type":"Point","coordinates":[-78.341169999999963,44.283108999999968]},"properties":{"OBJECTID":965,"stop_id":"1252","stop_name":"Lansdowne at Arthur","lines":"23 CB Red (Inbound), 3 Park (Southbound), 7 Lansdowne (Westbound)","Shelter_Y":"N","TransCab":"","Route_Type":"Regular & Community Bus","STATUS":"ACTV"}},{"type":"Feature","id":966,"geometry":{"type":"Point","coordinates":[-78.343253000000004,44.282541000000052]},"properties":{"OBJECTID":966,"stop_id":"1253","stop_name":"Lansdowne at The Parkway","lines":"23 CB Red (Inbound), 3 Park (Southbound), 7 Lansdowne (Westbound)","Shelter_Y":"Y","TransCab":"","Route_Type":"Regular & Community Bus","STATUS":"ACTV"}},{"type":"Feature","id":969,"geometry":{"type":"Point","coordinates":[-78.344563999999949,44.28982300000014]},"properties":{"OBJECTID":969,"stop_id":"1256","stop_name":"Clonsilla at Goodfellow","lines":"23 CB Red (Inbound), 3 Park (Northbound)","Shelter_Y":"N","TransCab":"","Route_Type":"Regular & Community Bus","STATUS":"ACTV"}},{"type":"Feature","id":977,"geometry":{"type":"Point","coordinates":[-78.323236000000023,44.302328999999993]},"properties":{"OBJECTID":977,"stop_id":"1265","stop_name":"Aylmer at King","lines":"10 Technology Drive (Inbound), 6 Sherbrooke (Westbound), 23 CB Red (Inbound)","Shelter_Y":"N","TransCab":"","Route_Type":"Regular & Community Bus","STATUS":"ACTV"}},{"type":"Feature","id":978,"geometry":{"type":"Point","coordinates":[-78.323577000000014,44.300685000000001]},"properties":{"OBJECTID":978,"stop_id":"1266","stop_name":"Sherbrooke at Aylmer","lines":"6 Sherbrooke (Westbound)","Shelter_Y":"N","TransCab":"","Route_Type":"Regular","STATUS":"ACTV"}},{"type":"Feature","id":979,"geometry":{"type":"Point","coordinates":[-78.325620999999998,44.300587000000036]},"properties":{"OBJECTID":979,"stop_id":"1267","stop_name":"Sherbrooke at Stewart","lines":"6 Sherbrooke (Westbound)","Shelter_Y":"N","TransCab":"","Route_Type":"Regular","STATUS":"ACTV"}},{"type":"Feature","id":980,"geometry":{"type":"Point","coordinates":[-78.328490000000031,44.300055000000022]},"properties":{"OBJECTID":980,"stop_id":"1268","stop_name":"Sherbrooke at Park Pl","lines":"6 Sherbrooke (Westbound)","Shelter_Y":"N","TransCab":"","Route_Type":"Regular","STATUS":"ACTV"}},{"type":"Feature","id":981,"geometry":{"type":"Point","coordinates":[-78.332251999999983,44.298940000000002]},"properties":{"OBJECTID":981,"stop_id":"1269","stop_name":"Sherbrooke at Penrose","lines":"6 Sherbrooke (Westbound)","Shelter_Y":"N","TransCab":"","Route_Type":"Regular","STATUS":"ACTV"}},{"type":"Feature","id":982,"geometry":{"type":"Point","coordinates":[-78.335997721947038,44.298034703845417]},"properties":{"OBJECTID":982,"stop_id":"1270","stop_name":"Sherbrooke at Monaghan","lines":"6 Sherbrooke (Westbound), 8 Monaghan (Northbound)","Shelter_Y":"N","TransCab":"","Route_Type":"Regular","STATUS":"ACTV"}},{"type":"Feature","id":983,"geometry":{"type":"Point","coordinates":[-78.339895999999982,44.296999]},"properties":{"OBJECTID":983,"stop_id":"1271","stop_name":"Sherbrooke at Stannor","lines":"6 Sherbrooke (Westbound), 8 Monaghan (Northbound)","Shelter_Y":"N","TransCab":"","Route_Type":"Regular","STATUS":"ACTV"}},{"type":"Feature","id":987,"geometry":{"type":"Point","coordinates":[-78.359256999999971,44.292457999999989]},"properties":{"OBJECTID":987,"stop_id":"1276","stop_name":"Sherbrooke at Glenforest","lines":"6 Sherbrooke (Westbound)","Shelter_Y":"N","TransCab":"","Route_Type":"Regular","STATUS":"ACTV"}},{"type":"Feature","id":988,"geometry":{"type":"Point","coordinates":[-78.361795000001294,44.291946000002952]},"properties":{"OBJECTID":988,"stop_id":"1277","stop_name":"Sherbrooke Retirement","lines":"6 Sherbrooke (Westbound)","Shelter_Y":"Y","TransCab":"","Route_Type":"Regular","STATUS":"ACTV"}},{"type":"Feature","id":989,"geometry":{"type":"Point","coordinates":[-78.365967999999967,44.290932000000055]},"properties":{"OBJECTID":989,"stop_id":"1278","stop_name":"Sherbrooke at Woodglade","lines":"6 Sherbrooke (Westbound)","Shelter_Y":"N","TransCab":"","Route_Type":"Regular","STATUS":"ACTV"}},{"type":"Feature","id":990,"geometry":{"type":"Point","coordinates":[-78.36749199999997,44.293821000000065]},"properties":{"OBJECTID":990,"stop_id":"1279","stop_name":"Woodglade at Lillico","lines":"4 Weller (Eastbound)","Shelter_Y":"N","TransCab":"","Route_Type":"Regular","STATUS":"ACTV"}},{"type":"Feature","id":994,"geometry":{"type":"Point","coordinates":[-78.376513000001296,44.286158000002921]},"properties":{"OBJECTID":994,"stop_id":"1284","stop_name":"Brealey at Hewitt","lines":"9 Parkhill (Westbound)","Shelter_Y":"N","TransCab":"","Route_Type":"Regular","STATUS":"ACTV"}},{"type":"Feature","id":995,"geometry":{"type":"Point","coordinates":[-78.375342000000003,44.283515000000001]},"properties":{"OBJECTID":995,"stop_id":"1285","stop_name":"Brealey at Kawartha Heights","lines":"9 Parkhill (Westbound)","Shelter_Y":"N","TransCab":"","Route_Type":"Regular","STATUS":"ACTV"}},{"type":"Feature","id":996,"geometry":{"type":"Point","coordinates":[-78.366426999999959,44.286089999999994]},"properties":{"OBJECTID":996,"stop_id":"1289","stop_name":"Kawartha Heights at Bayleaf","lines":"6 Sherbrooke (Westbound)","Shelter_Y":"N","TransCab":"","Route_Type":"Regular","STATUS":"ACTV"}},{"type":"Feature","id":997,"geometry":{"type":"Point","coordinates":[-78.364825999999979,44.284809000000067]},"properties":{"OBJECTID":997,"stop_id":"1290","stop_name":"Kawartha Heights at Crestwood","lines":"6 Sherbrooke (Westbound)","Shelter_Y":"N","TransCab":"","Route_Type":"Regular","STATUS":"ACTV"}},{"type":"Feature","id":998,"geometry":{"type":"Point","coordinates":[-78.373098999999996,44.278025000000021]},"properties":{"OBJECTID":998,"stop_id":"1295","stop_name":"Brealey at Cherryhill","lines":"9 Parkhill (Westbound)","Shelter_Y":"N","TransCab":"","Route_Type":"Regular","STATUS":"ACTV"}},{"type":"Feature","id":999,"geometry":{"type":"Point","coordinates":[-78.371734999999987,44.274887]},"properties":{"OBJECTID":999,"stop_id":"1296","stop_name":"Brealey at Lansdowne","lines":"9 Parkhill (Westbound)","Shelter_Y":"N","TransCab":"","Route_Type":"Regular","STATUS":"ACTV"}},{"type":"Feature","id":1002,"geometry":{"type":"Point","coordinates":[-78.370167437028712,44.271551267059934]},"properties":{"OBJECTID":1002,"stop_id":"1299","stop_name":"Brealey at Forster","lines":"9 Parkhill (Westbound)","Shelter_Y":"N","TransCab":"","Route_Type":"Regular","STATUS":"ACTV"}},{"type":"Feature","id":1004,"geometry":{"type":"Point","coordinates":[-78.374904999999984,44.274526000000023]},"properties":{"OBJECTID":1004,"stop_id":"1302","stop_name":"Dobbin at Lansdowne","lines":"7 Lansdowne (Eastbound)","Shelter_Y":"Y","TransCab":"","Route_Type":"Regular","STATUS":"ACTV"}},{"type":"Feature","id":1005,"geometry":{"type":"Point","coordinates":[-78.372091999999995,44.276250000000033]},"properties":{"OBJECTID":1005,"stop_id":"1303","stop_name":"Brealey at Lansdowne","lines":"9 Parkhill (Eastbound)","Shelter_Y":"Y","TransCab":"","Route_Type":"Regular","STATUS":"ACTV"}},{"type":"Feature","id":1006,"geometry":{"type":"Point","coordinates":[-78.373077999999992,44.278559999999992]},"properties":{"OBJECTID":1006,"stop_id":"1304","stop_name":"Brealey at Cherryhill","lines":"9 Parkhill (Eastbound)","Shelter_Y":"N","TransCab":"","Route_Type":"Regular","STATUS":"ACTV"}},{"type":"Feature","id":1007,"geometry":{"type":"Point","coordinates":[-78.364727000000016,44.284908000000044]},"properties":{"OBJECTID":1007,"stop_id":"1308","stop_name":"Kawartha Heights at Crestwood","lines":"6 Sherbrooke (Eastbound)","Shelter_Y":"N","TransCab":"","Route_Type":"Regular","STATUS":"ACTV"}},{"type":"Feature","id":1008,"geometry":{"type":"Point","coordinates":[-78.365978000000013,44.285705]},"properties":{"OBJECTID":1008,"stop_id":"1309","stop_name":"Kawartha Heights at Oakwood","lines":"6 Sherbrooke (Eastbound)","Shelter_Y":"N","TransCab":"","Route_Type":"Regular","STATUS":"ACTV"}},{"type":"Feature","id":1009,"geometry":{"type":"Point","coordinates":[-78.376315000000005,44.286198000000063]},"properties":{"OBJECTID":1009,"stop_id":"1313","stop_name":"Brealey at Hewitt","lines":"9 Parkhill (Eastbound)","Shelter_Y":"N","TransCab":"","Route_Type":"Regular","STATUS":"ACTV"}},{"type":"Feature","id":1010,"geometry":{"type":"Point","coordinates":[-78.3770811193355,44.288219457371099]},"properties":{"OBJECTID":1010,"stop_id":"1314","stop_name":"Brealey at Sherbrooke","lines":"9 Parkhill (Eastbound)","Shelter_Y":"N","TransCab":"","Route_Type":"Regular","STATUS":"ACTV"}},{"type":"Feature","id":1012,"geometry":{"type":"Point","coordinates":[-78.363789000001233,44.291148000002913]},"properties":{"OBJECTID":1012,"stop_id":"1320","stop_name":"Sherbrooke at Ridgewood","lines":"6 Sherbrooke (Eastbound)","Shelter_Y":"N","TransCab":"","Route_Type":"Regular","STATUS":"ACTV"}},{"type":"Feature","id":1013,"geometry":{"type":"Point","coordinates":[-78.358451473324408,44.292489230435059]},"properties":{"OBJECTID":1013,"stop_id":"1321","stop_name":"Sherbrooke at Glenforest","lines":"6 Sherbrooke (Eastbound)","Shelter_Y":"N","TransCab":"","Route_Type":"Regular","STATUS":"ACTV"}},{"type":"Feature","id":1014,"geometry":{"type":"Point","coordinates":[-78.345245189749591,44.2955154681351]},"properties":{"OBJECTID":1014,"stop_id":"1327","stop_name":"Sherbrooke at Goodfellow","lines":"23 CB Red (Inbound), 6 Sherbrooke (Eastbound)","Shelter_Y":"N","TransCab":"","Route_Type":"Regular & Community Bus","STATUS":"ACTV"}},{"type":"Feature","id":1016,"geometry":{"type":"Point","coordinates":[-78.338412999999974,44.297262000000053]},"properties":{"OBJECTID":1016,"stop_id":"1329","stop_name":"Sherbrooke at Kenneth","lines":"6 Sherbrooke (Eastbound), 8 Monaghan (Southbound)","Shelter_Y":"N","TransCab":"","Route_Type":"Regular","STATUS":"ACTV"}},{"type":"Feature","id":1017,"geometry":{"type":"Point","coordinates":[-78.335539654596815,44.297953904716465]},"properties":{"OBJECTID":1017,"stop_id":"1330","stop_name":"Sherbrooke at Monaghan","lines":"6 Sherbrooke (Eastbound), 8 Monaghan (Southbound)","Shelter_Y":"N","TransCab":"","Route_Type":"Regular","STATUS":"ACTV"}},{"type":"Feature","id":1018,"geometry":{"type":"Point","coordinates":[-78.33171999999999,44.298980000000014]},"properties":{"OBJECTID":1018,"stop_id":"1331","stop_name":"Sherbrooke at Rutherford","lines":"6 Sherbrooke (Eastbound)","Shelter_Y":"N","TransCab":"","Route_Type":"Regular","STATUS":"ACTV"}},{"type":"Feature","id":1019,"geometry":{"type":"Point","coordinates":[-78.328763000000023,44.299849999999971]},"properties":{"OBJECTID":1019,"stop_id":"1332","stop_name":"Sherbrooke at Park Pl","lines":"6 Sherbrooke (Eastbound)","Shelter_Y":"N","TransCab":"","Route_Type":"Regular","STATUS":"ACTV"}},{"type":"Feature","id":1020,"geometry":{"type":"Point","coordinates":[-78.325458999999995,44.30047100000003]},"properties":{"OBJECTID":1020,"stop_id":"1333","stop_name":"Sherbrooke at Stewart","lines":"6 Sherbrooke (Eastbound)","Shelter_Y":"N","TransCab":"","Route_Type":"Regular","STATUS":"ACTV"}},{"type":"Feature","id":1021,"geometry":{"type":"Point","coordinates":[-78.322944999999962,44.301302000000071]},"properties":{"OBJECTID":1021,"stop_id":"1334","stop_name":"Aylmer at Sherbrooke","lines":"6 Sherbrooke (Eastbound)","Shelter_Y":"N","TransCab":"","Route_Type":"Regular","STATUS":"ACTV"}},{"type":"Feature","id":1022,"geometry":{"type":"Point","coordinates":[-78.32304299999997,44.302390000000024]},"properties":{"OBJECTID":1022,"stop_id":"1335","stop_name":"Aylmer at King","lines":"6 Sherbrooke (Eastbound)","Shelter_Y":"N","TransCab":"","Route_Type":"Regular ","STATUS":"ACTV"}},{"type":"Feature","id":1023,"geometry":{"type":"Point","coordinates":[-78.327459000000019,44.298139000000027]},"properties":{"OBJECTID":1023,"stop_id":"1338","stop_name":"Park at Wolfe","lines":"3 Park (Southbound)","Shelter_Y":"N","TransCab":"","Route_Type":"Regular","STATUS":"ACTV"}},{"type":"Feature","id":1024,"geometry":{"type":"Point","coordinates":[-78.325930000000014,44.294594000000025]},"properties":{"OBJECTID":1024,"stop_id":"1339","stop_name":"Park at Albert","lines":"3 Park (Southbound)","Shelter_Y":"N","TransCab":"","Route_Type":"Regular","STATUS":"ACTV"}},{"type":"Feature","id":1029,"geometry":{"type":"Point","coordinates":[-78.313964999999953,44.286171000000024]},"properties":{"OBJECTID":1029,"stop_id":"1350","stop_name":"Lock at Braidwood","lines":"2 Chemong (Northbound)","Shelter_Y":"N","TransCab":"","Route_Type":"Regular","STATUS":"ACTV"}},{"type":"Feature","id":1030,"geometry":{"type":"Point","coordinates":[-78.314369999999997,44.287152000000056]},"properties":{"OBJECTID":1030,"stop_id":"1351","stop_name":"Lock at Montgomery","lines":"2 Chemong (Northbound)","Shelter_Y":"N","TransCab":"","Route_Type":"Regular","STATUS":"ACTV"}},{"type":"Feature","id":1031,"geometry":{"type":"Point","coordinates":[-78.319782999999987,44.288415000000015]},"properties":{"OBJECTID":1031,"stop_id":"1354","stop_name":"Lansdowne at Aylmer","lines":"7 Lansdowne (Westbound)","Shelter_Y":"N","TransCab":"","Route_Type":"Regular","STATUS":"ACTV"}},{"type":"Feature","id":1032,"geometry":{"type":"Point","coordinates":[-78.322273999999979,44.287810999999991]},"properties":{"OBJECTID":1032,"stop_id":"1355","stop_name":"Lansdowne at Park","lines":"7 Lansdowne (Westbound)","Shelter_Y":"N","TransCab":"","Route_Type":"Regular","STATUS":"ACTV"}},{"type":"Feature","id":1033,"geometry":{"type":"Point","coordinates":[-78.324131999999977,44.287372999999988]},"properties":{"OBJECTID":1033,"stop_id":"1356","stop_name":"Lansdowne at Home Depot","lines":"7 Lansdowne (Westbound)","Shelter_Y":"N","TransCab":"","Route_Type":"Regular","STATUS":"ACTV"}},{"type":"Feature","id":1034,"geometry":{"type":"Point","coordinates":[-78.328610000000012,44.286301000000044]},"properties":{"OBJECTID":1034,"stop_id":"1357","stop_name":"Lansdowne at Monaghan","lines":"7 Lansdowne (Westbound)","Shelter_Y":"N","TransCab":"","Route_Type":"Regular","STATUS":"ACTV"}},{"type":"Feature","id":1035,"geometry":{"type":"Point","coordinates":[-78.333222999999975,44.285054000000045]},"properties":{"OBJECTID":1035,"stop_id":"1358","stop_name":"Lansdowne at High","lines":"7 Lansdowne (Westbound)","Shelter_Y":"Y","TransCab":"","Route_Type":"Regular","STATUS":"ACTV"}},{"type":"Feature","id":1036,"geometry":{"type":"Point","coordinates":[-78.336478,44.28424200000007]},"properties":{"OBJECTID":1036,"stop_id":"1359","stop_name":"Lansdowne at Farmboy","lines":"23 CB Red (Inbound), 7 Lansdowne (Westbound)","Shelter_Y":"N","TransCab":"","Route_Type":"Regular & Community Bus","STATUS":"ACTV"}},{"type":"Feature","id":1037,"geometry":{"type":"Point","coordinates":[-78.338968000000008,44.283629999999988]},"properties":{"OBJECTID":1037,"stop_id":"1360","stop_name":"Lansdowne at Wightman","lines":"23 CB Red (Inbound), 7 Lansdowne (Westbound)","Shelter_Y":"N","TransCab":"","Route_Type":"Regular & Community Bus","STATUS":"ACTV"}},{"type":"Feature","id":1038,"geometry":{"type":"Point","coordinates":[-78.345905000000016,44.281876999999994]},"properties":{"OBJECTID":1038,"stop_id":"1361","stop_name":"Lansdowne at Rye","lines":"3 Park (Southbound), 7 Lansdowne (Westbound)","Shelter_Y":"N","TransCab":"","Route_Type":"Regular","STATUS":"ACTV"}},{"type":"Feature","id":1039,"geometry":{"type":"Point","coordinates":[-78.350982000000002,44.280691000000026]},"properties":{"OBJECTID":1039,"stop_id":"1362","stop_name":"Lansdowne at Canadian Tire","lines":"3 Park (Southbound), 7 Lansdowne (Westbound)","Shelter_Y":"Y","TransCab":"","Route_Type":"Regular","STATUS":"ACTV"}},{"type":"Feature","id":1040,"geometry":{"type":"Point","coordinates":[-78.355519999999999,44.279606000000015]},"properties":{"OBJECTID":1040,"stop_id":"1363","stop_name":"Lansdowne at Clonsilla","lines":"3 Park (Southbound), 7 Lansdowne (Westbound)","Shelter_Y":"N","TransCab":"","Route_Type":"Regular","STATUS":"ACTV"}},{"type":"Feature","id":1041,"geometry":{"type":"Point","coordinates":[-78.359130000000022,44.278737000000014]},"properties":{"OBJECTID":1041,"stop_id":"1364","stop_name":"Russelle Toyota","lines":"7 Lansdowne (Westbound)","Shelter_Y":"N","TransCab":"","Route_Type":"Regular","STATUS":"ACTV"}},{"type":"Feature","id":1042,"geometry":{"type":"Point","coordinates":[-78.362640999999996,44.277872999999978]},"properties":{"OBJECTID":1042,"stop_id":"1365","stop_name":"Lansdowne at Applewood Retirement","lines":"7 Lansdowne (Westbound)","Shelter_Y":"Y","TransCab":"Y","Route_Type":"Regular","STATUS":"ACTV"}},{"type":"Feature","id":1043,"geometry":{"type":"Point","coordinates":[-78.363873000000012,44.274648000000063]},"properties":{"OBJECTID":1043,"stop_id":"1366","stop_name":"Spillsbury at Huntington","lines":"6 Sherbrooke (Westbound)","Shelter_Y":"N","TransCab":"","Route_Type":"Regular","STATUS":"ACTV"}},{"type":"Feature","id":1044,"geometry":{"type":"Point","coordinates":[-78.362487999999971,44.271576000000003]},"properties":{"OBJECTID":1044,"stop_id":"1367","stop_name":"Spillsbury at Creekwood","lines":"6 Sherbrooke (Westbound)","Shelter_Y":"N","TransCab":"","Route_Type":"Regular","STATUS":"ACTV"}},{"type":"Feature","id":1045,"geometry":{"type":"Point","coordinates":[-78.361442999999952,44.269525000000058]},"properties":{"OBJECTID":1045,"stop_id":"1368","stop_name":"Spillsbury at Fortye","lines":"6 Sherbrooke ( Westbound)","Shelter_Y":"N","TransCab":"","Route_Type":"Regular","STATUS":"ACTV"}},{"type":"Feature","id":1049,"geometry":{"type":"Point","coordinates":[-78.363619000000014,44.274658999999978]},"properties":{"OBJECTID":1049,"stop_id":"1379","stop_name":"Spillsbury at Huntington","lines":"6 Sherbrooke (Eastbound)","Shelter_Y":"N","TransCab":"","Route_Type":"Regular","STATUS":"ACTV"}},{"type":"Feature","id":1050,"geometry":{"type":"Point","coordinates":[-78.364209000000017,44.277282000000064]},"properties":{"OBJECTID":1050,"stop_id":"1380","stop_name":"Lansdowne at Spillsbury","lines":"7 Lansdowne (Eastbound)","Shelter_Y":"N","TransCab":"","Route_Type":"Regular","STATUS":"ACTV"}},{"type":"Feature","id":1051,"geometry":{"type":"Point","coordinates":[-78.35839399999999,44.278655000000008]},"properties":{"OBJECTID":1051,"stop_id":"1381","stop_name":"Lansdowne at Calvary","lines":"7 Lansdowne (Eastbound)","Shelter_Y":"N","TransCab":"","Route_Type":"Regular","STATUS":"ACTV"}},{"type":"Feature","id":1052,"geometry":{"type":"Point","coordinates":[-78.356325999999967,44.279176999999969]},"properties":{"OBJECTID":1052,"stop_id":"1382","stop_name":"Lansdowne at Clonsilla","lines":"7 Lansdowne (Eastbound)","Shelter_Y":"Y","TransCab":"","Route_Type":"Regular","STATUS":"ACTV"}},{"type":"Feature","id":1053,"geometry":{"type":"Point","coordinates":[-78.350645,44.280517999999979]},"properties":{"OBJECTID":1053,"stop_id":"1383","stop_name":"Lansdowne at Canadian Tire","lines":"7 Lansdowne (Eastbound)","Shelter_Y":"N","TransCab":"","Route_Type":"Regular","STATUS":"ACTV"}},{"type":"Feature","id":1054,"geometry":{"type":"Point","coordinates":[-78.347487999999984,44.281272999999963]},"properties":{"OBJECTID":1054,"stop_id":"1384","stop_name":"Lansdowne at Webber","lines":"7 Lansdowne (Eastbound)","Shelter_Y":"Y","TransCab":"","Route_Type":"Regular","STATUS":"ACTV"}},{"type":"Feature","id":1055,"geometry":{"type":"Point","coordinates":[-78.344215000001228,44.282107000002938]},"properties":{"OBJECTID":1055,"stop_id":"1385","stop_name":"Lansdowne at The Parkway","lines":"7 Lansdowne (Eastbound)","Shelter_Y":"N","TransCab":"","Route_Type":"Regular","STATUS":"ACTV"}},{"type":"Feature","id":1056,"geometry":{"type":"Point","coordinates":[-78.340012999999971,44.283169999999984]},"properties":{"OBJECTID":1056,"stop_id":"1386","stop_name":"Lansdowne at Goodfellow","lines":"7 Lansdowne (Eastbound)","Shelter_Y":"Y","TransCab":"","Route_Type":"Regular","STATUS":"ACTV"}},{"type":"Feature","id":1057,"geometry":{"type":"Point","coordinates":[-78.335772000000034,44.284205000000057]},"properties":{"OBJECTID":1057,"stop_id":"1387","stop_name":"Lansdowne at Farmboy","lines":"7 Lansdowne (Eastbound)","Shelter_Y":"Y","TransCab":"","Route_Type":"Regular","STATUS":"ACTV"}},{"type":"Feature","id":1058,"geometry":{"type":"Point","coordinates":[-78.331496000000001,44.285288000000008]},"properties":{"OBJECTID":1058,"stop_id":"1388","stop_name":"Lansdowne at Sears","lines":"7 Lansdowne (Eastbound)","Shelter_Y":"Y","TransCab":"","Route_Type":"Regular","STATUS":"ACTV"}},{"type":"Feature","id":1059,"geometry":{"type":"Point","coordinates":[-78.322708000000006,44.287524999999995]},"properties":{"OBJECTID":1059,"stop_id":"1389","stop_name":"Lansdowne at Park","lines":"7 Lansdowne (Eastbound)","Shelter_Y":"N","TransCab":"","Route_Type":"Regular","STATUS":"ACTV"}},{"type":"Feature","id":1061,"geometry":{"type":"Point","coordinates":[-78.315070999999975,44.288228000000004]},"properties":{"OBJECTID":1061,"stop_id":"1391","stop_name":"Lock at Morrow","lines":"2 Chemong (Southbound)","Shelter_Y":"N","TransCab":"","Route_Type":"Regular","STATUS":"ACTV"}},{"type":"Feature","id":1062,"geometry":{"type":"Point","coordinates":[-78.314201000000011,44.286342000000033]},"properties":{"OBJECTID":1062,"stop_id":"1393","stop_name":"Lock at Braidwood","lines":"2 Chemong (Southbound)","Shelter_Y":"N","TransCab":"","Route_Type":"Regular","STATUS":"ACTV"}},{"type":"Feature","id":1063,"geometry":{"type":"Point","coordinates":[-78.313282999999998,44.284428000000034]},"properties":{"OBJECTID":1063,"stop_id":"1395","stop_name":"Lock at King George","lines":"2 Chemong (Southbound)","Shelter_Y":"N","TransCab":"","Route_Type":"Regular","STATUS":"ACTV"}},{"type":"Feature","id":1064,"geometry":{"type":"Point","coordinates":[-78.326082000000028,44.296975999999994]},"properties":{"OBJECTID":1064,"stop_id":"1409","stop_name":"Rubidge at Townsend","lines":"3 Park (Northbound)","Shelter_Y":"N","TransCab":"","Route_Type":"Regular","STATUS":"ACTV"}},{"type":"Feature","id":1065,"geometry":{"type":"Point","coordinates":[-78.326236999999978,44.299065000000041]},"properties":{"OBJECTID":1065,"stop_id":"1410","stop_name":"Rubidge at Dalhousie","lines":"3 Park (Northbound)","Shelter_Y":"N","TransCab":"","Route_Type":"Regular","STATUS":"ACTV"}},{"type":"Feature","id":1066,"geometry":{"type":"Point","coordinates":[-78.326358000000013,44.30117700000006]},"properties":{"OBJECTID":1066,"stop_id":"1411","stop_name":"Rubidge at Rubidge Hall","lines":"3 Park (Northbound)","Shelter_Y":"Y","TransCab":"","Route_Type":"Regular","STATUS":"ACTV"}},{"type":"Feature","id":1067,"geometry":{"type":"Point","coordinates":[-78.334697878206399,44.296986163001613]},"properties":{"OBJECTID":1067,"stop_id":"1413","stop_name":"Monaghan at Paterson","lines":"8 Monaghan (Southbound)","Shelter_Y":"N","TransCab":"","Route_Type":"Regular","STATUS":"ACTV"}},{"type":"Feature","id":1068,"geometry":{"type":"Point","coordinates":[-78.333974999999995,44.295393000000054]},"properties":{"OBJECTID":1068,"stop_id":"1414","stop_name":"Monaghan at BWXT","lines":"8 Monaghan (Southbound)","Shelter_Y":"N","TransCab":"","Route_Type":"Regular","STATUS":"ACTV"}},{"type":"Feature","id":1069,"geometry":{"type":"Point","coordinates":[-78.332615919460608,44.292186906949127]},"properties":{"OBJECTID":1069,"stop_id":"1415","stop_name":"Monaghan at Chamberlain","lines":"8 Monaghan (Southbound)","Shelter_Y":"N","TransCab":"","Route_Type":"Regular","STATUS":"ACTV"}},{"type":"Feature","id":1070,"geometry":{"type":"Point","coordinates":[-78.332169999999991,44.291294999999984]},"properties":{"OBJECTID":1070,"stop_id":"1416","stop_name":"Monaghan at Brown","lines":"8 Monaghan (Southbound)","Shelter_Y":"N","TransCab":"","Route_Type":"Regular","STATUS":"ACTV"}},{"type":"Feature","id":1071,"geometry":{"type":"Point","coordinates":[-78.331355000000016,44.289389000000021]},"properties":{"OBJECTID":1071,"stop_id":"1417","stop_name":"Monaghan at Romaine","lines":"8 Monaghan (Southbound)","Shelter_Y":"N","TransCab":"","Route_Type":"Regular","STATUS":"ACTV"}},{"type":"Feature","id":1072,"geometry":{"type":"Point","coordinates":[-78.330788000000027,44.288044000000042]},"properties":{"OBJECTID":1072,"stop_id":"1418","stop_name":"Monaghan at Healthy Planet Arena","lines":"8 Monaghan (Southbound)","Shelter_Y":"Y","TransCab":"","Route_Type":"Regular","STATUS":"ACTV"}},{"type":"Feature","id":1073,"geometry":{"type":"Point","coordinates":[-78.330190999999971,44.286626999999989]},"properties":{"OBJECTID":1073,"stop_id":"1419","stop_name":"Monaghan at Lansdowne","lines":"8 Monaghan (Southbound)","Shelter_Y":"N","TransCab":"","Route_Type":"Regular","STATUS":"ACTV"}},{"type":"Feature","id":1074,"geometry":{"type":"Point","coordinates":[-78.329510000000013,44.285135000000039]},"properties":{"OBJECTID":1074,"stop_id":"1420","stop_name":"Monaghan at Lansdowne Place","lines":"8 Monaghan (Southbound)","Shelter_Y":"Y","TransCab":"","Route_Type":"Regular","STATUS":"ACTV"}},{"type":"Feature","id":1075,"geometry":{"type":"Point","coordinates":[-78.328465128087544,44.282932106713474]},"properties":{"OBJECTID":1075,"stop_id":"1421","stop_name":"Monaghan at Braidwood","lines":"8 Monaghan (Southbound)","Shelter_Y":"N","TransCab":"","Route_Type":"Regular","STATUS":"ACTV"}},{"type":"Feature","id":1076,"geometry":{"type":"Point","coordinates":[-78.327613999999983,44.281207000000009]},"properties":{"OBJECTID":1076,"stop_id":"1422","stop_name":"Monaghan at Hawley","lines":"8 Monaghan (Southbound)","Shelter_Y":"N","TransCab":"","Route_Type":"Regular","STATUS":"ACTV"}},{"type":"Feature","id":1077,"geometry":{"type":"Point","coordinates":[-78.32702500000002,44.279921999999992]},"properties":{"OBJECTID":1077,"stop_id":"1423","stop_name":"Monaghan at McKellar","lines":"23 CB Red (Inbound), 2 Chemong (Southbound), 8 Monaghan (Southbound)","Shelter_Y":"N","TransCab":"","Route_Type":"Regular & Community Bus","STATUS":"ACTV"}},{"type":"Feature","id":1078,"geometry":{"type":"Point","coordinates":[-78.326009999999997,44.277703000000031]},"properties":{"OBJECTID":1078,"stop_id":"1424","stop_name":"Monaghan at Orpington","lines":"8 Monaghan (Southbound)","Shelter_Y":"Y","TransCab":"","Route_Type":"Regular","STATUS":"ACTV"}},{"type":"Feature","id":1079,"geometry":{"type":"Point","coordinates":[-78.325407999999968,44.276447000000005]},"properties":{"OBJECTID":1079,"stop_id":"1425","stop_name":"Monaghan at Cameron","lines":"8 Monaghan (Southbound)","Shelter_Y":"N","TransCab":"","Route_Type":"Regular","STATUS":"ACTV"}},{"type":"Feature","id":1080,"geometry":{"type":"Point","coordinates":[-78.324540000000013,44.274557000000044]},"properties":{"OBJECTID":1080,"stop_id":"1426","stop_name":"Monaghan at Harold","lines":"8 Monaghan (Southbound)","Shelter_Y":"N","TransCab":"","Route_Type":"Regular","STATUS":"ACTV"}},{"type":"Feature","id":1081,"geometry":{"type":"Point","coordinates":[-78.326526999999999,44.273201000000007]},"properties":{"OBJECTID":1081,"stop_id":"1427","stop_name":"Crawford at Barbara","lines":"8 Monaghan (Southbound)","Shelter_Y":"Y","TransCab":"","Route_Type":"Regular","STATUS":"ACTV"}},{"type":"Feature","id":1082,"geometry":{"type":"Point","coordinates":[-78.330282999999966,44.272321000000026]},"properties":{"OBJECTID":1082,"stop_id":"1428","stop_name":"Crawford at Erskine","lines":"8 Monaghan (Southbound)","Shelter_Y":"Y","TransCab":"Y","Route_Type":"Regular","STATUS":"ACTV"}},{"type":"Feature","id":1083,"geometry":{"type":"Point","coordinates":[-78.33527100000002,44.280867999999984]},"properties":{"OBJECTID":1083,"stop_id":"1433","stop_name":"Erskine at The Kingsway","lines":"23 CB Red (Inbound), 2 Chemong (Southbound)","Shelter_Y":"Y","TransCab":"","Route_Type":"Regular & Community Bus","STATUS":"ACTV"}},{"type":"Feature","id":1085,"geometry":{"type":"Point","coordinates":[-78.329922999999994,44.286649000000089]},"properties":{"OBJECTID":1085,"stop_id":"1437","stop_name":"Monaghan at Lansdowne","lines":"8 Monaghan (Northbound)","Shelter_Y":"Y","TransCab":"","Route_Type":"Regular","STATUS":"ACTV"}},{"type":"Feature","id":1086,"geometry":{"type":"Point","coordinates":[-78.330820000000003,44.288575000000058]},"properties":{"OBJECTID":1086,"stop_id":"1438","stop_name":"Monaghan at Romaine","lines":"8 Monaghan (Northbound)","Shelter_Y":"N","TransCab":"","Route_Type":"Regular","STATUS":"ACTV"}},{"type":"Feature","id":1087,"geometry":{"type":"Point","coordinates":[-78.331829999999997,44.290941000000011]},"properties":{"OBJECTID":1087,"stop_id":"1439","stop_name":"Monaghan at Douglas","lines":"8 Monaghan (Northbound)","Shelter_Y":"N","TransCab":"","Route_Type":"Regular","STATUS":"ACTV"}},{"type":"Feature","id":1088,"geometry":{"type":"Point","coordinates":[-78.333901999999981,44.295612000000027]},"properties":{"OBJECTID":1088,"stop_id":"1441","stop_name":"Monaghan at BWXT","lines":"8 Monaghan (Northbound)","Shelter_Y":"N","TransCab":"","Route_Type":"Regular","STATUS":"ACTV"}},{"type":"Feature","id":1089,"geometry":{"type":"Point","coordinates":[-78.334400999999986,44.296753999999993]},"properties":{"OBJECTID":1089,"stop_id":"1442","stop_name":"Monaghan at Paterson","lines":"8 Monaghan (Northbound)","Shelter_Y":"N","TransCab":"","Route_Type":"Regular","STATUS":"ACTV"}},{"type":"Feature","id":1090,"geometry":{"type":"Point","coordinates":[-78.31783499999996,44.305802999999997]},"properties":{"OBJECTID":1090,"stop_id":"1443","stop_name":"Queen at Hunter","lines":"4 Weller (Eastbound)","Shelter_Y":"N","TransCab":"","Route_Type":"Regular","STATUS":"ACTV"}},{"type":"Feature","id":1091,"geometry":{"type":"Point","coordinates":[-78.312164999999979,44.305261999999992]},"properties":{"OBJECTID":1091,"stop_id":"1444","stop_name":"Burnham at Hunter","lines":"4 Weller (Eastbound)","Shelter_Y":"N","TransCab":"","Route_Type":"Regular","STATUS":"ACTV"}},{"type":"Feature","id":1092,"geometry":{"type":"Point","coordinates":[-78.312067999999996,44.30329099999998]},"properties":{"OBJECTID":1092,"stop_id":"1445","stop_name":"Burnham at Sophia","lines":"4 Weller (Eastbound)","Shelter_Y":"N","TransCab":"","Route_Type":"Regular","STATUS":"ACTV"}},{"type":"Feature","id":1093,"geometry":{"type":"Point","coordinates":[-78.312013000001272,44.301447000002938]},"properties":{"OBJECTID":1093,"stop_id":"1446","stop_name":"Burnham at James","lines":"4 Weller (Eastbound)","Shelter_Y":"N","TransCab":"","Route_Type":"Regular","STATUS":"ACTV"}},{"type":"Feature","id":1094,"geometry":{"type":"Point","coordinates":[-78.309129000001292,44.300685000002872]},"properties":{"OBJECTID":1094,"stop_id":"1447","stop_name":"Maria at Burnham","lines":"4 Weller (Eastbound)","Shelter_Y":"N","TransCab":"","Route_Type":"Regular","STATUS":"ACTV"}},{"type":"Feature","id":1095,"geometry":{"type":"Point","coordinates":[-78.307307999999978,44.300747999999999]},"properties":{"OBJECTID":1095,"stop_id":"1448","stop_name":"Maria at Rogers Cove","lines":"4 Weller (Eastbound)","Shelter_Y":"N","TransCab":"","Route_Type":"Regular","STATUS":"ACTV"}},{"type":"Feature","id":1096,"geometry":{"type":"Point","coordinates":[-78.304803000000021,44.301557000000038]},"properties":{"OBJECTID":1096,"stop_id":"1449","stop_name":"Rogers at Maria","lines":"4 Weller (Eastbound)","Shelter_Y":"N","TransCab":"","Route_Type":"Regular","STATUS":"ACTV"}},{"type":"Feature","id":1097,"geometry":{"type":"Point","coordinates":[-78.305318000000014,44.302671000000004]},"properties":{"OBJECTID":1097,"stop_id":"1450","stop_name":"Rogers at James","lines":"4 Weller (Eastbound)","Shelter_Y":"N","TransCab":"","Route_Type":"Regular","STATUS":"ACTV"}},{"type":"Feature","id":1098,"geometry":{"type":"Point","coordinates":[-78.305897000000002,44.303898999999987]},"properties":{"OBJECTID":1098,"stop_id":"1451","stop_name":"Rogers at Sophia","lines":"4 Weller (Eastbound)","Shelter_Y":"N","TransCab":"","Route_Type":"Regular","STATUS":"ACTV"}},{"type":"Feature","id":1099,"geometry":{"type":"Point","coordinates":[-78.306295999999975,44.304732000000072]},"properties":{"OBJECTID":1099,"stop_id":"1452","stop_name":"Rogers at Theatre Guild","lines":"4 Weller (Eastbound)","Shelter_Y":"N","TransCab":"","Route_Type":"Regular","STATUS":"ACTV"}},{"type":"Feature","id":1100,"geometry":{"type":"Point","coordinates":[-78.306881999999987,44.306072000000007]},"properties":{"OBJECTID":1100,"stop_id":"1453","stop_name":"384 Rogers St","lines":"4 Weller (Eastbound)","Shelter_Y":"Y","TransCab":"","Route_Type":"Regular","STATUS":"ACTV"}},{"type":"Feature","id":1101,"geometry":{"type":"Point","coordinates":[-78.307634999999991,44.307660000000062]},"properties":{"OBJECTID":1101,"stop_id":"1454","stop_name":"Rogers at Hunter","lines":"7 Lansdowne (Eastbound)","Shelter_Y":"N","TransCab":"","Route_Type":"Regular","STATUS":"ACTV"}},{"type":"Feature","id":1102,"geometry":{"type":"Point","coordinates":[-78.308534000000009,44.309637000000052]},"properties":{"OBJECTID":1102,"stop_id":"1455","stop_name":"Rogers at Douro","lines":"7 Lansdowne (Eastbound)","Shelter_Y":"Y","TransCab":"","Route_Type":"Regular","STATUS":"ACTV"}},{"type":"Feature","id":1103,"geometry":{"type":"Point","coordinates":[-78.307034999999999,44.310157000000061]},"properties":{"OBJECTID":1103,"stop_id":"1456","stop_name":"Douro at Armour","lines":"7 Lansdowne (Eastbound)","Shelter_Y":"N","TransCab":"","Route_Type":"Regular","STATUS":"ACTV"}},{"type":"Feature","id":1104,"geometry":{"type":"Point","coordinates":[-78.307696999999976,44.312234000000053]},"properties":{"OBJECTID":1104,"stop_id":"1458","stop_name":"Armour at McFarlane","lines":"7 Lansdowne (Eastbound)","Shelter_Y":"Y","TransCab":"","Route_Type":"Regular","STATUS":"ACTV"}},{"type":"Feature","id":1105,"geometry":{"type":"Point","coordinates":[-78.309234000000018,44.315333999999993]},"properties":{"OBJECTID":1105,"stop_id":"1460","stop_name":"Armour at Euclid","lines":"7 Lansdowne (Eastbound)","Shelter_Y":"N","TransCab":"","Route_Type":"Regular","STATUS":"ACTV"}},{"type":"Feature","id":1106,"geometry":{"type":"Point","coordinates":[-78.309709999999981,44.316339999999997]},"properties":{"OBJECTID":1106,"stop_id":"1461","stop_name":"Armour at Swanston","lines":"7 Lansdowne (Eastbound)","Shelter_Y":"N","TransCab":"","Route_Type":"Regular","STATUS":"ACTV"}},{"type":"Feature","id":1107,"geometry":{"type":"Point","coordinates":[-78.310490999999971,44.318662000000039]},"properties":{"OBJECTID":1107,"stop_id":"1462","stop_name":"Armour at Parkhill","lines":"7 Lansdowne (Eastbound), 9 Parkhill (Eastbound), Excalibur (Eastbound)","Shelter_Y":"Y","TransCab":"","Route_Type":"Regular","STATUS":"ACTV"}},{"type":"Feature","id":1127,"geometry":{"type":"Point","coordinates":[-78.30977399999999,44.315358000000039]},"properties":{"OBJECTID":1127,"stop_id":"1483","stop_name":"Dufferin at Armour","lines":"7 Lansdowne (Westbound)","Shelter_Y":"N","TransCab":"","Route_Type":"Regular","STATUS":"ACTV"}},{"type":"Feature","id":1128,"geometry":{"type":"Point","coordinates":[-78.310251619163097,44.312933838420776]},"properties":{"OBJECTID":1128,"stop_id":"1485","stop_name":"Rogers at Oxford","lines":"7 Lansdowne (Westbound)","Shelter_Y":"Y","TransCab":"","Route_Type":"Regular","STATUS":"ACTV"}},{"type":"Feature","id":1129,"geometry":{"type":"Point","coordinates":[-78.309555565843823,44.311585592273111]},"properties":{"OBJECTID":1129,"stop_id":"1486","stop_name":"Rogers at Stanley","lines":"7 Lansdowne (Westbound)","Shelter_Y":"N","TransCab":"","Route_Type":"Regular","STATUS":"ACTV"}},{"type":"Feature","id":1130,"geometry":{"type":"Point","coordinates":[-78.308830000000029,44.310027999999996]},"properties":{"OBJECTID":1130,"stop_id":"1487","stop_name":"Rogers at Douro","lines":"7 Lansdowne (Westbound)","Shelter_Y":"N","TransCab":"","Route_Type":"Regular","STATUS":"ACTV"}},{"type":"Feature","id":1131,"geometry":{"type":"Point","coordinates":[-78.307597999999999,44.307122000000007]},"properties":{"OBJECTID":1131,"stop_id":"1488","stop_name":"Rogers at Hunter","lines":"7 Lansdowne (Westbound)","Shelter_Y":"Y","TransCab":"Y","Route_Type":"Regular","STATUS":"ACTV"}},{"type":"Feature","id":1132,"geometry":{"type":"Point","coordinates":[-78.30908500000001,44.30661800000005]},"properties":{"OBJECTID":1132,"stop_id":"1489","stop_name":"Hunter at Mark","lines":"4 Weller (Westbound)","Shelter_Y":"N","TransCab":"","Route_Type":"Regular","STATUS":"ACTV"}},{"type":"Feature","id":1133,"geometry":{"type":"Point","coordinates":[-78.311918999999989,44.305975000000039]},"properties":{"OBJECTID":1133,"stop_id":"1490","stop_name":"Hunter at Burnham","lines":"4 Weller (Westbound)","Shelter_Y":"N","TransCab":"","Route_Type":"Regular","STATUS":"ACTV"}},{"type":"Feature","id":1134,"geometry":{"type":"Point","coordinates":[-78.316823000000014,44.306103999999984]},"properties":{"OBJECTID":1134,"stop_id":"1491","stop_name":"Hunter at Sheridan","lines":"4 Weller (Westbound)","Shelter_Y":"N","TransCab":"","Route_Type":"Regular","STATUS":"ACTV"}},{"type":"Feature","id":1135,"geometry":{"type":"Point","coordinates":[-78.31796599999997,44.305749999999996]},"properties":{"OBJECTID":1135,"stop_id":"1492","stop_name":"Queen at Hunter","lines":"4 Weller (Westbound)","Shelter_Y":"N","TransCab":"","Route_Type":"Regular","STATUS":"ACTV"}},{"type":"Feature","id":1136,"geometry":{"type":"Point","coordinates":[-78.318490999999995,44.304805000000044]},"properties":{"OBJECTID":1136,"stop_id":"1493","stop_name":"Simcoe at Water","lines":"4 Weller (Westbound)","Shelter_Y":"N","TransCab":"","Route_Type":"Regular","STATUS":"ACTV"}},{"type":"Feature","id":1137,"geometry":{"type":"Point","coordinates":[-78.319952999999956,44.302998999999993]},"properties":{"OBJECTID":1137,"stop_id":"1494","stop_name":"George at Charlotte","lines":"2 Chemong (Southbound), 12 Otonabee (Inbound)","Shelter_Y":"N","TransCab":"","Route_Type":"Regular ","STATUS":"ACTV"}},{"type":"Feature","id":1138,"geometry":{"type":"Point","coordinates":[-78.319854999999961,44.301737000000053]},"properties":{"OBJECTID":1138,"stop_id":"1495","stop_name":"George at King","lines":"10 Technology Drive (Inbound), 2 Chemong (Southbound), 12 Otonabee (Inbound)","Shelter_Y":"N","TransCab":"","Route_Type":"Regular ","STATUS":"ACTV"}},{"type":"Feature","id":1139,"geometry":{"type":"Point","coordinates":[-78.319758999999991,44.300530000000002]},"properties":{"OBJECTID":1139,"stop_id":"1496","stop_name":"George at Sherbrooke","lines":"10 Technology Drive (Inbound), 2 Chemong (Southbound), 12 Otonabee (Inbound)","Shelter_Y":"N","TransCab":"","Route_Type":"Regular ","STATUS":"ACTV"}},{"type":"Feature","id":1140,"geometry":{"type":"Point","coordinates":[-78.319687999999999,44.299379000000037]},"properties":{"OBJECTID":1140,"stop_id":"1497","stop_name":"George at Dalhousie","lines":"10 Technology Drive (Inbound), 2 Chemong (Southbound), 12 Otonabee (Inbound)","Shelter_Y":"Y","TransCab":"","Route_Type":"Regular ","STATUS":"ACTV"}},{"type":"Feature","id":1141,"geometry":{"type":"Point","coordinates":[-78.319491999999997,44.296179000000045]},"properties":{"OBJECTID":1141,"stop_id":"1498","stop_name":"George at Rink","lines":"10 Technology Drive (Inbound), 2 Chemong (Southbound), 12 Otonabee (Inbound)","Shelter_Y":"Y","TransCab":"","Route_Type":"Regular","STATUS":"ACTV"}},{"type":"Feature","id":1142,"geometry":{"type":"Point","coordinates":[-78.319210999999981,44.293481999999976]},"properties":{"OBJECTID":1142,"stop_id":"1500","stop_name":"George at Lake","lines":"10 Technology Drive (Inbound), 2 Chemong (Southbound), 12 Otonabee (Inbound)","Shelter_Y":"N","TransCab":"","Route_Type":"Regular","STATUS":"ACTV"}},{"type":"Feature","id":1143,"geometry":{"type":"Point","coordinates":[-78.319090999999986,44.292110000000065]},"properties":{"OBJECTID":1143,"stop_id":"1501","stop_name":"George at Romaine","lines":"10 Technology Drive (Inbound), 2 Chemong (Southbound), 12 Otonabee (Inbound)","Shelter_Y":"N","TransCab":"","Route_Type":"Regular","STATUS":"ACTV"}},{"type":"Feature","id":1144,"geometry":{"type":"Point","coordinates":[-78.31597200022874,44.289117000176773]},"properties":{"OBJECTID":1144,"stop_id":"1504","stop_name":"Lansdowne at Lock","lines":"10 Technology Drive (Inbound), 2 Chemong (Southbound), 7 Lansdowne (Eastbound), 12 Otonabee (Inbound)","Shelter_Y":"N","TransCab":"","Route_Type":"Regular","STATUS":"ACTV"}},{"type":"Feature","id":1145,"geometry":{"type":"Point","coordinates":[-78.311903000000001,44.290134000000037]},"properties":{"OBJECTID":1145,"stop_id":"1505","stop_name":"Lansdowne at Sherburne","lines":"10 Technology Drive (Inbound), 7 Lansdowne (Eastbound), 12 Otonabee (Inbound)","Shelter_Y":"N","TransCab":"","Route_Type":"Regular","STATUS":"ACTV"}},{"type":"Feature","id":1146,"geometry":{"type":"Point","coordinates":[-78.298255000000012,44.28960500000003]},"properties":{"OBJECTID":1146,"stop_id":"1507","stop_name":"Lansdowne at Ashburnham","lines":"7 Lansdowne (Eastbound), 12 Otonabee (Inbound)","Shelter_Y":"N","TransCab":"","Route_Type":"Regular","STATUS":"ACTV"}},{"type":"Feature","id":1147,"geometry":{"type":"Point","coordinates":[-78.303020000000004,44.282766000000073]},"properties":{"OBJECTID":1147,"stop_id":"1511","stop_name":"Otonabee at Milford","lines":"7 Lansdowne (Eastbound & Westbound), 12 Otonabee (Inbound)","Shelter_Y":"Y","TransCab":"Y","Route_Type":"Regular","STATUS":"ACTV"}},{"type":"Feature","id":1148,"geometry":{"type":"Point","coordinates":[-78.305414999999968,44.278011000000014]},"properties":{"OBJECTID":1148,"stop_id":"1515","stop_name":"Otonabee at St. Patrick's","lines":"7 Lansdowne (Eastbound & Westbound), 12 Otonabee (Inbound)","Shelter_Y":"N","TransCab":"","Route_Type":"Regular","STATUS":"ACTV"}},{"type":"Feature","id":1149,"geometry":{"type":"Point","coordinates":[-78.309287000000012,44.283161000000064]},"properties":{"OBJECTID":1149,"stop_id":"1524","stop_name":"River Rd at Otonabee School","lines":"7 Lansdowne (Eastbound & Westbound), 12 Otonabee (Inbound)","Shelter_Y":"N","TransCab":"","Route_Type":"Regular","STATUS":"ACTV"}},{"type":"Feature","id":1150,"geometry":{"type":"Point","coordinates":[-78.308181000000019,44.28515100000002]},"properties":{"OBJECTID":1150,"stop_id":"1525","stop_name":"River Rd at Southlawn","lines":"7 Lansdowne (Eastbound & Westbound), 12 Otonabee (Inbound)","Shelter_Y":"Y","TransCab":"","Route_Type":"Regular","STATUS":"ACTV"}},{"type":"Feature","id":1151,"geometry":{"type":"Point","coordinates":[-78.306959999999961,44.287343000000114]},"properties":{"OBJECTID":1151,"stop_id":"1526","stop_name":"718 River Rd","lines":"7 Lansdowne (Eastbound & Westbound), 12 Otonabee (Inbound)","Shelter_Y":"N","TransCab":"","Route_Type":"Regular","STATUS":"ACTV"}},{"type":"Feature","id":1152,"geometry":{"type":"Point","coordinates":[-78.306056999999967,44.288714000000056]},"properties":{"OBJECTID":1152,"stop_id":"1527","stop_name":"River Rd at Lansdowne","lines":"7 Lansdowne (Eastbound & Westbound), 12 Otonabee (Inbound)","Shelter_Y":"Y","TransCab":"","Route_Type":"Regular","STATUS":"ACTV"}},{"type":"Feature","id":1153,"geometry":{"type":"Point","coordinates":[-78.311938999999953,44.29030599999998]},"properties":{"OBJECTID":1153,"stop_id":"1528","stop_name":"Lansdowne at Sherburne","lines":"10 Technology Drive (Inbound), 7 Lansdowne (Westbound), 12 Otonabee (Inbound)","Shelter_Y":"N","TransCab":"","Route_Type":"Regular","STATUS":"ACTV"}},{"type":"Feature","id":1154,"geometry":{"type":"Point","coordinates":[-78.315350330659697,44.289483648680203]},"properties":{"OBJECTID":1154,"stop_id":"1529","stop_name":"Lansdowne at Lock","lines":"10 Technology Drive (Inbound), 7 Lansdowne (Westbound), 12 Otonabee (Inbound)","Shelter_Y":"N","TransCab":"","Route_Type":"Regular","STATUS":"ACTV"}},{"type":"Feature","id":1155,"geometry":{"type":"Point","coordinates":[-78.317326667796863,44.288991358344333]},"properties":{"OBJECTID":1155,"stop_id":"1530","stop_name":"Lansdowne at George","lines":"10 Technology Drive (Inbound), 2 Chemong (Northbound), 7 Lansdowne (Westbound), 12 Otonabee (Inbound)","Shelter_Y":"N","TransCab":"","Route_Type":"Regular","STATUS":"ACTV"}},{"type":"Feature","id":1156,"geometry":{"type":"Point","coordinates":[-78.318160000000006,44.290446000000017]},"properties":{"OBJECTID":1156,"stop_id":"1531","stop_name":"George at Ware","lines":"10 Technology Drive (Inbound), 2 Chemong (Northbound), 12 Otonabee (Inbound)","Shelter_Y":"Y","TransCab":"","Route_Type":"Regular","STATUS":"ACTV"}},{"type":"Feature","id":1157,"geometry":{"type":"Point","coordinates":[-78.318766000000025,44.291749000000074]},"properties":{"OBJECTID":1157,"stop_id":"1532","stop_name":"George at Romaine","lines":"10 Technology Drive (Inbound), 2 Chemong (Northbound), 12 Otonabee (Inbound)","Shelter_Y":"N","TransCab":"","Route_Type":"Regular","STATUS":"ACTV"}},{"type":"Feature","id":1158,"geometry":{"type":"Point","coordinates":[-78.319090999999986,44.294218999999998]},"properties":{"OBJECTID":1158,"stop_id":"1533","stop_name":"George at Lake","lines":"10 Technology Drive (Inbound), 2 Chemong (Northbound), 12 Otonabee (Inbound)","Shelter_Y":"Y","TransCab":"","Route_Type":"Regular","STATUS":"ACTV"}},{"type":"Feature","id":1159,"geometry":{"type":"Point","coordinates":[-78.319199999999967,44.295605000000066]},"properties":{"OBJECTID":1159,"stop_id":"1534","stop_name":"George at Crary Park","lines":"10 Technology Drive (Inbound), 2 Chemong (Northbound), 12 Otonabee (Inbound)","Shelter_Y":"N","TransCab":"","Route_Type":"Regular","STATUS":"ACTV"}},{"type":"Feature","id":1160,"geometry":{"type":"Point","coordinates":[-78.319406000000015,44.298046000000099]},"properties":{"OBJECTID":1160,"stop_id":"1535","stop_name":"George at Holiday Inn","lines":"10 Technology Drive (Inbound), 2 Chemong (Northbound), 12 Otonabee (Inbound)","Shelter_Y":"N","TransCab":"","Route_Type":"Regular","STATUS":"ACTV"}},{"type":"Feature","id":1161,"geometry":{"type":"Point","coordinates":[-78.319446999999982,44.300111999999963]},"properties":{"OBJECTID":1161,"stop_id":"1536","stop_name":"George at No Frills","lines":"10 Technology Drive (Inbound), 2 Chemong (Northbound), 12 Otonabee (Inbound)","Shelter_Y":"N","TransCab":"","Route_Type":"Regular","STATUS":"ACTV"}},{"type":"Feature","id":1162,"geometry":{"type":"Point","coordinates":[-78.318922000000015,44.301768000000017]},"properties":{"OBJECTID":1162,"stop_id":"1537","stop_name":"Water at King","lines":"10 Technology Drive (Inbound), 2 Chemong (Northbound), 12 Otonabee (Inbound)","Shelter_Y":"N","TransCab":"","Route_Type":"Regular","STATUS":"ACTV"}},{"type":"Feature","id":1163,"geometry":{"type":"Point","coordinates":[-78.318668999999986,44.303774000000004]},"properties":{"OBJECTID":1163,"stop_id":"1538","stop_name":"Water at Charlotte","lines":"10 Technology Drive (Inbound), 2 Chemong (Northbound), 12 Otonabee (Inbound)","Shelter_Y":"N","TransCab":"","Route_Type":"Regular","STATUS":"ACTV"}},{"type":"Feature","id":1164,"geometry":{"type":"Point","coordinates":[-78.304231999999999,44.307574000000059]},"properties":{"OBJECTID":1164,"stop_id":"1542","stop_name":"Hunter at Time Square","lines":"4 Weller (Eastbound), 7 Lansdowne (Westbound)","Shelter_Y":"N","TransCab":"","Route_Type":"Regular","STATUS":"ACTV"}},{"type":"Feature","id":1168,"geometry":{"type":"Point","coordinates":[-78.301805000000002,44.300952000000059]},"properties":{"OBJECTID":1168,"stop_id":"1546","stop_name":"Maria at Ashburnham","lines":"7 Lansdowne (Westbound)","Shelter_Y":"N","TransCab":"","Route_Type":"Regular","STATUS":"ACTV"}},{"type":"Feature","id":1169,"geometry":{"type":"Point","coordinates":[-78.297463999999991,44.302456999999983]},"properties":{"OBJECTID":1169,"stop_id":"1547","stop_name":"Tarrawood Apartments","lines":"7 Lansdowne (Westbound)","Shelter_Y":"Y","TransCab":"","Route_Type":"Regular","STATUS":"ACTV"}},{"type":"Feature","id":1170,"geometry":{"type":"Point","coordinates":[-78.297034999999994,44.30145000000001]},"properties":{"OBJECTID":1170,"stop_id":"1548","stop_name":"Walker at Bramble","lines":"7 Lansdowne (Westbound)","Shelter_Y":"N","TransCab":"","Route_Type":"Regular","STATUS":"ACTV"}},{"type":"Feature","id":1171,"geometry":{"type":"Point","coordinates":[-78.297205000000034,44.299108000000025]},"properties":{"OBJECTID":1171,"stop_id":"1549","stop_name":"Walker at Walker Park","lines":"7 Lansdowne (Westbound)","Shelter_Y":"N","TransCab":"","Route_Type":"Regular","STATUS":"ACTV"}},{"type":"Feature","id":1172,"geometry":{"type":"Point","coordinates":[-78.297574999999966,44.297187000000044]},"properties":{"OBJECTID":1172,"stop_id":"1550","stop_name":"Walker at Meadowview","lines":"7 Lansdowne (Westbound)","Shelter_Y":"Y","TransCab":"","Route_Type":"Regular","STATUS":"ACTV"}},{"type":"Feature","id":1173,"geometry":{"type":"Point","coordinates":[-78.298417000000029,44.296404000000038]},"properties":{"OBJECTID":1173,"stop_id":"1551","stop_name":"Marsdale at Farmcrest","lines":"7 Lansdowne (Westbound)","Shelter_Y":"Y","TransCab":"","Route_Type":"Regular","STATUS":"ACTV"}},{"type":"Feature","id":1174,"geometry":{"type":"Point","coordinates":[-78.29898900000002,44.293260000000046]},"properties":{"OBJECTID":1174,"stop_id":"1553","stop_name":"Ashburnham at Ecology","lines":"7 Lansdowne (Westbound)","Shelter_Y":"N","TransCab":"","Route_Type":"Regular","STATUS":"ACTV"}},{"type":"Feature","id":1175,"geometry":{"type":"Point","coordinates":[-78.297946999999994,44.29103700000001]},"properties":{"OBJECTID":1175,"stop_id":"1554","stop_name":"Ashburnham at Lansdowne","lines":"7 Lansdowne (Westbound)","Shelter_Y":"N","TransCab":"","Route_Type":"Regular","STATUS":"ACTV"}},{"type":"Feature","id":1176,"geometry":{"type":"Point","coordinates":[-78.295022000000003,44.290416000000029]},"properties":{"OBJECTID":1176,"stop_id":"1555","stop_name":"Lansdowne at Trent Winds","lines":"7 Lansdowne (Eastbound & Westbound)","Shelter_Y":"N","TransCab":"","Route_Type":"Regular","STATUS":"ACTV"}},{"type":"Feature","id":1177,"geometry":{"type":"Point","coordinates":[-78.290230999999977,44.291757000000018]},"properties":{"OBJECTID":1177,"stop_id":"1556","stop_name":"Lansdowne at Consumers","lines":"7 Lansdowne (Eastbound & Westbound)","Shelter_Y":"N","TransCab":"","Route_Type":"Regular","STATUS":"ACTV"}},{"type":"Feature","id":1178,"geometry":{"type":"Point","coordinates":[-78.29029300000002,44.292865000000013]},"properties":{"OBJECTID":1178,"stop_id":"1557","stop_name":"Willowcreek Plaza","lines":"7 Lansdowne (Eastbound & Westbound)","Shelter_Y":"N","TransCab":"Y","Route_Type":"Regular","STATUS":"ACTV"}},{"type":"Feature","id":1179,"geometry":{"type":"Point","coordinates":[-78.294078999999996,44.290844999999997]},"properties":{"OBJECTID":1179,"stop_id":"1558","stop_name":"Lansdowne at Trent Winds","lines":"10 Technology Drive (Inbound), 7 Lansdowne (Eastbound & Westbound)","Shelter_Y":"N","TransCab":"","Route_Type":"Regular","STATUS":"ACTV"}},{"type":"Feature","id":1180,"geometry":{"type":"Point","coordinates":[-78.29683,44.290161999999981]},"properties":{"OBJECTID":1180,"stop_id":"1559","stop_name":"Lansdowne at Ashburnham","lines":"10 Technology Drive (Inbound), 7 Lansdowne (Eastbound & Westbound)","Shelter_Y":"N","TransCab":"","Route_Type":"Regular","STATUS":"ACTV"}},{"type":"Feature","id":1181,"geometry":{"type":"Point","coordinates":[-78.298708999999988,44.293072000000024]},"properties":{"OBJECTID":1181,"stop_id":"1560","stop_name":"Ashburnham at Ecology","lines":"7 Lansdowne (Eastbound)","Shelter_Y":"N","TransCab":"","Route_Type":"Regular","STATUS":"ACTV"}},{"type":"Feature","id":1182,"geometry":{"type":"Point","coordinates":[-78.299975000000003,44.296621000000009]},"properties":{"OBJECTID":1182,"stop_id":"1561","stop_name":"Marsdale at Ashburnham","lines":"7 Lansdowne (Eastbound)","Shelter_Y":"N","TransCab":"","Route_Type":"Regular","STATUS":"ACTV"}},{"type":"Feature","id":1183,"geometry":{"type":"Point","coordinates":[-78.298470999999992,44.296275000000001]},"properties":{"OBJECTID":1183,"stop_id":"1562","stop_name":"Marsdale at Farmcrest","lines":"7 Lansdowne (Eastbound)","Shelter_Y":"Y","TransCab":"","Route_Type":"Regular","STATUS":"ACTV"}},{"type":"Feature","id":1184,"geometry":{"type":"Point","coordinates":[-78.297396999999989,44.297221]},"properties":{"OBJECTID":1184,"stop_id":"1563","stop_name":"Walker at Meadowview","lines":"7 Lansdowne (Eastbound)","Shelter_Y":"N","TransCab":"","Route_Type":"Regular","STATUS":"ACTV"}},{"type":"Feature","id":1185,"geometry":{"type":"Point","coordinates":[-78.296899999999994,44.299353000000032]},"properties":{"OBJECTID":1185,"stop_id":"1564","stop_name":"Walker at Walker Park","lines":"7 Lansdowne (Eastbound)","Shelter_Y":"N","TransCab":"","Route_Type":"Regular","STATUS":"ACTV"}},{"type":"Feature","id":1186,"geometry":{"type":"Point","coordinates":[-78.296604999999957,44.300715000000004]},"properties":{"OBJECTID":1186,"stop_id":"1565","stop_name":"Walker at Bramble","lines":"7 Lansdowne (Eastbound)","Shelter_Y":"N","TransCab":"","Route_Type":"Regular","STATUS":"ACTV"}},{"type":"Feature","id":1187,"geometry":{"type":"Point","coordinates":[-78.297234999999972,44.302363999999983]},"properties":{"OBJECTID":1187,"stop_id":"1566","stop_name":"Walker at Maria","lines":"7 Lansdowne (Eastbound)","Shelter_Y":"N","TransCab":"","Route_Type":"Regular","STATUS":"ACTV"}},{"type":"Feature","id":1188,"geometry":{"type":"Point","coordinates":[-78.301836000000009,44.301112000000053]},"properties":{"OBJECTID":1188,"stop_id":"1567","stop_name":"Maria at Ashburnham","lines":"7 Lansdowne (Eastbound)","Shelter_Y":"N","TransCab":"","Route_Type":"Regular","STATUS":"ACTV"}},{"type":"Feature","id":1192,"geometry":{"type":"Point","coordinates":[-78.304198999999983,44.307725000000005]},"properties":{"OBJECTID":1192,"stop_id":"1571","stop_name":"Hunter at Time Square","lines":"4 Weller (Westbound), 7 Lansdowne (Eastbound)","Shelter_Y":"N","TransCab":"","Route_Type":"Regular","STATUS":"ACTV"}},{"type":"Feature","id":1193,"geometry":{"type":"Point","coordinates":[-78.307020999999978,44.307086000000062]},"properties":{"OBJECTID":1193,"stop_id":"1572","stop_name":"Hunter at Rogers","lines":"4 Weller (Westbound), 7 Lansdowne (Eastbound)","Shelter_Y":"N","TransCab":"","Route_Type":"Regular","STATUS":"ACTV"}},{"type":"Feature","id":1197,"geometry":{"type":"Point","coordinates":[-78.335547132176529,44.281141310146346]},"properties":{"OBJECTID":1197,"stop_id":"1580","stop_name":"Erskine at The Kingsway","lines":"2 Chemong (Northbound)","Shelter_Y":"N","TransCab":"","Route_Type":"Regular","STATUS":"ACTV"}},{"type":"Feature","id":1200,"geometry":{"type":"Point","coordinates":[-78.351254000000012,44.264631999999992]},"properties":{"OBJECTID":1200,"stop_id":"1584","stop_name":"Jameson at Fisher","lines":"5 The Parkway (Southbound)","Shelter_Y":"N","TransCab":"","Route_Type":"Regular","STATUS":"ACTV"}},{"type":"Feature","id":1201,"geometry":{"type":"Point","coordinates":[-78.355556000000007,44.262948000000044]},"properties":{"OBJECTID":1201,"stop_id":"1585","stop_name":"Jameson at GM Financial","lines":"5 The Parkway (Southbound)","Shelter_Y":"N","TransCab":"","Route_Type":"Regular","STATUS":"ACTV"}},{"type":"Feature","id":1202,"geometry":{"type":"Point","coordinates":[-78.353545999999994,44.258678000000046]},"properties":{"OBJECTID":1202,"stop_id":"1586","stop_name":"1900 Fisher Dr","lines":"5 The Parkway (Northbound)","Shelter_Y":"Y","TransCab":"","Route_Type":"Regular","STATUS":"ACTV"}},{"type":"Feature","id":1203,"geometry":{"type":"Point","coordinates":[-78.352386999999993,44.260509999999968]},"properties":{"OBJECTID":1203,"stop_id":"1587","stop_name":"1994 Fisher Dr","lines":"5 The Parkway (Northbound)","Shelter_Y":"N","TransCab":"","Route_Type":"Regular","STATUS":"ACTV"}},{"type":"Feature","id":1208,"geometry":{"type":"Point","coordinates":[-78.375163999999955,44.274213000000003]},"properties":{"OBJECTID":1208,"stop_id":"1600","stop_name":"Dobbin at Lansdowne","lines":"7 Lansdowne (Westbound)","Shelter_Y":"N","TransCab":"","Route_Type":"Regular","STATUS":"ACTV"}},{"type":"Feature","id":1211,"geometry":{"type":"Point","coordinates":[-78.317260000000033,44.319450999999958]},"properties":{"OBJECTID":1211,"stop_id":"1606","stop_name":"Water at Argyle","lines":"11 Water (Northbound), 6 Sherbrooke (Eastbound)","Shelter_Y":"N","TransCab":"","Route_Type":"Regular","STATUS":"ACTV"}},{"type":"Feature","id":1212,"geometry":{"type":"Point","coordinates":[-78.309775999999999,44.344047999999994]},"properties":{"OBJECTID":1212,"stop_id":"1608","stop_name":"Water at Carnegie","lines":"11 Water (Northbound), 8 Monaghan (Northbound), P","Shelter_Y":"N","TransCab":"","Route_Type":"Regular","STATUS":"ACTV"}},{"type":"Feature","id":1215,"geometry":{"type":"Point","coordinates":[-78.314144999999968,44.339275000000022]},"properties":{"OBJECTID":1215,"stop_id":"1612","stop_name":"Water at Zoo Plane","lines":"11 Water (Southbound), 8 Monaghan (Southbound)","Shelter_Y":"N","TransCab":"","Route_Type":"Regular","STATUS":"ACTV"}},{"type":"Feature","id":1217,"geometry":{"type":"Point","coordinates":[-78.328001000000015,44.308867000000006]},"properties":{"OBJECTID":1217,"stop_id":"1615","stop_name":"Reid at McDonnel","lines":"2 Chemong (Northbound)","Shelter_Y":"Y","TransCab":"","Route_Type":"Regular","STATUS":"ACTV"}},{"type":"Feature","id":1218,"geometry":{"type":"Point","coordinates":[-78.328216999999981,44.312055999999991]},"properties":{"OBJECTID":1218,"stop_id":"1616","stop_name":"Reid at Traill College","lines":"11 Water (Northbound), 2 Chemong (Northbound)","Shelter_Y":"N","TransCab":"","Route_Type":"Regular","STATUS":"ACTV"}},{"type":"Feature","id":1223,"geometry":{"type":"Point","coordinates":[-78.374881636533061,44.282806678040892]},"properties":{"OBJECTID":1223,"stop_id":"1623","stop_name":"Brealey at Kawartha Heights","lines":"9 Parkhill (Eastbound)","Shelter_Y":"N","TransCab":"","Route_Type":"Regular","STATUS":"ACTV"}},{"type":"Feature","id":1224,"geometry":{"type":"Point","coordinates":[-78.371979999999994,44.289442000000051]},"properties":{"OBJECTID":1224,"stop_id":"1624","stop_name":"Sherbrooke at Denure","lines":"4 Weller (Eastbound)","Shelter_Y":"N","TransCab":"","Route_Type":"Regular","STATUS":"ACTV"}},{"type":"Feature","id":1225,"geometry":{"type":"Point","coordinates":[-78.367288000001267,44.290526000002934]},"properties":{"OBJECTID":1225,"stop_id":"1625","stop_name":"Sherbrooke at Woodglade","lines":"4 Weller (Eastbound)","Shelter_Y":"N","TransCab":"","Route_Type":"Regular","STATUS":"ACTV"}},{"type":"Feature","id":1226,"geometry":{"type":"Point","coordinates":[-78.349118999999988,44.294637000000058]},"properties":{"OBJECTID":1226,"stop_id":"1626","stop_name":"Sherbrooke at Whitefield","lines":"23 CB Red (Inbound), 6 Sherbrooke (Eastbound)","Shelter_Y":"N","TransCab":"","Route_Type":"Regular & Community Bus","STATUS":"ACTV"}},{"type":"Feature","id":1227,"geometry":{"type":"Point","coordinates":[-78.349521876918587,44.294707547050812]},"properties":{"OBJECTID":1227,"stop_id":"1627","stop_name":"Sherbrooke at Whitefield","lines":"6 Sherbrooke (Westbound)","Shelter_Y":"N","TransCab":"","Route_Type":"Regular","STATUS":"ACTV"}},{"type":"Feature","id":1228,"geometry":{"type":"Point","coordinates":[-78.345316999999966,44.302208000000036]},"properties":{"OBJECTID":1228,"stop_id":"1630","stop_name":"Medical at Weller","lines":"22 CB Blue (Inbound), 23 CB Red (Inbound), 8 Monaghan (Northbound)","Shelter_Y":"N","TransCab":"","Route_Type":"Regular & Community Bus","STATUS":"ACTV"}},{"type":"Feature","id":1229,"geometry":{"type":"Point","coordinates":[-78.344907000000021,44.307230999999987]},"properties":{"OBJECTID":1229,"stop_id":"1631","stop_name":"Medical at St Peter's","lines":"22 CB Blue (Inbound), 23 CB Red (Inbound), 8 Monaghan (Northbound)","Shelter_Y":"Y","TransCab":"","Route_Type":"Regular & Community Bus","STATUS":"ACTV"}},{"type":"Feature","id":1230,"geometry":{"type":"Point","coordinates":[-78.348814087040793,44.299617246065374]},"properties":{"OBJECTID":1230,"stop_id":"1632","stop_name":"PRHC at Parking Lot","lines":"8 Monaghan (Northbound & Southbound)","Shelter_Y":"Y","TransCab":"","Route_Type":"Regular","STATUS":"ACTV"}},{"type":"Feature","id":1234,"geometry":{"type":"Point","coordinates":[-78.350178627524755,44.284766794271519]},"properties":{"OBJECTID":1234,"stop_id":"1644","stop_name":"Clonsilla at Webber","lines":"3 Park (Northbound)","Shelter_Y":"N","TransCab":"","Route_Type":"Regular","STATUS":"ACTV"}},{"type":"Feature","id":1236,"geometry":{"type":"Point","coordinates":[-78.36823499999997,44.267920000000025]},"properties":{"OBJECTID":1236,"stop_id":"1647","stop_name":"Brealey at Stenson","lines":"9 Parkhill (Eastbound)","Shelter_Y":"N","TransCab":"","Route_Type":"Regular","STATUS":"ACTV"}},{"type":"Feature","id":1237,"geometry":{"type":"Point","coordinates":[-78.365291999999968,44.297886000000027]},"properties":{"OBJECTID":1237,"stop_id":"1648","stop_name":"Ravenwood at Wildlark","lines":"4 Weller (Westbound)","Shelter_Y":"N","TransCab":"","Route_Type":"Regular","STATUS":"ACTV"}},{"type":"Feature","id":1239,"geometry":{"type":"Point","coordinates":[-78.304837189840754,44.338944857775438]},"properties":{"OBJECTID":1239,"stop_id":"1655","stop_name":"Cunningham at Bissonnette","lines":"7 Lansdowne (Westbound)","Shelter_Y":"N","TransCab":"","Route_Type":"Regular","STATUS":"ACTV"}},{"type":"Feature","id":1240,"geometry":{"type":"Point","coordinates":[-78.302287787872686,44.339207882376634]},"properties":{"OBJECTID":1240,"stop_id":"1656","stop_name":"Cunningham at Frances Stewart","lines":"7 Lansdowne (Westbound)","Shelter_Y":"N","TransCab":"","Route_Type":"Regular","STATUS":"ACTV"}},{"type":"Feature","id":1241,"geometry":{"type":"Point","coordinates":[-78.305120384290575,44.3368976175245]},"properties":{"OBJECTID":1241,"stop_id":"1657","stop_name":"Frances Stewart at Bissonnette","lines":"7 Lansdowne (Westbound)","Shelter_Y":"N","TransCab":"","Route_Type":"Regular","STATUS":"ACTV"}},{"type":"Feature","id":1242,"geometry":{"type":"Point","coordinates":[-78.307471844822928,44.28503765232292]},"properties":{"OBJECTID":1242,"stop_id":"1659","stop_name":"Southlawn at Humber","lines":"7 Lansdowne (Eastbound & Westbound)","Shelter_Y":"N","TransCab":"","Route_Type":"Regular","STATUS":"ACTV"}},{"type":"Feature","id":1243,"geometry":{"type":"Point","coordinates":[-78.30219082200577,44.284148777384729]},"properties":{"OBJECTID":1243,"stop_id":"1660","stop_name":"Southlawn at Otonabee","lines":"7 Lansdowne (Eastbound & Westbound)","Shelter_Y":"N","TransCab":"","Route_Type":"Regular","STATUS":"ACTV"}},{"type":"Feature","id":1244,"geometry":{"type":"Point","coordinates":[-78.364720913209013,44.277391470706576]},"properties":{"OBJECTID":1244,"stop_id":"1661","stop_name":"Lansdowne at Kawartha Heights","lines":"7 Lansdowne (Westbound)","Shelter_Y":"N","TransCab":"","Route_Type":"Regular","STATUS":"ACTV"}},{"type":"Feature","id":1245,"geometry":{"type":"Point","coordinates":[-78.371676675764292,44.275675692921006]},"properties":{"OBJECTID":1245,"stop_id":"1662","stop_name":"Lansdowne at Brealey","lines":"7 Lansdowne (Westbound)","Shelter_Y":"N","TransCab":"","Route_Type":"Regular ","STATUS":"ACTV"}},{"type":"Feature","id":1246,"geometry":{"type":"Point","coordinates":[-78.371528119422166,44.275561015253395]},"properties":{"OBJECTID":1246,"stop_id":"1663","stop_name":"Lansdowne at Brealey","lines":"7 Lansdowne (Eastbound)","Shelter_Y":"N","TransCab":"","Route_Type":"Regular","STATUS":"ACTV"}},{"type":"Feature","id":1247,"geometry":{"type":"Point","coordinates":[-78.329822593984275,44.285684677206973]},"properties":{"OBJECTID":1247,"stop_id":"1664","stop_name":"Lansdowne at Monaghan","lines":"7 Lansdowne (Eastbound)","Shelter_Y":"N","TransCab":"","Route_Type":"Regular","STATUS":"ACTV"}},{"type":"Feature","id":1249,"geometry":{"type":"Point","coordinates":[-78.30637001634615,44.336305503579794]},"properties":{"OBJECTID":1249,"stop_id":"1666","stop_name":"Frances Stewart at Scollard","lines":"7 Lansdowne (Eastbound)","Shelter_Y":"N","TransCab":"","Route_Type":"Regular","STATUS":"ACTV"}},{"type":"Feature","id":1250,"geometry":{"type":"Point","coordinates":[-78.302019038272604,44.339317293692076]},"properties":{"OBJECTID":1250,"stop_id":"1667","stop_name":"Frances Stewart at Cunningham","lines":"7 Lansdowne (Eastbound)","Shelter_Y":"N","TransCab":"","Route_Type":"Regular","STATUS":"ACTV"}},{"type":"Feature","id":1251,"geometry":{"type":"Point","coordinates":[-78.304416701082815,44.339125320250538]},"properties":{"OBJECTID":1251,"stop_id":"1668","stop_name":"Cunningham at Bissonnette","lines":"7 Lansdowne (Eastbound)","Shelter_Y":"N","TransCab":"","Route_Type":"Regular","STATUS":"ACTV"}},{"type":"Feature","id":1254,"geometry":{"type":"Point","coordinates":[-78.339491362479649,44.327145257323771]},"properties":{"OBJECTID":1254,"stop_id":"1671","stop_name":"Chemong at Towerhill","lines":"2 Chemong (Southbound)","Shelter_Y":"N","TransCab":"","Route_Type":"Regular","STATUS":"ACTV"}},{"type":"Feature","id":1255,"geometry":{"type":"Point","coordinates":[-78.335427881021943,44.322908473853573]},"properties":{"OBJECTID":1255,"stop_id":"1672","stop_name":"Chemong at Shopper's Drug Mart","lines":"2 Chemong (Southbound)","Shelter_Y":"N","TransCab":"","Route_Type":"Regular","STATUS":"ACTV"}},{"type":"Feature","id":1256,"geometry":{"type":"Point","coordinates":[-78.332758219601033,44.32017928133984]},"properties":{"OBJECTID":1256,"stop_id":"1673","stop_name":"Chemong at Applegrove","lines":"2 Chemong (Southbound)","Shelter_Y":"N","TransCab":"","Route_Type":"Regular","STATUS":"ACTV"}},{"type":"Feature","id":1257,"geometry":{"type":"Point","coordinates":[-78.331231063448513,44.318614432926857]},"properties":{"OBJECTID":1257,"stop_id":"1674","stop_name":"Chemong at Bellevue","lines":"2 Chemong (Southbound)","Shelter_Y":"N","TransCab":"","Route_Type":"Regular","STATUS":"ACTV"}},{"type":"Feature","id":1258,"geometry":{"type":"Point","coordinates":[-78.318071746781598,44.289851139292225]},"properties":{"OBJECTID":1258,"stop_id":"1675","stop_name":"George at Princess","lines":"10 Technology Drive (Inbound), 2 Chemong (Southbound), 12 Otonabee (Inbound)","Shelter_Y":"N","TransCab":"","Route_Type":"Regular","STATUS":"ACTV"}},{"type":"Feature","id":1259,"geometry":{"type":"Point","coordinates":[-78.315129576951321,44.283883220878707]},"properties":{"OBJECTID":1259,"stop_id":"1676","stop_name":"King George at Young","lines":"2 Chemong (Southbound)","Shelter_Y":"N","TransCab":"","Route_Type":"Regular","STATUS":"ACTV"}},{"type":"Feature","id":1260,"geometry":{"type":"Point","coordinates":[-78.317872352740636,44.283176036275236]},"properties":{"OBJECTID":1260,"stop_id":"1677","stop_name":"King George at Herman","lines":"2 Chemong (Southbound)","Shelter_Y":"N","TransCab":"","Route_Type":"Regular","STATUS":"ACTV"}},{"type":"Feature","id":1261,"geometry":{"type":"Point","coordinates":[-78.319968205645324,44.28267497656271]},"properties":{"OBJECTID":1261,"stop_id":"1678","stop_name":"King George at Park","lines":"2 Chemong (Southbound)","Shelter_Y":"N","TransCab":"","Route_Type":"Regular","STATUS":"ACTV"}},{"type":"Feature","id":1262,"geometry":{"type":"Point","coordinates":[-78.323627117230188,44.281737575969494]},"properties":{"OBJECTID":1262,"stop_id":"1679","stop_name":"King George at St Catherine","lines":"23 CB Red (Inbound), 2 Chemong (Southbound)","Shelter_Y":"N","TransCab":"","Route_Type":"Regular & Community Bus","STATUS":"ACTV"}},{"type":"Feature","id":1263,"geometry":{"type":"Point","coordinates":[-78.32979546100222,44.279177296135245]},"properties":{"OBJECTID":1263,"stop_id":"1680","stop_name":"McKellar at Survey","lines":"23 CB Red (Inbound), 2 Chemong (Southbound)","Shelter_Y":"N","TransCab":"","Route_Type":"Regular & Community Bus","STATUS":"ACTV"}},{"type":"Feature","id":1264,"geometry":{"type":"Point","coordinates":[-78.333747893964954,44.278292450367601]},"properties":{"OBJECTID":1264,"stop_id":"1681","stop_name":"McKellar at Erskine","lines":"23 CB Red (Inbound), 2 Chemong (Southbound)","Shelter_Y":"N","TransCab":"","Route_Type":"Regular & Community Bus","STATUS":"ACTV"}},{"type":"Feature","id":1265,"geometry":{"type":"Point","coordinates":[-78.334486274010658,44.281927248039807]},"properties":{"OBJECTID":1265,"stop_id":"1682","stop_name":"Lansdowne Place at Borden","lines":"2 Chemong (Northbound & Southbound)","Shelter_Y":"N","TransCab":"","Route_Type":"Regular","STATUS":"ACTV"}},{"type":"Feature","id":1266,"geometry":{"type":"Point","coordinates":[-78.334187181396103,44.278400695940228]},"properties":{"OBJECTID":1266,"stop_id":"1683","stop_name":"Erskine at McKellar","lines":"2 Chemong (Northbound)","Shelter_Y":"N","TransCab":"","Route_Type":"Regular","STATUS":"ACTV"}},{"type":"Feature","id":1267,"geometry":{"type":"Point","coordinates":[-78.329971323951781,44.278958794932727]},"properties":{"OBJECTID":1267,"stop_id":"1684","stop_name":"McKellar at Survey","lines":"2 Chemong (Northbound)","Shelter_Y":"N","TransCab":"","Route_Type":"Regular","STATUS":"ACTV"}},{"type":"Feature","id":1268,"geometry":{"type":"Point","coordinates":[-78.327157499377307,44.280713192654204]},"properties":{"OBJECTID":1268,"stop_id":"1685","stop_name":"Monaghan at King George","lines":"2 Chemong (Northbound), 8 Monaghan (Northbound)","Shelter_Y":"N","TransCab":"","Route_Type":"Regular","STATUS":"ACTV"}},{"type":"Feature","id":1269,"geometry":{"type":"Point","coordinates":[-78.32382780739627,44.281543687917662]},"properties":{"OBJECTID":1269,"stop_id":"1686","stop_name":"King George at St Catherine","lines":"2 Chemong (Northbound)","Shelter_Y":"N","TransCab":"","Route_Type":"Regular","STATUS":"ACTV"}},{"type":"Feature","id":1270,"geometry":{"type":"Point","coordinates":[-78.32022788506201,44.282472927192927]},"properties":{"OBJECTID":1270,"stop_id":"1687","stop_name":"King George at Park","lines":"2 Chemong (Northbound)","Shelter_Y":"N","TransCab":"","Route_Type":"Regular","STATUS":"ACTV"}},{"type":"Feature","id":1271,"geometry":{"type":"Point","coordinates":[-78.318241300337689,44.282908577385946]},"properties":{"OBJECTID":1271,"stop_id":"1688","stop_name":"King George at Herman","lines":"2 Chemong (Northbound)","Shelter_Y":"N","TransCab":"","Route_Type":"Regular","STATUS":"ACTV"}},{"type":"Feature","id":1272,"geometry":{"type":"Point","coordinates":[-78.315575999871385,44.283583999971874]},"properties":{"OBJECTID":1272,"stop_id":"1689","stop_name":"King George at Young","lines":"2 Chemong (Northbound)","Shelter_Y":"N","TransCab":"","Route_Type":"Regular","STATUS":"ACTV"}},{"type":"Feature","id":1273,"geometry":{"type":"Point","coordinates":[-78.313195888532022,44.284156299339543]},"properties":{"OBJECTID":1273,"stop_id":"1690","stop_name":"King George at Lock","lines":"2 Chemong (Northbound)","Shelter_Y":"N","TransCab":"","Route_Type":"Regular","STATUS":"ACTV"}},{"type":"Feature","id":1274,"geometry":{"type":"Point","coordinates":[-78.341691409347831,44.329746393572279]},"properties":{"OBJECTID":1274,"stop_id":"1691","stop_name":"Chemong at Milroy","lines":"2 Chemong (Northbound)","Shelter_Y":"N","TransCab":"","Route_Type":"Regular","STATUS":"ACTV"}},{"type":"Feature","id":1275,"geometry":{"type":"Point","coordinates":[-78.338889000001274,44.331230000002904]},"properties":{"OBJECTID":1275,"stop_id":"1692","stop_name":"Milroy at Rowberry","lines":"22 CB Blue (Inbound), 2 Chemong (Northbound)","Shelter_Y":"N","TransCab":"","Route_Type":"Regular & Community Bus","STATUS":"ACTV"}},{"type":"Feature","id":1276,"geometry":{"type":"Point","coordinates":[-78.333670895690318,44.331588090426102]},"properties":{"OBJECTID":1276,"stop_id":"1693","stop_name":"Towerhill at Milroy","lines":"22 CB Blue (Inbound), 8 Monaghan (Northbound)","Shelter_Y":"N","TransCab":"","Route_Type":"Regular & Community Bus","STATUS":"ACTV"}},{"type":"Feature","id":1277,"geometry":{"type":"Point","coordinates":[-78.310402093615949,44.344884217877613]},"properties":{"OBJECTID":1277,"stop_id":"1694","stop_name":"Cumberland at Carnegie","lines":"3 Park (Northbound), 6 Sherbrooke (Eastbound)","Shelter_Y":"N","TransCab":"","Route_Type":"Regular","STATUS":"ACTV"}},{"type":"Feature","id":1278,"geometry":{"type":"Point","coordinates":[-78.319626202676162,44.338668985428022]},"properties":{"OBJECTID":1278,"stop_id":"1695","stop_name":"Royal at Notte","lines":"3 Park (Southbound)","Shelter_Y":"N","TransCab":"","Route_Type":"Regular","STATUS":"ACTV"}},{"type":"Feature","id":1279,"geometry":{"type":"Point","coordinates":[-78.324394000001334,44.320402000002915]},"properties":{"OBJECTID":1279,"stop_id":"1696","stop_name":"Barnardo at Bennet","lines":"3 Park (Southbound)","Shelter_Y":"N","TransCab":"","Route_Type":"Regular","STATUS":"ACTV"}},{"type":"Feature","id":1280,"geometry":{"type":"Point","coordinates":[-78.324839147240638,44.319419354802776]},"properties":{"OBJECTID":1280,"stop_id":"1697","stop_name":"Wolsely at Benson","lines":"3 Park (Southbound)","Shelter_Y":"N","TransCab":"","Route_Type":"Regular","STATUS":"ACTV"}},{"type":"Feature","id":1281,"geometry":{"type":"Point","coordinates":[-78.327089172588117,44.318286526463332]},"properties":{"OBJECTID":1281,"stop_id":"1698","stop_name":"Wolsely at Aylmer","lines":"3 Park (Southbound)","Shelter_Y":"N","TransCab":"","Route_Type":"Regular","STATUS":"ACTV"}},{"type":"Feature","id":1282,"geometry":{"type":"Point","coordinates":[-78.330020467666046,44.316908226508112]},"properties":{"OBJECTID":1282,"stop_id":"1699","stop_name":"Wolsely at Chemong","lines":"3 Park (Southbound)","Shelter_Y":"N","TransCab":"","Route_Type":"Regular","STATUS":"ACTV"}},{"type":"Feature","id":1283,"geometry":{"type":"Point","coordinates":[-78.334130567472897,44.314946020057597]},"properties":{"OBJECTID":1283,"stop_id":"1700","stop_name":"Wolsely at Donegal","lines":"3 Park (Southbound)","Shelter_Y":"N","TransCab":"","Route_Type":"Regular","STATUS":"ACTV"}},{"type":"Feature","id":1284,"geometry":{"type":"Point","coordinates":[-78.329330534156668,44.303204133088698]},"properties":{"OBJECTID":1284,"stop_id":"1701","stop_name":"Park at Charlotte","lines":"3 Park (Southbound)","Shelter_Y":"N","TransCab":"","Route_Type":"Regular","STATUS":"ACTV"}},{"type":"Feature","id":1285,"geometry":{"type":"Point","coordinates":[-78.328749542558299,44.301987514302979]},"properties":{"OBJECTID":1285,"stop_id":"1702","stop_name":"Park at King","lines":"3 Park (Southbound)","Shelter_Y":"N","TransCab":"","Route_Type":"Regular","STATUS":"ACTV"}},{"type":"Feature","id":1286,"geometry":{"type":"Point","coordinates":[-78.327700923578305,44.300051010726662]},"properties":{"OBJECTID":1286,"stop_id":"1703","stop_name":"Park at Sherbrooke","lines":"3 Park (Southbound)","Shelter_Y":"N","TransCab":"","Route_Type":"Regular","STATUS":"ACTV"}},{"type":"Feature","id":1287,"geometry":{"type":"Point","coordinates":[-78.328664058712064,44.293094337412825]},"properties":{"OBJECTID":1287,"stop_id":"1704","stop_name":"Chamberlain at Brewer","lines":"3 Park (Southbound)","Shelter_Y":"N","TransCab":"","Route_Type":"Regular","STATUS":"ACTV"}},{"type":"Feature","id":1288,"geometry":{"type":"Point","coordinates":[-78.332313622885451,44.2921893591935]},"properties":{"OBJECTID":1288,"stop_id":"1705","stop_name":"Chamberlain at Monaghan","lines":"3 Park (Southbound)","Shelter_Y":"N","TransCab":"","Route_Type":"Regular","STATUS":"ACTV"}},{"type":"Feature","id":1289,"geometry":{"type":"Point","coordinates":[-78.336013259972944,44.291234792508071]},"properties":{"OBJECTID":1289,"stop_id":"1706","stop_name":"Chamberlain at High","lines":"3 Park (Southbound)","Shelter_Y":"N","TransCab":"","Route_Type":"Regular","STATUS":"ACTV"}},{"type":"Feature","id":1290,"geometry":{"type":"Point","coordinates":[-78.339185205045979,44.289906756072682]},"properties":{"OBJECTID":1290,"stop_id":"1707","stop_name":"Chamberlain at Ford","lines":"3 Park (Southbound)","Shelter_Y":"N","TransCab":"","Route_Type":"Regular","STATUS":"ACTV"}},{"type":"Feature","id":1291,"geometry":{"type":"Point","coordinates":[-78.34267078574149,44.288980981323419]},"properties":{"OBJECTID":1291,"stop_id":"1708","stop_name":"Chamberlain at Goodfellow","lines":"3 Park (Southbound)","Shelter_Y":"N","TransCab":"","Route_Type":"Regular","STATUS":"ACTV"}},{"type":"Feature","id":1292,"geometry":{"type":"Point","coordinates":[-78.341768615003275,44.286249945144462]},"properties":{"OBJECTID":1292,"stop_id":"1709","stop_name":"Goodfellow at St Mary's","lines":"3 Park (Southbound)","Shelter_Y":"N","TransCab":"","Route_Type":"Regular","STATUS":"ACTV"}},{"type":"Feature","id":1294,"geometry":{"type":"Point","coordinates":[-78.336033279120755,44.290536136032628]},"properties":{"OBJECTID":1294,"stop_id":"1711","stop_name":"Chamberlain at High","lines":"3 Park (Northbound)","Shelter_Y":"N","TransCab":"","Route_Type":"Regular","STATUS":"ACTV"}},{"type":"Feature","id":1295,"geometry":{"type":"Point","coordinates":[-78.32641167301486,44.294618206088813]},"properties":{"OBJECTID":1295,"stop_id":"1713","stop_name":"Albert at Park","lines":"3 Park (Northbound)","Shelter_Y":"N","TransCab":"","Route_Type":"Regular","STATUS":"ACTV"}},{"type":"Feature","id":1296,"geometry":{"type":"Point","coordinates":[-78.328354226126791,44.301762151006429]},"properties":{"OBJECTID":1296,"stop_id":"1714","stop_name":"King at Park","lines":"3 Park (Northbound)","Shelter_Y":"N","TransCab":"","Route_Type":"Regular","STATUS":"ACTV"}},{"type":"Feature","id":1297,"geometry":{"type":"Point","coordinates":[-78.332247456507645,44.309094240413764]},"properties":{"OBJECTID":1297,"stop_id":"1715","stop_name":"Park at McDonnel","lines":"3 Park (Northbound)","Shelter_Y":"N","TransCab":"","Route_Type":"Regular","STATUS":"ACTV"}},{"type":"Feature","id":1298,"geometry":{"type":"Point","coordinates":[-78.326704825366278,44.318281057681531]},"properties":{"OBJECTID":1298,"stop_id":"1716","stop_name":"Wolsely at Aylmer","lines":"3 Park (Northbound)","Shelter_Y":"N","TransCab":"","Route_Type":"Regular","STATUS":"ACTV"}},{"type":"Feature","id":1299,"geometry":{"type":"Point","coordinates":[-78.323454481781638,44.319960818675646]},"properties":{"OBJECTID":1299,"stop_id":"1717","stop_name":"Wolsely at Barnardo","lines":"3 Park (Northbound)","Shelter_Y":"N","TransCab":"","Route_Type":"Regular","STATUS":"ACTV"}},{"type":"Feature","id":1300,"geometry":{"type":"Point","coordinates":[-78.324403610528449,44.332732900863363]},"properties":{"OBJECTID":1300,"stop_id":"1718","stop_name":"St. Paul's at Hilliard","lines":"3 Park (Northbound)","Shelter_Y":"N","TransCab":"","Route_Type":"Regular","STATUS":"ACTV"}},{"type":"Feature","id":1301,"geometry":{"type":"Point","coordinates":[-78.319719363407359,44.338216287125938]},"properties":{"OBJECTID":1301,"stop_id":"1719","stop_name":"Royal at Notte","lines":"3 Park (Northbound)","Shelter_Y":"N","TransCab":"","Route_Type":"Regular","STATUS":"ACTV"}},{"type":"Feature","id":1302,"geometry":{"type":"Point","coordinates":[-78.318263853714711,44.339860222166713]},"properties":{"OBJECTID":1302,"stop_id":"1720","stop_name":"Royal at Algonquin","lines":"3 Park (Northbound)","Shelter_Y":"N","TransCab":"","Route_Type":"Regular","STATUS":"ACTV"}},{"type":"Feature","id":1303,"geometry":{"type":"Point","coordinates":[-78.302866741405268,44.309850079453]},"properties":{"OBJECTID":1303,"stop_id":"1721","stop_name":"Peterborough Museum","lines":"4 Weller (Eastbound & Westbound)","Shelter_Y":"N","TransCab":"","Route_Type":"Regular","STATUS":"ACTV"}},{"type":"Feature","id":1304,"geometry":{"type":"Point","coordinates":[-78.338392290162091,44.305726004411632]},"properties":{"OBJECTID":1304,"stop_id":"1722","stop_name":"Monaghan at Hopkins","lines":"4 Weller (Westbound)","Shelter_Y":"N","TransCab":"","Route_Type":"Regular","STATUS":"ACTV"}},{"type":"Feature","id":1305,"geometry":{"type":"Point","coordinates":[-78.337785701352203,44.304448301126733]},"properties":{"OBJECTID":1305,"stop_id":"1723","stop_name":"Monaghan at Weller","lines":"4 Weller (Westbound)","Shelter_Y":"N","TransCab":"","Route_Type":"Regular","STATUS":"ACTV"}},{"type":"Feature","id":1306,"geometry":{"type":"Point","coordinates":[-78.350832786237007,44.30103186908763]},"properties":{"OBJECTID":1306,"stop_id":"1726","stop_name":"Weller at Sherwood","lines":"4 Weller (Westbound)","Shelter_Y":"N","TransCab":"","Route_Type":"Regular","STATUS":"ACTV"}},{"type":"Feature","id":1307,"geometry":{"type":"Point","coordinates":[-78.353008776136704,44.300487528817975]},"properties":{"OBJECTID":1307,"stop_id":"1727","stop_name":"Weller at Wallis","lines":"4 Weller (Westbound)","Shelter_Y":"N","TransCab":"","Route_Type":"Regular","STATUS":"ACTV"}},{"type":"Feature","id":1308,"geometry":{"type":"Point","coordinates":[-78.35581787801101,44.299657685685503]},"properties":{"OBJECTID":1308,"stop_id":"1728","stop_name":"Weller at Hawthorne","lines":"4 Weller (Westbound)","Shelter_Y":"N","TransCab":"","Route_Type":"Regular","STATUS":"ACTV"}},{"type":"Feature","id":1309,"geometry":{"type":"Point","coordinates":[-78.359776157925651,44.298165461187544]},"properties":{"OBJECTID":1309,"stop_id":"1729","stop_name":"Weller at Fair","lines":"4 Weller (Westbound)","Shelter_Y":"N","TransCab":"","Route_Type":"Regular","STATUS":"ACTV"}},{"type":"Feature","id":1313,"geometry":{"type":"Point","coordinates":[-78.36818192988197,44.295587583656108]},"properties":{"OBJECTID":1313,"stop_id":"1733","stop_name":"Glenforest at Woodglade","lines":"4 Weller (Westbound)","Shelter_Y":"N","TransCab":"","Route_Type":"Regular","STATUS":"ACTV"}},{"type":"Feature","id":1324,"geometry":{"type":"Point","coordinates":[-78.338325243153065,44.306164694593924]},"properties":{"OBJECTID":1324,"stop_id":"1745","stop_name":"Monaghan at Murray","lines":"4 Weller (Eastbound)","Shelter_Y":"N","TransCab":"","Route_Type":"Regular","STATUS":"ACTV"}},{"type":"Feature","id":1330,"geometry":{"type":"Point","coordinates":[-78.352052188315852,44.261742487032144]},"properties":{"OBJECTID":1330,"stop_id":"1751","stop_name":"Americredit at Fisher","lines":"5 The Parkway (Southbound)","Shelter_Y":"N","TransCab":"","Route_Type":"Regular","STATUS":"ACTV"}},{"type":"Feature","id":1331,"geometry":{"type":"Point","coordinates":[-78.352976035204705,44.259652720995035]},"properties":{"OBJECTID":1331,"stop_id":"1752","stop_name":" 1961 Fisher Dr","lines":"5 The Parkway (Southbound)","Shelter_Y":"N","TransCab":"","Route_Type":"Regular","STATUS":"ACTV"}},{"type":"Feature","id":1332,"geometry":{"type":"Point","coordinates":[-78.354724555790639,44.258229947021412]},"properties":{"OBJECTID":1332,"stop_id":"1753","stop_name":"Fisher at Major Bennett","lines":"5 The Parkway (Southbound)","Shelter_Y":"N","TransCab":"","Route_Type":"Regular","STATUS":"ACTV"}},{"type":"Feature","id":1336,"geometry":{"type":"Point","coordinates":[-78.355266263095146,44.2627662040423]},"properties":{"OBJECTID":1336,"stop_id":"1757","stop_name":"Americredit at Jameson","lines":"5 The Parkway (Northbound)","Shelter_Y":"N","TransCab":"","Route_Type":"Regular","STATUS":"ACTV"}},{"type":"Feature","id":1337,"geometry":{"type":"Point","coordinates":[-78.350897507031434,44.264491924303734]},"properties":{"OBJECTID":1337,"stop_id":"1758","stop_name":"Jameson at Fisher","lines":"5 The Parkway (Northbound)","Shelter_Y":"N","TransCab":"","Route_Type":"Regular","STATUS":"ACTV"}},{"type":"Feature","id":1345,"geometry":{"type":"Point","coordinates":[-78.34642282065137,44.295455821123682]},"properties":{"OBJECTID":1345,"stop_id":"1766","stop_name":"Sherbrooke at Goodfellow","lines":"6 Sherbrooke (Westbound)","Shelter_Y":"N","TransCab":"","Route_Type":"Regular","STATUS":"ACTV"}},{"type":"Feature","id":1346,"geometry":{"type":"Point","coordinates":[-78.371040438876818,44.273462812536387]},"properties":{"OBJECTID":1346,"stop_id":"1767","stop_name":"Brealey at Wellness Centre","lines":"9 Parkhill (Westbound)","Shelter_Y":"N","TransCab":"","Route_Type":"Regular","STATUS":"ACTV"}},{"type":"Feature","id":1347,"geometry":{"type":"Point","coordinates":[-78.369837755379024,44.271313146769721]},"properties":{"OBJECTID":1347,"stop_id":"1768","stop_name":"Brealey at Forster","lines":"9 Parkhill (Eastbound)","Shelter_Y":"N","TransCab":"","Route_Type":"Regular","STATUS":"ACTV"}},{"type":"Feature","id":1348,"geometry":{"type":"Point","coordinates":[-78.371099365415731,44.273997658096832]},"properties":{"OBJECTID":1348,"stop_id":"1769","stop_name":"Brealey at Wellness Centre","lines":"9 Parkhill (Eastbound)","Shelter_Y":"N","TransCab":"","Route_Type":"Regular","STATUS":"ACTV"}},{"type":"Feature","id":1350,"geometry":{"type":"Point","coordinates":[-78.322632983018352,44.329307105778632]},"properties":{"OBJECTID":1350,"stop_id":"1771","stop_name":"Hilliard at Oriole","lines":"6 Sherbrooke (Eastbound)","Shelter_Y":"N","TransCab":"","Route_Type":"Regular","STATUS":"ACTV"}},{"type":"Feature","id":1351,"geometry":{"type":"Point","coordinates":[-78.34047580131498,44.315752464930775]},"properties":{"OBJECTID":1351,"stop_id":"1772","stop_name":"Fairbairn at Highland","lines":"8 Monaghan (Southbound)","Shelter_Y":"N","TransCab":"","Route_Type":"Regular","STATUS":"ACTV"}},{"type":"Feature","id":1352,"geometry":{"type":"Point","coordinates":[-78.337302885733308,44.311702881383148]},"properties":{"OBJECTID":1352,"stop_id":"1773","stop_name":"Fairbairn at Parkhill","lines":"8 Monaghan (Southbound)","Shelter_Y":"N","TransCab":"","Route_Type":"Regular","STATUS":"ACTV"}},{"type":"Feature","id":1353,"geometry":{"type":"Point","coordinates":[-78.340456867506887,44.31084931245352]},"properties":{"OBJECTID":1353,"stop_id":"1774","stop_name":"Parkhill at Monaghan","lines":"8 Monaghan (Southbound), 9 Parkhill (Westbound)","Shelter_Y":"N","TransCab":"","Route_Type":"Regular","STATUS":"ACTV"}},{"type":"Feature","id":1354,"geometry":{"type":"Point","coordinates":[-78.345112790990598,44.307497674751751]},"properties":{"OBJECTID":1354,"stop_id":"1775","stop_name":"Medical at St Peter's","lines":"8 Monaghan (Southbound)","Shelter_Y":"N","TransCab":"","Route_Type":"Regular","STATUS":"ACTV"}},{"type":"Feature","id":1355,"geometry":{"type":"Point","coordinates":[-78.345634780892325,44.30244003390537]},"properties":{"OBJECTID":1355,"stop_id":"1776","stop_name":"Medical at Weller","lines":"8 Monaghan (Southbound)","Shelter_Y":"N","TransCab":"","Route_Type":"Regular","STATUS":"ACTV"}},{"type":"Feature","id":1356,"geometry":{"type":"Point","coordinates":[-78.333784086482268,44.271509584630223]},"properties":{"OBJECTID":1356,"stop_id":"1777","stop_name":"Crawford at Mountain Ash","lines":"8 Monaghan (Southbound)","Shelter_Y":"N","TransCab":"","Route_Type":"Regular","STATUS":"ACTV"}},{"type":"Feature","id":1357,"geometry":{"type":"Point","coordinates":[-78.338746065675451,44.270354515103499]},"properties":{"OBJECTID":1357,"stop_id":"1778","stop_name":"Crawford at Crawford Rail Trail","lines":"8 Monaghan (Southbound)","Shelter_Y":"N","TransCab":"","Route_Type":"Regular","STATUS":"ACTV"}},{"type":"Feature","id":1358,"geometry":{"type":"Point","coordinates":[-78.34019869918184,44.269828188632665]},"properties":{"OBJECTID":1358,"stop_id":"1782","stop_name":"Crawford at Costco","lines":"8 Monaghan (Northbound)","Shelter_Y":"N","TransCab":"","Route_Type":"Regular","STATUS":"ACTV"}},{"type":"Feature","id":1359,"geometry":{"type":"Point","coordinates":[-78.333722790738165,44.271376545216647]},"properties":{"OBJECTID":1359,"stop_id":"1783","stop_name":"Crawford at Mountain Ash","lines":"8 Monaghan (Northbound)","Shelter_Y":"N","TransCab":"","Route_Type":"Regular","STATUS":"ACTV"}},{"type":"Feature","id":1360,"geometry":{"type":"Point","coordinates":[-78.330532326510081,44.272093534850939]},"properties":{"OBJECTID":1360,"stop_id":"1784","stop_name":"Crawford at Stocker","lines":"8 Monaghan (Northbound)","Shelter_Y":"N","TransCab":"","Route_Type":"Regular","STATUS":"ACTV"}},{"type":"Feature","id":1361,"geometry":{"type":"Point","coordinates":[-78.326405014196766,44.273067019702907]},"properties":{"OBJECTID":1361,"stop_id":"1785","stop_name":"Crawford at Barbara","lines":"8 Monaghan (Northbound)","Shelter_Y":"N","TransCab":"","Route_Type":"Regular","STATUS":"ACTV"}},{"type":"Feature","id":1362,"geometry":{"type":"Point","coordinates":[-78.32421852891639,44.274294447027735]},"properties":{"OBJECTID":1362,"stop_id":"1786","stop_name":"Monaghan at Harold","lines":"8 Monaghan (Northbound)","Shelter_Y":"N","TransCab":"","Route_Type":"Regular","STATUS":"ACTV"}},{"type":"Feature","id":1363,"geometry":{"type":"Point","coordinates":[-78.325325970206222,44.276658921863302]},"properties":{"OBJECTID":1363,"stop_id":"1787","stop_name":"Monaghan at Cameron","lines":"8 Monaghan (Northbound)","Shelter_Y":"N","TransCab":"","Route_Type":"Regular","STATUS":"ACTV"}},{"type":"Feature","id":1364,"geometry":{"type":"Point","coordinates":[-78.326229616796496,44.278648018078364]},"properties":{"OBJECTID":1364,"stop_id":"1788","stop_name":"Monaghan at Howden","lines":"8 Monaghan (Northbound)","Shelter_Y":"N","TransCab":"","Route_Type":"Regular","STATUS":"ACTV"}},{"type":"Feature","id":1365,"geometry":{"type":"Point","coordinates":[-78.328305210850019,44.283064266770332]},"properties":{"OBJECTID":1365,"stop_id":"1789","stop_name":"Monaghan at Braidwood","lines":"8 Monaghan (Northbound)","Shelter_Y":"N","TransCab":"","Route_Type":"Regular","STATUS":"ACTV"}},{"type":"Feature","id":1366,"geometry":{"type":"Point","coordinates":[-78.329250025165749,44.285145049154238]},"properties":{"OBJECTID":1366,"stop_id":"1790","stop_name":"Monaghan at Lansdowne Place","lines":"8 Monaghan (Northbound)","Shelter_Y":"N","TransCab":"","Route_Type":"Regular","STATUS":"ACTV"}},{"type":"Feature","id":1367,"geometry":{"type":"Point","coordinates":[-78.332499972508586,44.292448803601353]},"properties":{"OBJECTID":1367,"stop_id":"1791","stop_name":"Monaghan at Chamberlain","lines":"3 Park (Northbound), 8 Monaghan (Northbound)","Shelter_Y":"N","TransCab":"","Route_Type":"Regular","STATUS":"ACTV"}},{"type":"Feature","id":1368,"geometry":{"type":"Point","coordinates":[-78.340833599377163,44.310600439589429]},"properties":{"OBJECTID":1368,"stop_id":"1792","stop_name":"Parkhill at Monaghan","lines":"22 CB Blue (Inbound), 23 CB Red (Inbound), 8 Monaghan (Northbound), 9 Parkhill (Eastbound)","Shelter_Y":"N","TransCab":"","Route_Type":"Regular & Community Bus","STATUS":"ACTV"}},{"type":"Feature","id":1369,"geometry":{"type":"Point","coordinates":[-78.337898279526684,44.312855803929907]},"properties":{"OBJECTID":1369,"stop_id":"1793","stop_name":"Fairburn at Wolsely","lines":"8 Monaghan (Northbound)","Shelter_Y":"N","TransCab":"","Route_Type":"Regular","STATUS":"ACTV"}},{"type":"Feature","id":1370,"geometry":{"type":"Point","coordinates":[-78.340107216523137,44.315679001011951]},"properties":{"OBJECTID":1370,"stop_id":"1794","stop_name":"Fairbairn at Highland","lines":"8 Monaghan (Northbound)","Shelter_Y":"N","TransCab":"","Route_Type":"Regular","STATUS":"ACTV"}},{"type":"Feature","id":1371,"geometry":{"type":"Point","coordinates":[-78.344109597557917,44.31691030770439]},"properties":{"OBJECTID":1371,"stop_id":"1795","stop_name":"Fairbairn at Raymond","lines":"8 Monaghan (Northbound)","Shelter_Y":"N","TransCab":"","Route_Type":"Regular","STATUS":"ACTV"}},{"type":"Feature","id":1372,"geometry":{"type":"Point","coordinates":[-78.346768226683153,44.317652409645866]},"properties":{"OBJECTID":1372,"stop_id":"1796","stop_name":"Fairbairn at Hillside","lines":"8 Monaghan (Northbound)","Shelter_Y":"N","TransCab":"","Route_Type":"Regular","STATUS":"ACTV"}},{"type":"Feature","id":1374,"geometry":{"type":"Point","coordinates":[-78.351177094953414,44.32190433765512]},"properties":{"OBJECTID":1374,"stop_id":"1798","stop_name":"Fairbairn at Towerhill","lines":"8 Monaghan (Northbound)","Shelter_Y":"N","TransCab":"","Route_Type":"Regular","STATUS":"ACTV"}},{"type":"Feature","id":1375,"geometry":{"type":"Point","coordinates":[-78.344881846169145,44.325488829453612]},"properties":{"OBJECTID":1375,"stop_id":"1799","stop_name":"Towerhill at Hillview","lines":"8 Monaghan (Northbound)","Shelter_Y":"N","TransCab":"","Route_Type":"Regular","STATUS":"ACTV"}},{"type":"Feature","id":1376,"geometry":{"type":"Point","coordinates":[-78.33941550045958,44.326870503533684]},"properties":{"OBJECTID":1376,"stop_id":"1800","stop_name":"Towerhill at Chemong","lines":"8 Monaghan (Northbound)","Shelter_Y":"N","TransCab":"","Route_Type":"Regular","STATUS":"ACTV"}},{"type":"Feature","id":1377,"geometry":{"type":"Point","coordinates":[-78.33743349483737,44.328381318530859]},"properties":{"OBJECTID":1377,"stop_id":"1801","stop_name":"Towerhill at Haden","lines":"8 Monaghan (Northbound)","Shelter_Y":"N","TransCab":"","Route_Type":"Regular","STATUS":"ACTV"}},{"type":"Feature","id":1378,"geometry":{"type":"Point","coordinates":[-78.335053291149933,44.3301269058462]},"properties":{"OBJECTID":1378,"stop_id":"1802","stop_name":"Towerhill at Brittany","lines":"8 Monaghan (Northbound)","Shelter_Y":"N","TransCab":"","Route_Type":"Regular","STATUS":"ACTV"}},{"type":"Feature","id":1382,"geometry":{"type":"Point","coordinates":[-78.331686568991699,44.312929196826083]},"properties":{"OBJECTID":1382,"stop_id":"1806","stop_name":"Parkhill at Donegal","lines":"9 Parkhill (Westbound)","Shelter_Y":"N","TransCab":"","Route_Type":"Regular","STATUS":"ACTV"}},{"type":"Feature","id":1383,"geometry":{"type":"Point","coordinates":[-78.334025497453297,44.312331906915574]},"properties":{"OBJECTID":1383,"stop_id":"1807","stop_name":"Parkhill at Park","lines":"9 Parkhill (Westbound)","Shelter_Y":"N","TransCab":"","Route_Type":"Regular","STATUS":"ACTV"}},{"type":"Feature","id":1384,"geometry":{"type":"Point","coordinates":[-78.336876727121165,44.311646325051349]},"properties":{"OBJECTID":1384,"stop_id":"1808","stop_name":"Parkhill at Fairbairn","lines":"9 Parkhill (Westbound)","Shelter_Y":"N","TransCab":"","Route_Type":"Regular","STATUS":"ACTV"}},{"type":"Feature","id":1385,"geometry":{"type":"Point","coordinates":[-78.364770022005914,44.29626408739167]},"properties":{"OBJECTID":1385,"stop_id":"1809","stop_name":"Ravenwood at Glenforest","lines":"4 Weller (Westbound)","Shelter_Y":"N","TransCab":"","Route_Type":"Regular","STATUS":"ACTV"}},{"type":"Feature","id":1387,"geometry":{"type":"Point","coordinates":[-78.365774342160591,44.289302504089328]},"properties":{"OBJECTID":1387,"stop_id":"1811","stop_name":"Woodglade at Lynhaven","lines":"6 Sherbrooke (Westbound)","Shelter_Y":"N","TransCab":"","Route_Type":"Regular","STATUS":"ACTV"}},{"type":"Feature","id":1388,"geometry":{"type":"Point","coordinates":[-78.367257616068258,44.286796641417631]},"properties":{"OBJECTID":1388,"stop_id":"1812","stop_name":"Woodglade at Kawartha Heights","lines":"6 Sherbrooke (Westbound)","Shelter_Y":"N","TransCab":"","Route_Type":"Regular","STATUS":"ACTV"}},{"type":"Feature","id":1389,"geometry":{"type":"Point","coordinates":[-78.363327118408534,44.283089749355504]},"properties":{"OBJECTID":1389,"stop_id":"1813","stop_name":"Kawartha Heights at Cherryhill","lines":"6 Sherbrooke (Westbound)","Shelter_Y":"N","TransCab":"","Route_Type":"Regular","STATUS":"ACTV"}},{"type":"Feature","id":1391,"geometry":{"type":"Point","coordinates":[-78.36514011787034,44.277422332601041]},"properties":{"OBJECTID":1391,"stop_id":"1815","stop_name":"Kawartha Heights at Lansdowne","lines":"6 Sherbrooke (Westbound)","Shelter_Y":"N","TransCab":"","Route_Type":"Regular","STATUS":"ACTV"}},{"type":"Feature","id":1393,"geometry":{"type":"Point","coordinates":[-78.364157846912988,44.268870284159249]},"properties":{"OBJECTID":1393,"stop_id":"1817","stop_name":"Stenson at Pinewood","lines":"6 Sherbrooke (Eastbound)","Shelter_Y":"N","TransCab":"","Route_Type":"Regular","STATUS":"ACTV"}},{"type":"Feature","id":1394,"geometry":{"type":"Point","coordinates":[-78.361393823409443,44.269289939429079]},"properties":{"OBJECTID":1394,"stop_id":"1818","stop_name":"Fortye at Spillsbury","lines":"6 Sherbrooke (Eastbound)","Shelter_Y":"N","TransCab":"","Route_Type":"Regular","STATUS":"ACTV"}},{"type":"Feature","id":1395,"geometry":{"type":"Point","coordinates":[-78.364604000001279,44.276634000002922]},"properties":{"OBJECTID":1395,"stop_id":"1819","stop_name":"Spillsbury at Lansdowne","lines":"6 Sherbrooke (Eastbound)","Shelter_Y":"N","TransCab":"","Route_Type":"Regular","STATUS":"ACTV"}},{"type":"Feature","id":1396,"geometry":{"type":"Point","coordinates":[-78.364675659522803,44.280045067391903]},"properties":{"OBJECTID":1396,"stop_id":"1820","stop_name":"Kawartha Heights at Springbrook","lines":"6 Sherbrooke (Eastbound)","Shelter_Y":"N","TransCab":"","Route_Type":"Regular","STATUS":"ACTV"}},{"type":"Feature","id":1397,"geometry":{"type":"Point","coordinates":[-78.363088606841075,44.28284715801184]},"properties":{"OBJECTID":1397,"stop_id":"1821","stop_name":"Kawartha Heights at Cherryhill","lines":"6 Sherbrooke (Eastbound)","Shelter_Y":"N","TransCab":"","Route_Type":"Regular","STATUS":"ACTV"}},{"type":"Feature","id":1399,"geometry":{"type":"Point","coordinates":[-78.365344966929527,44.288435701249277]},"properties":{"OBJECTID":1399,"stop_id":"1823","stop_name":"Woodglade at Oakwood","lines":"6 Sherbrooke (Eastbound)","Shelter_Y":"N","TransCab":"","Route_Type":"Regular","STATUS":"ACTV"}},{"type":"Feature","id":1400,"geometry":{"type":"Point","coordinates":[-78.366014006884612,44.290658319814746]},"properties":{"OBJECTID":1400,"stop_id":"1824","stop_name":"Woodglade at Sherbrooke","lines":"6 Sherbrooke (Eastbound)","Shelter_Y":"N","TransCab":"","Route_Type":"Regular","STATUS":"ACTV"}},{"type":"Feature","id":1404,"geometry":{"type":"Point","coordinates":[-78.359629023958135,44.306573710376902]},"properties":{"OBJECTID":1404,"stop_id":"1828","stop_name":"1045 Parkhill","lines":"9 Parkhill (Eastbound)","Shelter_Y":"N","TransCab":"","Route_Type":"Regular","STATUS":"ACTV"}},{"type":"Feature","id":1405,"geometry":{"type":"Point","coordinates":[-78.356536231349111,44.307259276970477]},"properties":{"OBJECTID":1405,"stop_id":"1829","stop_name":"Parkhill at Wallis","lines":"9 Parkhill (Eastbound)","Shelter_Y":"N","TransCab":"","Route_Type":"Regular","STATUS":"ACTV"}},{"type":"Feature","id":1406,"geometry":{"type":"Point","coordinates":[-78.352173737451452,44.308164570799555]},"properties":{"OBJECTID":1406,"stop_id":"1830","stop_name":"Parkhill at Crowley W","lines":"9 Parkhill (Eastbound)","Shelter_Y":"N","TransCab":"","Route_Type":"Regular","STATUS":"ACTV"}},{"type":"Feature","id":1407,"geometry":{"type":"Point","coordinates":[-78.34732414542944,44.309199851421681]},"properties":{"OBJECTID":1407,"stop_id":"1831","stop_name":"Parkhill at Pinehill","lines":"9 Parkhill (Eastbound)","Shelter_Y":"N","TransCab":"","Route_Type":"Regular","STATUS":"ACTV"}},{"type":"Feature","id":1408,"geometry":{"type":"Point","coordinates":[-78.337275182577841,44.311395415198426]},"properties":{"OBJECTID":1408,"stop_id":"1833","stop_name":"Parkhill at Fairbairn","lines":"22 CB Blue (Inbound), 9 Parkhill (Eastbound)","Shelter_Y":"N","TransCab":"","Route_Type":"Regular & Community Bus","STATUS":"ACTV"}},{"type":"Feature","id":1409,"geometry":{"type":"Point","coordinates":[-78.334638000001277,44.311991000002941]},"properties":{"OBJECTID":1409,"stop_id":"1834","stop_name":"Parkhill at Park","lines":"22 CB Blue (Inbound), 9 Parkhill (Eastbound)","Shelter_Y":"N","TransCab":"","Route_Type":"Regular & Community Bus","STATUS":"ACTV"}},{"type":"Feature","id":1410,"geometry":{"type":"Point","coordinates":[-78.331268092451253,44.312887038258246]},"properties":{"OBJECTID":1410,"stop_id":"1835","stop_name":"Parkhill at Donegal","lines":"22 CB Blue (Inbound), 9 Parkhill (Eastbound)","Shelter_Y":"N","TransCab":"","Route_Type":"Regular & Community Bus","STATUS":"ACTV"}},{"type":"Feature","id":1411,"geometry":{"type":"Point","coordinates":[-78.328614725823741,44.313586344380298]},"properties":{"OBJECTID":1411,"stop_id":"1836","stop_name":"Parkhill at Reid","lines":"9 Parkhill (Eastbound)","Shelter_Y":"N","TransCab":"","Route_Type":"Regular","STATUS":"ACTV"}},{"type":"Feature","id":1415,"geometry":{"type":"Point","coordinates":[-78.315739542991807,44.328879333480749]},"properties":{"OBJECTID":1415,"stop_id":"1840","stop_name":"Water at Peterborough Retirement","lines":"11 Water (Southbound), 22 CB Blue (Inbound)","Shelter_Y":"N","TransCab":"","Route_Type":"Regular & Community Bus","STATUS":"ACTV"}},{"type":"Feature","id":1416,"geometry":{"type":"Point","coordinates":[-78.306394926619717,44.273996945995471]},"properties":{"OBJECTID":1416,"stop_id":"1841","stop_name":"Neal at Bensfort","lines":"10 Technology Drive (Inbound)","Shelter_Y":"N","TransCab":"","Route_Type":"Regular","STATUS":"ACTV"}},{"type":"Feature","id":1417,"geometry":{"type":"Point","coordinates":[-78.292552589477467,44.281005131867353]},"properties":{"OBJECTID":1417,"stop_id":"1842","stop_name":"O'Brien at Technology","lines":"10 Technology Drive (Inbound)","Shelter_Y":"N","TransCab":"","Route_Type":"Regular","STATUS":"ACTV"}},{"type":"Feature","id":1418,"geometry":{"type":"Point","coordinates":[-78.309169164820702,44.277860770823267]},"properties":{"OBJECTID":1418,"stop_id":"1843","stop_name":"Bensfort at Collison","lines":"7 Lansdowne (Eastbound & Westbound), 12 Otonabee (Inbound)","Shelter_Y":"N","TransCab":"","Route_Type":"Regular","STATUS":"ACTV"}},{"type":"Feature","id":1419,"geometry":{"type":"Point","coordinates":[-78.310415782135152,44.280437557637114]},"properties":{"OBJECTID":1419,"stop_id":"1844","stop_name":"Bensfort at Highland Park Funeral Ctr","lines":"7 Lansdowne (Eastbound & Westbound), 12 Otonabee (Inbound)","Shelter_Y":"N","TransCab":"","Route_Type":"Regular","STATUS":"ACTV"}},{"type":"Feature","id":1420,"geometry":{"type":"Point","coordinates":[-78.304244458773923,44.280216857138498]},"properties":{"OBJECTID":1420,"stop_id":"1845","stop_name":"Otonabee at Crystal","lines":"7 Lansdowne (Eastbound)","Shelter_Y":"N","TransCab":"     ","Route_Type":"Regular","STATUS":"ACTV"}},{"type":"Feature","id":1424,"geometry":{"type":"Point","coordinates":[-78.359846142764042,44.26316533070046]},"properties":{"OBJECTID":1424,"stop_id":"1370","stop_name":"Spillsbury at Parcells","lines":"8 Monaghan (Southbound), Pheonix (Southbound)","Shelter_Y":"N","TransCab":null,"Route_Type":"Regular","STATUS":"ACTV"}},{"type":"Feature","id":1425,"geometry":{"type":"Point","coordinates":[-78.359202420926053,44.264836421394008]},"properties":{"OBJECTID":1425,"stop_id":"1369","stop_name":"Spillsbury at Whittington","lines":"8 Monaghan (Southbound), Pheonix (Southbound)","Shelter_Y":"N","TransCab":null,"Route_Type":"Regular","STATUS":"ACTV"}},{"type":"Feature","id":1430,"geometry":{"type":"Point","coordinates":[-78.348919429999967,44.285928690000027]},"properties":{"OBJECTID":1430,"stop_id":"1846","stop_name":"Clonsilla at Wentworth","lines":"3 Park (Northbound)","Shelter_Y":"N","TransCab":null,"Route_Type":"Regular","STATUS":"ACTV"}},{"type":"Feature","id":1435,"geometry":{"type":"Point","coordinates":[-78.308561490630439,44.335872961702556]},"properties":{"OBJECTID":1435,"stop_id":"1851","stop_name":"Frances Stewart at Armour","lines":"7 Lansdowne (Westbound)","Shelter_Y":"N","TransCab":null,"Route_Type":"Regular","STATUS":"ACTV"}},{"type":"Feature","id":1436,"geometry":{"type":"Point","coordinates":[-78.342319208418189,44.310308635520336]},"properties":{"OBJECTID":1436,"stop_id":"1848","stop_name":"701 Parkhill","lines":"22 CB Blue (Inbound), 23 CB Red (Inbound), 8 Monaghan (Northbound), 9 Parkhill (Eastbound)","Shelter_Y":"N","TransCab":null,"Route_Type":"Regular & Community Bus","STATUS":"ACTV"}},{"type":"Feature","id":1437,"geometry":{"type":"Point","coordinates":[-78.319300000001249,44.296719000002902]},"properties":{"OBJECTID":1437,"stop_id":"1853","stop_name":"George at Townsend","lines":"10 Technology Drive (Inbound), 2 Chemong (Southbound), 12 Otonabee (Inbound)","Shelter_Y":"N","TransCab":null,"Route_Type":"Regular","STATUS":"ACTV"}},{"type":"Feature","id":1443,"geometry":{"type":"Point","coordinates":[-78.367802995880865,44.295506693221654]},"properties":{"OBJECTID":1443,"stop_id":"1318","stop_name":"Glenforest at Woodglade","lines":"4 Weller (Eastbound)","Shelter_Y":"N","TransCab":" ","Route_Type":"Regular","STATUS":"ACTV"}},{"type":"Feature","id":1444,"geometry":{"type":"Point","coordinates":[-78.363044185901927,44.295667659276333]},"properties":{"OBJECTID":1444,"stop_id":"1201","stop_name":"Glenforest at Glenforest Cres","lines":"4 Weller (Eastbound)","Shelter_Y":"N","TransCab":" ","Route_Type":"Regular","STATUS":"ACTV"}},{"type":"Feature","id":1445,"geometry":{"type":"Point","coordinates":[-78.360152111249718,44.295463450644938]},"properties":{"OBJECTID":1445,"stop_id":"1202","stop_name":"Fair at Bobolink","lines":"4 Weller (Eastbound)","Shelter_Y":"N","TransCab":" ","Route_Type":"Regular","STATUS":"ACTV"}},{"type":"Feature","id":1446,"geometry":{"type":"Point","coordinates":[-78.36108183568598,44.300587925807676]},"properties":{"OBJECTID":1446,"stop_id":"1856","stop_name":"Fair at Thornhill","lines":"4 Weller (Westbound)","Shelter_Y":"N","TransCab":" ","Route_Type":"Regular","STATUS":"ACTV"}},{"type":"Feature","id":1448,"geometry":{"type":"Point","coordinates":[-78.371818000001255,44.303789000002901]},"properties":{"OBJECTID":1448,"stop_id":"1858","stop_name":"Parkhill at Chandler","lines":"9 Parkhill (Westbound)","Shelter_Y":"N","TransCab":" ","Route_Type":"Regular","STATUS":"ACTV"}},{"type":"Feature","id":1450,"geometry":{"type":"Point","coordinates":[-78.343717000000012,44.332711000000131]},"properties":{"OBJECTID":1450,"stop_id":"1862","stop_name":"Broadway at Grange Way","lines":"2 Chemong (Southbound)","Shelter_Y":"N","TransCab":" ","Route_Type":"Regular","STATUS":"ACTV"}},{"type":"Feature","id":1451,"geometry":{"type":"Point","coordinates":[-78.339029000001275,44.332307000003041]},"properties":{"OBJECTID":1451,"stop_id":"1860","stop_name":"Rowberry at Grange Way","lines":"2 Chemong (Northbound)","Shelter_Y":"N","TransCab":" ","Route_Type":"Regular","STATUS":"ACTV"}},{"type":"Feature","id":1452,"geometry":{"type":"Point","coordinates":[-78.341093414598902,44.334179281078654]},"properties":{"OBJECTID":1452,"stop_id":"1861","stop_name":"Rowberry at Broadway","lines":"2 Chemong (Northbound & Southbound)","Shelter_Y":"N","TransCab":" ","Route_Type":"Regular","STATUS":"ACTV"}},{"type":"Feature","id":1453,"geometry":{"type":"Point","coordinates":[-78.323018682780173,44.331905175954958]},"properties":{"OBJECTID":1453,"stop_id":"1865","stop_name":"Hilliard at Marina","lines":"6 Sherbrooke (Eastbound)","Shelter_Y":"N","TransCab":" ","Route_Type":"Regular","STATUS":"ACTV"}},{"type":"Feature","id":1455,"geometry":{"type":"Point","coordinates":[-78.315372691734765,44.334940889887456]},"properties":{"OBJECTID":1455,"stop_id":"1613","stop_name":"Water at Marina","lines":"11 Water (Southbound), 8 Monaghan (Southbound)","Shelter_Y":"N","TransCab":" ","Route_Type":"Regular","STATUS":"ACTV"}},{"type":"Feature","id":1456,"geometry":{"type":"Point","coordinates":[-78.315393389925731,44.33453667516558]},"properties":{"OBJECTID":1456,"stop_id":"1607","stop_name":"Water at Marina","lines":"11 Water (Northbound)","Shelter_Y":"Y","TransCab":" ","Route_Type":"Regular","STATUS":"ACTV"}},{"type":"Feature","id":1457,"geometry":{"type":"Point","coordinates":[-78.311628178722302,44.344726309591067]},"properties":{"OBJECTID":1457,"stop_id":"1866","stop_name":"Cumberland at Montcalm","lines":"3 Park (Northbound), 6 Sherbrooke (Eastbound)","Shelter_Y":"N","TransCab":" ","Route_Type":"Regular","STATUS":"ACTV"}},{"type":"Feature","id":1458,"geometry":{"type":"Point","coordinates":[-78.307240353995297,44.306757114220687]},"properties":{"OBJECTID":1458,"stop_id":"1859","stop_name":"Rogers at Hunter","lines":"4 Weller (Eastbound)","Shelter_Y":"N","TransCab":" ","Route_Type":"Regular","STATUS":"ACTV"}},{"type":"Feature","id":1513,"geometry":{"type":"Point","coordinates":[-78.351472364393857,44.283613452208833]},"properties":{"OBJECTID":1513,"stop_id":"1867","stop_name":"Clonsilla Ave at Summit Plaza ","lines":"3 Park (Northbound & Southbound)","Shelter_Y":"N","TransCab":null,"Route_Type":"Regular","STATUS":"ACTV"}},{"type":"Feature","id":1514,"geometry":{"type":"Point","coordinates":[-78.349758466064088,44.323141926016838]},"properties":{"OBJECTID":1514,"stop_id":"1868","stop_name":"Towerhill at Northview Church","lines":"8 Monaghan (Northbound)","Shelter_Y":"N","TransCab":null,"Route_Type":"Regular","STATUS":"ACTV"}},{"type":"Feature","id":1516,"geometry":{"type":"Point","coordinates":[-78.337500716790942,44.304223054895111]},"properties":{"OBJECTID":1516,"stop_id":"1871","stop_name":"Monaghan at Weller","lines":"4 Weller (Eastbound)","Shelter_Y":"N","TransCab":"","Route_Type":"Regular","STATUS":"ACTV"}},{"type":"Feature","id":1517,"geometry":{"type":"Point","coordinates":[-78.34147189384062,44.299858549007787]},"properties":{"OBJECTID":1517,"stop_id":"1869","stop_name":"Hospital at Victory","lines":"4 Weller (Eastbound)","Shelter_Y":"N","TransCab":"","Route_Type":"Regular","STATUS":"ACTV"}},{"type":"Feature","id":1518,"geometry":{"type":"Point","coordinates":[-78.33639074802862,44.301843043812589]},"properties":{"OBJECTID":1518,"stop_id":"1870","stop_name":"Monaghan at Gilmour","lines":"4 Weller (Eastbound)","Shelter_Y":"N","TransCab":"","Route_Type":"Regular","STATUS":"ACTV"}},{"type":"Feature","id":1519,"geometry":{"type":"Point","coordinates":[-78.382947000001195,44.300268000002909]},"properties":{"OBJECTID":1519,"stop_id":"1873","stop_name":"Brealey at Parkhill","lines":"9 Parkhill (Westbound)","Shelter_Y":"N","TransCab":null,"Route_Type":"Regular","STATUS":"ACTV"}},{"type":"Feature","id":1520,"geometry":{"type":"Point","coordinates":[-78.328020220000013,44.305728350000017]},"properties":{"OBJECTID":1520,"stop_id":"1872","stop_name":"Reid at Hunter","lines":"2 Chemong (Southbound)","Shelter_Y":"N","TransCab":null,"Route_Type":"Regular","STATUS":"ACTV"}},{"type":"Feature","id":1522,"geometry":{"type":"Point","coordinates":[-78.345190289999991,44.309651360000039]},"properties":{"OBJECTID":1522,"stop_id":"1874","stop_name":"Parkhill at Medical","lines":"9 Parkhill (Eastbound)","Shelter_Y":"N","TransCab":null,"Route_Type":"Regular","STATUS":"ACTV"}},{"type":"Feature","id":1525,"geometry":{"type":"Point","coordinates":[-78.380222443070622,44.295100123674928]},"properties":{"OBJECTID":1525,"stop_id":"1880","stop_name":"Brealey at Ireland","lines":"9 Parkhill (Westbound)","Shelter_Y":"N","TransCab":null,"Route_Type":"Regular","STATUS":"ACTV"}},{"type":"Feature","id":1526,"geometry":{"type":"Point","coordinates":[-78.379921000184794,44.295401000059876]},"properties":{"OBJECTID":1526,"stop_id":"1884","stop_name":"Brealey at Ireland","lines":"9 Parkhill (Eastbound)","Shelter_Y":"N","TransCab":null,"Route_Type":"Regular","STATUS":"ACTV"}},{"type":"Feature","id":1527,"geometry":{"type":"Point","coordinates":[-78.378709000001237,44.291844000002925]},"properties":{"OBJECTID":1527,"stop_id":"1881","stop_name":"Brealey at Glenforest","lines":"9 Parkhill (Westbound)","Shelter_Y":"N","TransCab":null,"Route_Type":"Regular","STATUS":"ACTV"}},{"type":"Feature","id":1528,"geometry":{"type":"Point","coordinates":[-78.3782000000012,44.291666000002955]},"properties":{"OBJECTID":1528,"stop_id":"1883","stop_name":"Brealey at Glenforest","lines":"9 Parkhill (Eastbound)","Shelter_Y":"N","TransCab":null,"Route_Type":"Regular","STATUS":"ACTV"}},{"type":"Feature","id":1529,"geometry":{"type":"Point","coordinates":[-78.372845000001263,44.303491000003049]},"properties":{"OBJECTID":1529,"stop_id":"1882","stop_name":"Parkhill at Chandler ","lines":"9 Parkhill (Eastbound)","Shelter_Y":"N","TransCab":null,"Route_Type":"Regular","STATUS":"ACTV"}},{"type":"Feature","id":1530,"geometry":{"type":"Point","coordinates":[-78.37391400000125,44.293140000002964]},"properties":{"OBJECTID":1530,"stop_id":"1879","stop_name":"Glenforest at Denure","lines":"4 Weller (Westbound)","Shelter_Y":"N","TransCab":null,"Route_Type":"Regular","STATUS":"ACTV"}},{"type":"Feature","id":1568,"geometry":{"type":"Point","coordinates":[-78.304767000000012,44.278571000000014]},"properties":{"OBJECTID":1568,"stop_id":"1517","stop_name":"Middlefield at Otonabee","lines":"12 Otonabee (Inbound)","Shelter_Y":"N","TransCab":null,"Route_Type":"Regular","STATUS":"ACTV"}},{"type":"Feature","id":1569,"geometry":{"type":"Point","coordinates":[-78.301922999999988,44.279170000000065]},"properties":{"OBJECTID":1569,"stop_id":"1516","stop_name":"Middlefield at Milford","lines":"12 Otonabee (Inbound)","Shelter_Y":"N","TransCab":null,"Route_Type":"Regular","STATUS":"ACTV"}},{"type":"Feature","id":1570,"geometry":{"type":"Point","coordinates":[-78.299680066177601,44.280679238432498]},"properties":{"OBJECTID":1570,"stop_id":"1514","stop_name":"Middlefield at Kiwanis","lines":"12 Otonabee (Inbound)","Shelter_Y":"Y","TransCab":null,"Route_Type":"Regular","STATUS":"ACTV"}},{"type":"Feature","id":1571,"geometry":{"type":"Point","coordinates":[-78.29989599198035,44.28299495369982]},"properties":{"OBJECTID":1571,"stop_id":"1512","stop_name":"Milford at Middlefield","lines":"12 Otonabee (Inbound)","Shelter_Y":"N","TransCab":null,"Route_Type":"Regular","STATUS":"ACTV"}},{"type":"Feature","id":1572,"geometry":{"type":"Point","coordinates":[-78.299739999999986,44.287254000000004]},"properties":{"OBJECTID":1572,"stop_id":"1509","stop_name":"Otonabee at Terrace","lines":"12 Otonabee (Inbound)","Shelter_Y":"N","TransCab":null,"Route_Type":"Regular","STATUS":"ACTV"}},{"type":"Feature","id":1573,"geometry":{"type":"Point","coordinates":[-78.296709289944843,44.288463059121391]},"properties":{"OBJECTID":1573,"stop_id":"1508","stop_name":"Ashburnham at Corrigan Crescent","lines":"12 Otonabee (Inbound)","Shelter_Y":"N","TransCab":null,"Route_Type":"Regular","STATUS":"ACTV"}},{"type":"Feature","id":1574,"geometry":{"type":"Point","coordinates":[-78.30206299999999,44.284325000000052]},"properties":{"OBJECTID":1574,"stop_id":"1510","stop_name":"Otonabee at Southlawn","lines":"12 Otonabee (Inbound)","Shelter_Y":"N","TransCab":null,"Route_Type":"Regular","STATUS":"ACTV"}},{"type":"Feature","id":1587,"geometry":{"type":"Point","coordinates":[-78.301509999999965,44.307883000000032]},"properties":{"OBJECTID":1587,"stop_id":"1543","stop_name":"Hunter at Liftlocks","lines":"7 Lansdowne (Westbound) May - October","Shelter_Y":"N","TransCab":"","Route_Type":"Regular","STATUS":"ACTV"}},{"type":"Feature","id":1588,"geometry":{"type":"Point","coordinates":[-78.300629000000029,44.305967999999993]},"properties":{"OBJECTID":1588,"stop_id":"1544","stop_name":"Ashburnham at Liftlocks","lines":"7 Lansdowne (Westbound) May - October","Shelter_Y":"N","TransCab":"","Route_Type":"Regular","STATUS":"ACTV"}},{"type":"Feature","id":1589,"geometry":{"type":"Point","coordinates":[-78.302114000000017,44.303197999999995]},"properties":{"OBJECTID":1589,"stop_id":"1545","stop_name":"Ashburnham at Maniece","lines":"7 Lansdowne (Westbound) May - October","Shelter_Y":"N","TransCab":"","Route_Type":"Regular","STATUS":"ACTV"}},{"type":"Feature","id":1590,"geometry":{"type":"Point","coordinates":[-78.301955999999976,44.303131999999991]},"properties":{"OBJECTID":1590,"stop_id":"1568","stop_name":"Ashburnham at Maniece","lines":"7 Lansdowne (Eastbound) May - October","Shelter_Y":"N","TransCab":"","Route_Type":"Regular","STATUS":"ACTV"}},{"type":"Feature","id":1591,"geometry":{"type":"Point","coordinates":[-78.300413999999989,44.305997000000026]},"properties":{"OBJECTID":1591,"stop_id":"1569","stop_name":"Ashburnham at Liftlocks","lines":"7 Lansdowne (Eastbound) May - October","Shelter_Y":"N","TransCab":"","Route_Type":"Regular","STATUS":"ACTV"}},{"type":"Feature","id":1592,"geometry":{"type":"Point","coordinates":[-78.301508999999982,44.307987000000004]},"properties":{"OBJECTID":1592,"stop_id":"1570","stop_name":"Hunter at Liftlocks","lines":"7 Lansdowne (Eastbound) May - October","Shelter_Y":"N","TransCab":"","Route_Type":"Regular","STATUS":"ACTV"}},{"type":"Feature","id":1598,"geometry":{"type":"Point","coordinates":[-78.338544000001249,44.331564000003013]},"properties":{"OBJECTID":1598,"stop_id":"1670","stop_name":"Milroy at Rowberry","lines":"2 Chemong (Southbound)","Shelter_Y":"N","TransCab":"","Route_Type":"Regular","STATUS":"ACTV"}},{"type":"Feature","id":1632,"geometry":{"type":"Point","coordinates":[-78.322029000000001,44.304643000000027]},"properties":{"OBJECTID":1632,"stop_id":"0011","stop_name":"Simcoe at Peterborough Terminal","lines":null,"Shelter_Y":"N","TransCab":null,"Route_Type":"Regular","STATUS":"ACTV"}},{"type":"Feature","id":1633,"geometry":{"type":"Point","coordinates":[-78.305359999999965,44.289279000000064]},"properties":{"OBJECTID":1633,"stop_id":"1506","stop_name":"Lansdowne at River Rd","lines":null,"Shelter_Y":"N","TransCab":null,"Route_Type":"Regular","STATUS":"ACTV"}},{"type":"Feature","id":1639,"geometry":{"type":"Point","coordinates":[-78.327325999999985,44.311830000000043]},"properties":{"OBJECTID":1639,"stop_id":"9991","stop_name":"Dublin at Traill College","lines":null,"Shelter_Y":"N","TransCab":null,"Route_Type":"Regular","STATUS":"ACTV"}},{"type":"Feature","id":1640,"geometry":{"type":"Point","coordinates":[-78.329001999999946,44.313660000000091]},"properties":{"OBJECTID":1640,"stop_id":"9996","stop_name":"Parkhill at Reid Temporary","lines":null,"Shelter_Y":"N","TransCab":null,"Route_Type":"Regular","STATUS":"ACTV"}},{"type":"Feature","id":1641,"geometry":{"type":"Point","coordinates":[-78.318697999999969,44.316058000000069]},"properties":{"OBJECTID":1641,"stop_id":"9997","stop_name":"Parkhill at Elcombe Temporary","lines":null,"Shelter_Y":"N","TransCab":null,"Route_Type":"Regular","STATUS":"ACTV"}},{"type":"Feature","id":1645,"geometry":{"type":"Point","coordinates":[-78.31917299999995,44.316549000000037]},"properties":{"OBJECTID":1645,"stop_id":"place_GeoPkh","stop_name":"George at Parkhill","lines":null,"Shelter_Y":"N","TransCab":null,"Route_Type":"Regular","STATUS":"ACTV"}},{"type":"Feature","id":1646,"geometry":{"type":"Point","coordinates":[-78.321845999999923,44.304634000000085]},"properties":{"OBJECTID":1646,"stop_id":"place_PtboTm","stop_name":"Peterborough Terminal","lines":null,"Shelter_Y":"N","TransCab":null,"Route_Type":"Regular","STATUS":"ACTV"}},{"type":"Feature","id":1647,"geometry":{"type":"Point","coordinates":[-78.322029000000001,44.304643000000027]},"properties":{"OBJECTID":1647,"stop_id":"0011","stop_name":"Simcoe at Peterborough Terminal","lines":null,"Shelter_Y":"N","TransCab":null,"Route_Type":"Regular","STATUS":"ACTV"}},{"type":"Feature","id":1648,"geometry":{"type":"Point","coordinates":[-78.305359999999965,44.289279000000064]},"properties":{"OBJECTID":1648,"stop_id":"1506","stop_name":"Lansdowne at River Rd","lines":null,"Shelter_Y":"N","TransCab":null,"Route_Type":"Regular","STATUS":"ACTV"}},{"type":"Feature","id":1654,"geometry":{"type":"Point","coordinates":[-78.327325999999985,44.311830000000043]},"properties":{"OBJECTID":1654,"stop_id":"9991","stop_name":"Dublin at Traill College","lines":null,"Shelter_Y":"N","TransCab":null,"Route_Type":"Regular","STATUS":"ACTV"}},{"type":"Feature","id":1655,"geometry":{"type":"Point","coordinates":[-78.329001999999946,44.313660000000091]},"properties":{"OBJECTID":1655,"stop_id":"9996","stop_name":"Parkhill at Reid Temporary","lines":null,"Shelter_Y":"N","TransCab":null,"Route_Type":"Regular","STATUS":"ACTV"}},{"type":"Feature","id":1656,"geometry":{"type":"Point","coordinates":[-78.318697999999969,44.316058000000069]},"properties":{"OBJECTID":1656,"stop_id":"9997","stop_name":"Parkhill at Elcombe Temporary","lines":null,"Shelter_Y":"N","TransCab":null,"Route_Type":"Regular","STATUS":"ACTV"}},{"type":"Feature","id":1658,"geometry":{"type":"Point","coordinates":[-78.322029000000001,44.304643000000027]},"properties":{"OBJECTID":1658,"stop_id":"0011","stop_name":"Simcoe at Peterborough Terminal","lines":null,"Shelter_Y":"N","TransCab":null,"Route_Type":"Regular","STATUS":"ACTV"}},{"type":"Feature","id":1659,"geometry":{"type":"Point","coordinates":[-78.305359999999965,44.289279000000064]},"properties":{"OBJECTID":1659,"stop_id":"1506","stop_name":"Lansdowne at River Rd","lines":null,"Shelter_Y":"N","TransCab":null,"Route_Type":"Regular","STATUS":"ACTV"}},{"type":"Feature","id":1660,"geometry":{"type":"Point","coordinates":[-78.365108999999947,44.305472000000044]},"properties":{"OBJECTID":1660,"stop_id":"1885","stop_name":"Parkhill at Ravenwood","lines":"9 Parkhill (Westbound)","Shelter_Y":"N","TransCab":null,"Route_Type":"Regular","STATUS":"ACTV"}},{"type":"Feature","id":1661,"geometry":{"type":"Point","coordinates":[-78.365267999999944,44.305267000000057]},"properties":{"OBJECTID":1661,"stop_id":"1886","stop_name":"Parkhill at Ravenwood","lines":"9 Parkhill (Eastbound)","Shelter_Y":"N","TransCab":null,"Route_Type":"Regular","STATUS":"ACTV"}},{"type":"Feature","id":1662,"geometry":{"type":"Point","coordinates":[-78.295062999999971,44.27936200000002]},"properties":{"OBJECTID":1662,"stop_id":"1887","stop_name":"Neal Drive at Pido Road","lines":"10 Technology (Westbound)","Shelter_Y":"N","TransCab":null,"Route_Type":"Regular","STATUS":"ACTV"}},{"type":"Feature","id":1663,"geometry":{"type":"Point","coordinates":[-78.36530499999995,44.278790000000072]},"properties":{"OBJECTID":1663,"stop_id":"1888","stop_name":"Kawartha Heights at Applewood Crescent","lines":"6 Sherbrooke (Northbound)","Shelter_Y":"N","TransCab":null,"Route_Type":"Regular","STATUS":"ACTV"}},{"type":"Feature","id":1664,"geometry":{"type":"Point","coordinates":[-78.364017999999987,44.303399000000113]},"properties":{"OBJECTID":1664,"stop_id":"1889","stop_name":"Fair Ave at Ravenwood","lines":"4 Weller (Northbound","Shelter_Y":"N","TransCab":null,"Route_Type":"Regular","STATUS":"ACTV"}},{"type":"Feature","id":1665,"geometry":{"type":"Point","coordinates":[-78.327325999999985,44.311830000000043]},"properties":{"OBJECTID":1665,"stop_id":"9991","stop_name":"Dublin at Traill College","lines":null,"Shelter_Y":"N","TransCab":null,"Route_Type":"Regular","STATUS":"ACTV"}},{"type":"Feature","id":1666,"geometry":{"type":"Point","coordinates":[-78.329001999999946,44.313660000000091]},"properties":{"OBJECTID":1666,"stop_id":"9996","stop_name":"Parkhill at Reid Temporary","lines":null,"Shelter_Y":"N","TransCab":null,"Route_Type":"Regular","STATUS":"ACTV"}},{"type":"Feature","id":1667,"geometry":{"type":"Point","coordinates":[-78.318697999999969,44.316058000000069]},"properties":{"OBJECTID":1667,"stop_id":"9997","stop_name":"Parkhill at Elcombe Temporary","lines":null,"Shelter_Y":"N","TransCab":null,"Route_Type":"Regular","STATUS":"ACTV"}},{"type":"Feature","id":1676,"geometry":{"type":"Point","coordinates":[-78.349427000001214,44.301213000002996]},"properties":{"OBJECTID":1676,"stop_id":"1893","stop_name":"Weller at PRHC Walkwy","lines":"4 Weller","Shelter_Y":"N","TransCab":null,"Route_Type":"Regular","STATUS":"ACTV"}},{"type":"Feature","id":1678,"geometry":{"type":"Point","coordinates":[-78.361792328162821,44.270562690138711]},"properties":{"OBJECTID":1678,"stop_id":"1896","stop_name":"Spillsbury at Kingdon","lines":"6 Sherbrooke (Eastbound)","Shelter_Y":"N","TransCab":null,"Route_Type":"Regular","STATUS":"ACTV"}},{"type":"Feature","id":1680,"geometry":{"type":"Point","coordinates":[-78.382947000001238,44.300495000002968]},"properties":{"OBJECTID":1680,"stop_id":"1898","stop_name":"Brealey at Parkhill","lines":"9 Parkhill ","Shelter_Y":"N","TransCab":null,"Route_Type":"Regular","STATUS":"ACTV"}},{"type":"Feature","id":2071,"geometry":{"type":"Point","coordinates":[-78.347750000001284,44.298455000002953]},"properties":{"OBJECTID":2071,"stop_id":"1905","stop_name":"PRHC at South Entrance","lines":"22 CB Blue (Inbound), 23 CB Red (Inbound), 4 Weller (Eastbound & Westbound), 8 Monaghan (Northbound & Southbound)","Shelter_Y":"N","TransCab":null,"Route_Type":"Regular","STATUS":"ACTV"}},{"type":"Feature","id":2088,"geometry":{"type":"Point","coordinates":[-78.318119782061984,44.343038385660833]},"properties":{"OBJECTID":2088,"stop_id":"1903","stop_name":"Royal at Cumberland","lines":"3 Park (Northbound)","Shelter_Y":"N","TransCab":null,"Route_Type":"Regular","STATUS":"ACTV"}},{"type":"Feature","id":2089,"geometry":{"type":"Point","coordinates":[-78.344822447008838,44.298510222964119]},"properties":{"OBJECTID":2089,"stop_id":"1904","stop_name":"Alexander at Extendicare","lines":"22 CB Blue (Inbound), 23 CB Red (Inbound), 4 Weller (Eastbound & Westbound), 8 Monaghan (Northbound & Southbound)","Shelter_Y":"N","TransCab":null,"Route_Type":"Regular & Community Bus","STATUS":"ACTV"}},{"type":"Feature","id":2093,"geometry":{"type":"Point","coordinates":[-78.345234000001241,44.269281000002955]},"properties":{"OBJECTID":2093,"stop_id":"1908","stop_name":"The Parkway at Crawford Drive EB","lines":"8 Monaghan (Eastboound)","Shelter_Y":"N","TransCab":null,"Route_Type":"Regular","STATUS":"ACTV"}},{"type":"Feature","id":2469,"geometry":{"type":"Point","coordinates":[-78.354796190523786,44.319671077549962]},"properties":{"OBJECTID":2469,"stop_id":"1902","stop_name":"Lily Lake Road at York","lines":"8 Monaghan (Northbound)","Shelter_Y":"N","TransCab":null,"Route_Type":"Regular","STATUS":"ACTV"}},{"type":"Feature","id":2480,"geometry":{"type":"Point","coordinates":[-78.348650000001271,44.299734000002928]},"properties":{"OBJECTID":2480,"stop_id":"1900","stop_name":"PRHC at Main Entrance Walkway","lines":"22 CB Blue (Inbound), 23 CB Red (Inbound), 4 Weller (Eastbound), 8 Monaghan (Southbound)","Shelter_Y":"N","TransCab":null,"Route_Type":"Regular & Community Bus","STATUS":"ACTV"}},{"type":"Feature","id":2481,"geometry":{"type":"Point","coordinates":[-78.348093000001271,44.301060000002977]},"properties":{"OBJECTID":2481,"stop_id":"1901","stop_name":"PRHC at Emergency","lines":"22 CB Blue (Inbound), 23 CB Red (Inbound), 4 Weller (Eastbound & Westbound), 8 Monaghan (Northbound & Southbound)","Shelter_Y":"Y","TransCab":null,"Route_Type":"Regular & Community Bus","STATUS":"ACTV"}},{"type":"Feature","id":2482,"geometry":{"type":"Point","coordinates":[-78.346146463862269,44.300908712096792]},"properties":{"OBJECTID":2482,"stop_id":"1898","stop_name":"PRHC at Helipad","lines":"22 CB Blue (Inbound), 23 CB Red (Inbound), 4 Weller (Eastbound), 8 Monaghan (Northbound)","Shelter_Y":"N","TransCab":null,"Route_Type":"Regular & Community Bus","STATUS":"ACTV"}},{"type":"Feature","id":2894,"geometry":{"type":"Point","coordinates":[-78.351405000001193,44.266233000002963]},"properties":{"OBJECTID":2894,"stop_id":"1907","stop_name":"Fleming at Fisher Drive WB","lines":"8 Monaghan (Westbound)","Shelter_Y":"N","TransCab":null,"Route_Type":"Regular","STATUS":"ACTV"}},{"type":"Feature","id":2895,"geometry":{"type":"Point","coordinates":[-78.350728000001197,44.26648400000294]},"properties":{"OBJECTID":2895,"stop_id":"1906","stop_name":"Fleming at Fisher Drive EB","lines":"8 Monaghan (Eastbound)","Shelter_Y":"N","TransCab":null,"Route_Type":"Regular","STATUS":"ACTV"}},{"type":"Feature","id":2896,"geometry":{"type":"Point","coordinates":[-78.315641999569493,44.277655000282152]},"properties":{"OBJECTID":2896,"stop_id":"1910","stop_name":"Southpark Drive at Collison Crescent","lines":"12 Otonabee","Shelter_Y":"N","TransCab":null,"Route_Type":"Regular","STATUS":"ACTV"}},{"type":"Feature","id":2900,"geometry":{"type":"Point","coordinates":[-78.314473000037054,44.279356999563319]},"properties":{"OBJECTID":2900,"stop_id":"1909","stop_name":"Maxwell Ave at Sherin Ave","lines":"12 Otonabee","Shelter_Y":"N","TransCab":null,"Route_Type":"Regular","STATUS":"ACTV"}},{"type":"Feature","id":2901,"geometry":{"type":"Point","coordinates":[-78.31169699964201,44.280548999986969]},"properties":{"OBJECTID":2901,"stop_id":"1916","stop_name":"Maxwell Ave at Barker Ave","lines":"12 Otonabee","Shelter_Y":"N","TransCab":null,"Route_Type":"Regular","STATUS":"ACTV"}},{"type":"Feature","id":2902,"geometry":{"type":"Point","coordinates":[-78.309527999769585,44.278023999692032]},"properties":{"OBJECTID":2902,"stop_id":"1911","stop_name":"Collison Ave at Bensfort Road","lines":"12 Otonabee ","Shelter_Y":"N","TransCab":null,"Route_Type":"Regular","STATUS":"ACTV"}},{"type":"Feature","id":3297,"geometry":{"type":"Point","coordinates":[-78.343425999999951,44.332716000000069]},"properties":{"OBJECTID":3297,"stop_id":"1912","stop_name":"Broadway at Grange Way","lines":"2 Chemong","Shelter_Y":"N","TransCab":null,"Route_Type":"Regular","STATUS":"ACTV"}},{"type":"Feature","id":3299,"geometry":{"type":"Point","coordinates":[-78.340470999999937,44.333541000000061]},"properties":{"OBJECTID":3299,"stop_id":"1913","stop_name":"Rowberry at Haylock Gardens","lines":"2 Chemong","Shelter_Y":"N","TransCab":null,"Route_Type":"Regular","STATUS":"ACTV"}},{"type":"Feature","id":4100,"geometry":{"type":"Point","coordinates":[-78.335777000377675,44.331618000281971]},"properties":{"OBJECTID":4100,"stop_id":"1915","stop_name":"Milroy at Ferguson","lines":"22 CB Blue (Inbound), 2 Chemong (Northbound)","Shelter_Y":"N","TransCab":"N","Route_Type":"Regular","STATUS":"ACTV"}},{"type":"Feature","id":4104,"geometry":{"type":"Point","coordinates":[-78.37725400000123,44.288169000002924]},"properties":{"OBJECTID":4104,"stop_id":"1283","stop_name":"Brealey at Sherbrooke","lines":"9 Parkhill (Westbound)","Shelter_Y":"N","TransCab":"N","Route_Type":"Regular","STATUS":"ACTV"}},{"type":"Feature","id":4500,"geometry":{"type":"Point","coordinates":[-78.320135000001258,44.288147000002887]},"properties":{"OBJECTID":4500,"stop_id":"1919","stop_name":"Lansdowne at Aylmer","lines":"7 Lansdowne (Eastbound)","Shelter_Y":"N","TransCab":"N","Route_Type":"Regular","STATUS":"ACTV"}},{"type":"Feature","id":4504,"geometry":{"type":"Point","coordinates":[-78.365850000001274,44.268084000002908]},"properties":{"OBJECTID":4504,"stop_id":"1895","stop_name":"Stenson at Centennial","lines":"6 Sherbrooke (Eastbound)","Shelter_Y":"N","TransCab":"N","Route_Type":"Regular","STATUS":"ACTV"}}]}